{"type": "FeatureCollection", "features": [{"type": "Feature", "properties": {"elev": 700.0, "index": false}, "geometry": {"type": "LineString", "coordinates": [[-111.06973, 32.37094], [-111.06904, 32.37114], [-111.06973, 32.37221]]}}, {"type": "Feature", "properties": {"elev": 700.0, "index": false}, "geometry": {"type": "LineString", "coordinates": [[-111.06973, 32.3073], [-111.06814, 32.30918], [-111.06878, 32.30727], [-111.06649, 32.30816], [-111.06686, 32.30684], [-111.06875, 32.30517], [-111.06792, 32.3049], [-111.06882, 32.30327], [-111.06782, 32.30312], [-111.06718, 32.3021], [-111.06686, 32.30396], [-111.06462, 32.30354], [-111.0643, 32.30456], [-111.06335, 32.3042], [-111.06239, 32.30539], [-111.06175, 32.30479], [-111.06047, 32.30535], [-111.06422, 32.30056], [-111.06111, 32.30077], [-111.06178, 32.29785], [-111.06047, 32.29812], [-111.06015, 32.29659], [-111.05728, 32.30083], [-111.0576, 32.29915], [-111.05437, 32.30029], [-111.05472, 32.29866], [-111.05748, 32.29595], [-111.05504, 32.29654], [-111.05548, 32.29567], [-111.05281, 32.29612], [-111.05281, 32.29534], [-111.05089, 32.29737], [-111.05025, 32.29629], [-111.0486, 32.29676], [-111.0544, 32.29293], [-111.05376, 32.29255], [-111.05153, 32.29378], [-111.05074, 32.2935], [-111.05069, 32.29242], [-111.05281, 32.29216], [-111.05376, 32.29093], [-111.05249, 32.29109], [-111.05089, 32.29015], [-111.04803, 32.29024], [-111.04984, 32.2897], [-111.04924, 32.28916], [-111.04961, 32.28775], [-111.04897, 32.28753], [-111.04674, 32.28842], [-111.04642, 32.28705], [-111.04578, 32.2881], [-111.04546, 32.28687], [-111.04482, 32.28885], [-111.04418, 32.2869], [-111.0429, 32.28814], [-111.04209, 32.2878], [-111.04307, 32.28726], [-111.04315, 32.2859], [-111.04464, 32.28427], [-111.04138, 32.28509], [-111.04478, 32.28292], [-111.04386, 32.28222], [-111.0429, 32.283], [-111.04181, 32.28292], [-111.04309, 32.28047], [-111.04195, 32.28019], [-111.03939, 32.28236], [-111.04064, 32.2802], [-111.03939, 32.28049], [-111.03939, 32.27814], [-111.03843, 32.28045], [-111.03811, 32.28002], [-111.03748, 32.28047], [-111.03812, 32.27776], [-111.03605, 32.27803], [-111.03875, 32.27608], [-111.03811, 32.27553], [-111.03512, 32.27586], [-111.03597, 32.27531], [-111.03453, 32.27531], [-111.03409, 32.27396], [-111.0346, 32.27298], [-111.03314, 32.27396], [-111.03268, 32.27516], [-111.03236, 32.27257], [-111.03169, 32.2726], [-111.03141, 32.27407], [-111.03077, 32.27342], [-111.02981, 32.27381], [-111.02981, 32.27275], [-111.03244, 32.27151], [-111.03205, 32.27112], [-111.03045, 32.27183], [-111.02981, 32.27113], [-111.02916, 32.27179], [-111.02894, 32.2707], [-111.03005, 32.27016], [-111.02853, 32.26987], [-111.02693, 32.27153], [-111.02678, 32.2707], [-111.02797, 32.26989], [-111.02594, 32.26989], [-111.02642, 32.26853], [-111.02566, 32.26769], [-111.02498, 32.26853], [-111.02422, 32.26717], [-111.02566, 32.26559], [-111.02357, 32.26636], [-111.02303, 32.26554], [-111.02395, 32.265], [-111.02303, 32.26473], [-111.02313, 32.26391], [-111.02246, 32.26452], [-111.02003, 32.26256], [-111.01921, 32.26011], [-111.02004, 32.25984], [-111.01944, 32.25957], [-111.02004, 32.25876], [-111.01895, 32.25853], [-111.01863, 32.25931], [-111.01754, 32.25794], [-111.01483, 32.25686], [-111.01379, 32.25496], [-111.0148, 32.25468], [-111.01288, 32.25437], [-111.01399, 32.25333], [-111.01256, 32.25282], [-111.01224, 32.25349], [-111.01192, 32.25148], [-111.0116, 32.253], [-111.01065, 32.2531], [-111.00681, 32.25102], [-111.00881, 32.2536], [-111.00807, 32.25577], [-111.00321, 32.25604], [-111.00074, 32.25513], [-110.99739, 32.25116], [-110.99732, 32.24735], [-110.9953, 32.24545], [-110.99138, 32.24545], [-110.995, 32.24579], [-110.99656, 32.24708], [-110.99671, 32.25143], [-110.99923, 32.25468], [-110.99888, 32.25577], [-111.00214, 32.25686], [-111.00011, 32.25726], [-111.00043, 32.25776], [-111.0032, 32.25767], [-111.00602, 32.26174], [-111.00617, 32.26318], [-111.00522, 32.26239], [-111.00522, 32.26317], [-111.0033, 32.26351], [-111.00333, 32.26744], [-111.00234, 32.26811], [-111.00211, 32.26934], [-110.99973, 32.26826], [-111.00138, 32.26961], [-111.00083, 32.27206], [-111.00362, 32.27531], [-111.003, 32.2764], [-111.00334, 32.27776], [-111.00517, 32.27857], [-111.0043, 32.28129], [-111.00745, 32.28163], [-111.00762, 32.28319], [-111.0066, 32.28454], [-111.00969, 32.28396], [-111.01046, 32.28509], [-111.00617, 32.28776], [-111.00458, 32.28702], [-111.00266, 32.28768], [-111.00106, 32.28707], [-111.00074, 32.28782], [-110.99627, 32.28688], [-110.99563, 32.2874], [-110.99468, 32.28657], [-110.99545, 32.28889], [-110.99436, 32.2883], [-110.99276, 32.28944], [-110.99116, 32.2893], [-110.99084, 32.28836], [-110.98829, 32.28867], [-110.98701, 32.2894], [-110.9864, 32.29079], [-110.98477, 32.29056], [-110.98222, 32.29242], [-110.98222, 32.29315], [-110.98415, 32.29323], [-110.98222, 32.29384], [-110.97775, 32.29368], [-110.9728, 32.29079], [-110.97743, 32.29441], [-110.9819, 32.29542], [-110.98658, 32.29432], [-110.98605, 32.29517], [-110.98282, 32.29567], [-110.98452, 32.29595], [-110.98316, 32.29649], [-110.98446, 32.29676], [-110.98393, 32.29812], [-110.98478, 32.29866], [-110.98444, 32.29947], [-110.98925, 32.30141], [-110.99308, 32.30154], [-110.99372, 32.30264], [-110.99691, 32.30459], [-110.99819, 32.30424], [-110.99883, 32.30534], [-111.00043, 32.30457], [-111.00011, 32.30634], [-111.00202, 32.30512], [-111.00249, 32.30545], [-111.00156, 32.3068], [-111.00362, 32.3072], [-111.00394, 32.30846], [-111.00458, 32.30787], [-111.00522, 32.3085], [-111.0071, 32.30789], [-111.00517, 32.30925], [-111.00883, 32.30898], [-111.00758, 32.31088], [-111.00843, 32.31223], [-111.01033, 32.31138], [-111.01192, 32.31331], [-111.0132, 32.31301], [-111.01343, 32.31522], [-111.01512, 32.31733], [-111.01608, 32.31635], [-111.01639, 32.31683], [-111.01703, 32.31637], [-111.01767, 32.31529], [-111.01799, 32.31586], [-111.01863, 32.31548], [-111.01799, 32.31704], [-111.01863, 32.31647], [-111.01927, 32.31762], [-111.01991, 32.31675], [-111.02076, 32.31793], [-111.01851, 32.31875], [-111.01888, 32.31983], [-111.02151, 32.31966], [-111.02114, 32.32092], [-111.02182, 32.32106], [-111.02342, 32.31996], [-111.02391, 32.32092], [-111.02263, 32.32146], [-111.02406, 32.32192], [-111.0263, 32.3213], [-111.02504, 32.32418], [-111.0287, 32.32418], [-111.02752, 32.32581], [-111.02853, 32.32782], [-111.03077, 32.32691], [-111.03202, 32.32825], [-111.03178, 32.32906], [-111.03332, 32.32888], [-111.03429, 32.33015], [-111.03588, 32.33028], [-111.03685, 32.33123], [-111.03647, 32.33232], [-111.03755, 32.33286], [-111.03683, 32.33422], [-111.03748, 32.33511], [-111.03424, 32.33558], [-111.03416, 32.33694], [-111.03289, 32.33775], [-111.03272, 32.33884], [-111.03064, 32.33992], [-111.02821, 32.34386], [-111.02683, 32.34481], [-111.02663, 32.34725], [-111.02383, 32.35078], [-111.02725, 32.34857], [-111.02947, 32.34997], [-111.02981, 32.35134], [-111.03077, 32.35058], [-111.03141, 32.35142], [-111.03811, 32.34716], [-111.04003, 32.3469], [-111.04354, 32.3451], [-111.0461, 32.34112], [-111.04706, 32.34131], [-111.04802, 32.34034], [-111.05165, 32.34481], [-111.05153, 32.34771], [-111.05041, 32.34807], [-111.05126, 32.34888], [-111.0506, 32.35024], [-111.05153, 32.35007], [-111.0544, 32.3521], [-111.05632, 32.3526], [-111.05721, 32.35377], [-111.05868, 32.35404], [-111.05807, 32.35431], [-111.05856, 32.35483], [-111.06015, 32.3548], [-111.06079, 32.35731], [-111.06303, 32.35751], [-111.06262, 32.35838], [-111.06438, 32.35919], [-111.06307, 32.35947], [-111.06335, 32.35989], [-111.0643, 32.35954], [-111.06515, 32.36001], [-111.06475, 32.36191], [-111.0659, 32.36518], [-111.06654, 32.36494], [-111.06752, 32.36625], [-111.06681, 32.36652], [-111.06787, 32.36788], [-111.06741, 32.36815], [-111.06864, 32.36951], [-111.06973, 32.36956]]}}, {"type": "Feature", "properties": {"elev": 700.0, "index": false}, "geometry": {"type": "LineString", "coordinates": [[-111.03396, 32.33052], [-111.03339, 32.33042], [-111.03396, 32.33052]]}}, {"type": "Feature", "properties": {"elev": 700.0, "index": false}, "geometry": {"type": "LineString", "coordinates": [[-111.03013, 32.32676], [-111.02952, 32.32662], [-111.03013, 32.32676]]}}, {"type": "Feature", "properties": {"elev": 700.0, "index": false}, "geometry": {"type": "LineString", "coordinates": [[-111.01448, 32.31421], [-111.01448, 32.31375], [-111.01448, 32.31421]]}}, {"type": "Feature", "properties": {"elev": 700.0, "index": false}, "geometry": {"type": "LineString", "coordinates": [[-111.01065, 32.31119], [-111.01134, 32.31088], [-111.01065, 32.31119]]}}, {"type": "Feature", "properties": {"elev": 700.0, "index": false}, "geometry": {"type": "LineString", "coordinates": [[-111.05313, 32.29761], [-111.05472, 32.29675], [-111.05313, 32.29761]]}}, {"type": "Feature", "properties": {"elev": 700.0, "index": false}, "geometry": {"type": "LineString", "coordinates": [[-110.98126, 32.29606], [-110.98158, 32.29565], [-110.98126, 32.29606]]}}, {"type": "Feature", "properties": {"elev": 700.0, "index": false}, "geometry": {"type": "LineString", "coordinates": [[-110.97232, 32.29036], [-110.97232, 32.29036]]}}, {"type": "Feature", "properties": {"elev": 700.0, "index": false}, "geometry": {"type": "LineString", "coordinates": [[-111.00426, 32.28754], [-111.00426, 32.28754]]}}, {"type": "Feature", "properties": {"elev": 700.0, "index": false}, "geometry": {"type": "LineString", "coordinates": [[-111.00074, 32.28704], [-111.0002, 32.28699], [-111.00074, 32.28704]]}}, {"type": "Feature", "properties": {"elev": 700.0, "index": false}, "geometry": {"type": "LineString", "coordinates": [[-111.01065, 32.27245], [-111.0081, 32.27233], [-111.00958, 32.27179], [-111.00969, 32.27102], [-111.01065, 32.27245]]}}, {"type": "Feature", "properties": {"elev": 700.0, "index": false}, "geometry": {"type": "LineString", "coordinates": [[-111.0116, 32.27212], [-111.01097, 32.27115], [-111.01205, 32.27151], [-111.0116, 32.27212]]}}, {"type": "Feature", "properties": {"elev": 700.0, "index": false}, "geometry": {"type": "LineString", "coordinates": [[-110.99947, 32.26789], [-110.9987, 32.26717], [-110.99947, 32.26789]]}}, {"type": "Feature", "properties": {"elev": 700.0, "index": false}, "geometry": {"type": "LineString", "coordinates": [[-111.01512, 32.26512], [-111.01452, 32.265], [-111.01512, 32.26512]]}}, {"type": "Feature", "properties": {"elev": 700.0, "index": false}, "geometry": {"type": "LineString", "coordinates": [[-111.0148, 32.26365], [-111.01284, 32.26337], [-111.01256, 32.2621], [-111.01448, 32.26208], [-111.01527, 32.2631], [-111.0148, 32.26365]]}}, {"type": "Feature", "properties": {"elev": 700.0, "index": false}, "geometry": {"type": "LineString", "coordinates": [[-111.00394, 32.26272], [-111.00394, 32.26272]]}}, {"type": "Feature", "properties": {"elev": 700.0, "index": false}, "geometry": {"type": "LineString", "coordinates": [[-111.01544, 32.25579], [-111.01453, 32.25577], [-111.01544, 32.25579]]}}, {"type": "Feature", "properties": {"elev": 700.0, "index": false}, "geometry": {"type": "LineString", "coordinates": [[-110.99084, 32.24519], [-110.99084, 32.24519]]}}, {"type": "Feature", "properties": {"elev": 700.0, "index": false}, "geometry": {"type": "LineString", "coordinates": [[-110.9902, 32.24493], [-110.9902, 32.24493]]}}, {"type": "Feature", "properties": {"elev": 800.0, "index": false}, "geometry": {"type": "LineString", "coordinates": [[-111.06973, 32.25635], [-111.06941, 32.25526], [-111.06801, 32.25523], [-111.06846, 32.25448], [-111.06973, 32.25458]]}}, {"type": "Feature", "properties": {"elev": 800.0, "index": false}, "geometry": {"type": "LineString", "coordinates": [[-111.06973, 32.25061], [-111.06878, 32.25209], [-111.06803, 32.25007], [-111.06666, 32.2517], [-111.06638, 32.2536], [-111.06462, 32.25326], [-111.0643, 32.25251], [-111.0651, 32.25197], [-111.06447, 32.25116], [-111.0659, 32.25073], [-111.06664, 32.24953], [-111.06526, 32.24925], [-111.06534, 32.24844], [-111.06651, 32.2479], [-111.06622, 32.24713], [-111.06868, 32.24681], [-111.06718, 32.24605], [-111.06718, 32.24541], [-111.06584, 32.246], [-111.06577, 32.24464], [-111.06515, 32.24437], [-111.06599, 32.24138], [-111.06482, 32.24084], [-111.06543, 32.23975], [-111.06398, 32.2387], [-111.06413, 32.23785], [-111.06342, 32.23813], [-111.06452, 32.2365], [-111.06322, 32.23622], [-111.06347, 32.23541], [-111.06207, 32.23464], [-111.06143, 32.23328], [-111.06079, 32.23474], [-111.05951, 32.23553], [-111.05824, 32.23512], [-111.05824, 32.23407], [-111.05696, 32.23377], [-111.05632, 32.2346], [-111.05664, 32.23632], [-111.05472, 32.2353], [-111.05089, 32.23511], [-111.05025, 32.23375], [-111.04961, 32.23446], [-111.04865, 32.23372], [-111.04897, 32.23738], [-111.04699, 32.23704], [-111.04779, 32.23405], [-111.04482, 32.23692], [-111.0434, 32.2365], [-111.04514, 32.23514], [-111.0437, 32.23405], [-111.04227, 32.2334], [-111.04163, 32.2346], [-111.04005, 32.23405], [-111.04099, 32.23145], [-111.04354, 32.23254], [-111.04599, 32.23134], [-111.04259, 32.2284], [-111.04099, 32.22809], [-111.04067, 32.22696], [-111.03997, 32.227], [-111.04052, 32.2251], [-111.03998, 32.22455], [-111.0406, 32.22401], [-111.03976, 32.22238], [-111.04028, 32.22184], [-111.03907, 32.2221], [-111.03677, 32.22129], [-111.03779, 32.22009], [-111.03907, 32.22098], [-111.04137, 32.21885], [-111.04024, 32.21804], [-111.04097, 32.21722], [-111.04015, 32.21668], [-111.04116, 32.21478], [-111.03922, 32.21397], [-111.04099, 32.21327], [-111.04227, 32.21406], [-111.04307, 32.21207], [-111.04099, 32.21179], [-111.04081, 32.21098], [-111.04163, 32.21028], [-111.03875, 32.2086], [-111.03786, 32.20962], [-111.03866, 32.21044], [-111.03811, 32.21079], [-111.03712, 32.21017], [-111.03716, 32.21174], [-111.03652, 32.21119], [-111.03438, 32.21152], [-111.0354, 32.20989], [-111.03396, 32.20853], [-111.03652, 32.20886], [-111.03737, 32.20799], [-111.03716, 32.20696], [-111.0392, 32.20636], [-111.03811, 32.2045], [-111.03588, 32.20454], [-111.03511, 32.20365], [-111.03759, 32.20229], [-111.03756, 32.20094], [-111.03492, 32.20162], [-111.03362, 32.20094], [-111.03492, 32.20029], [-111.03277, 32.19985], [-111.03396, 32.19879], [-111.03748, 32.19953], [-111.03768, 32.19822], [-111.03698, 32.19768]]}}, {"type": "Feature", "properties": {"elev": 800.0, "index": false}, "geometry": {"type": "LineString", "coordinates": [[-111.02783, 32.19768], [-111.0263, 32.19843], [-111.02546, 32.19768]]}}, {"type": "Feature", "properties": {"elev": 800.0, "index": false}, "geometry": {"type": "LineString", "coordinates": [[-110.86515, 32.19768], [-110.85939, 32.20202], [-110.85895, 32.20338], [-110.85734, 32.20464], [-110.85452, 32.20528], [-110.85286, 32.20736], [-110.85127, 32.20721], [-110.84999, 32.208], [-110.84967, 32.20756], [-110.84839, 32.20951], [-110.84648, 32.20992], [-110.84584, 32.21331], [-110.84359, 32.21152], [-110.84424, 32.21085], [-110.84229, 32.21071], [-110.84271, 32.21261], [-110.84137, 32.21326], [-110.84039, 32.21315], [-110.83945, 32.21156], [-110.83809, 32.21288], [-110.83898, 32.21722], [-110.83753, 32.21797], [-110.83658, 32.21663], [-110.83146, 32.21466], [-110.82891, 32.21213], [-110.82828, 32.20799], [-110.82736, 32.20664], [-110.82763, 32.2035], [-110.82655, 32.20446], [-110.82727, 32.20338], [-110.82604, 32.20272], [-110.82508, 32.20338], [-110.82537, 32.20284], [-110.8238, 32.20223], [-110.82348, 32.20101], [-110.82304, 32.20229], [-110.82156, 32.2024], [-110.81775, 32.20012], [-110.82327, 32.20582], [-110.8212, 32.20609], [-110.81997, 32.20726], [-110.81881, 32.20935], [-110.8188, 32.21207], [-110.81796, 32.21261], [-110.81965, 32.21804], [-110.81926, 32.21939], [-110.82061, 32.22198], [-110.81869, 32.22348], [-110.81677, 32.22228], [-110.81677, 32.22406], [-110.81279, 32.22564], [-110.81259, 32.22781], [-110.81342, 32.22917], [-110.81102, 32.22852], [-110.81147, 32.22998], [-110.81038, 32.23128], [-110.80687, 32.22913], [-110.80624, 32.23161], [-110.80529, 32.23134], [-110.80527, 32.23332], [-110.80388, 32.2327], [-110.80304, 32.23051], [-110.80144, 32.23161], [-110.80048, 32.23169], [-110.79984, 32.23085], [-110.79825, 32.2312], [-110.79857, 32.23215], [-110.79665, 32.23302], [-110.79633, 32.23194], [-110.79569, 32.23199], [-110.79537, 32.2327], [-110.79401, 32.2327], [-110.7941, 32.23331], [-110.7909, 32.23289], [-110.7893, 32.2338], [-110.78739, 32.23329], [-110.78739, 32.23264], [-110.78483, 32.23261], [-110.78419, 32.23354], [-110.78196, 32.23245], [-110.77717, 32.23244], [-110.77621, 32.23175], [-110.77461, 32.23267], [-110.77174, 32.23215], [-110.7711, 32.23306], [-110.7695, 32.23199], [-110.76886, 32.23258], [-110.76791, 32.23211], [-110.76759, 32.23272], [-110.76567, 32.23256], [-110.76279, 32.23382], [-110.76216, 32.23352], [-110.7612, 32.23466], [-110.76024, 32.23446], [-110.75928, 32.23604], [-110.75225, 32.23813], [-110.74812, 32.24084], [-110.74267, 32.24221], [-110.74235, 32.24312], [-110.74171, 32.24224], [-110.73948, 32.24277], [-110.73756, 32.24129], [-110.73533, 32.24102], [-110.73725, 32.2422], [-110.73527, 32.2422], [-110.73885, 32.24437], [-110.7366, 32.24499], [-110.73749, 32.24573], [-110.73626, 32.246], [-110.73852, 32.24687], [-110.74023, 32.2498], [-110.74491, 32.25066], [-110.74651, 32.25196], [-110.74778, 32.25188], [-110.74829, 32.25088], [-110.7497, 32.2503], [-110.75289, 32.25072], [-110.75289, 32.25134], [-110.75505, 32.25116], [-110.7531, 32.25387], [-110.75277, 32.25604], [-110.75449, 32.2577], [-110.75572, 32.25767], [-110.75641, 32.2585], [-110.758, 32.25824], [-110.75902, 32.25903], [-110.75577, 32.26069], [-110.75864, 32.26049], [-110.76152, 32.25762], [-110.76503, 32.25927], [-110.76791, 32.25738], [-110.76774, 32.25957], [-110.77082, 32.25957], [-110.77046, 32.26236], [-110.77142, 32.26301], [-110.77296, 32.26201], [-110.77461, 32.26424], [-110.77685, 32.26502], [-110.77709, 32.25903], [-110.77813, 32.25773], [-110.77908, 32.25837], [-110.7801, 32.25441], [-110.78081, 32.25441], [-110.78132, 32.25776], [-110.78292, 32.25623], [-110.78324, 32.2593], [-110.78547, 32.25721], [-110.7893, 32.25602], [-110.78757, 32.25821], [-110.78967, 32.25876], [-110.78856, 32.25957], [-110.7896, 32.26066], [-110.78978, 32.26228], [-110.78754, 32.26826], [-110.78547, 32.26986], [-110.78036, 32.2688], [-110.7799, 32.27016], [-110.78063, 32.2707], [-110.7803, 32.2726], [-110.78292, 32.27234], [-110.78387, 32.27376], [-110.78451, 32.27327], [-110.78535, 32.27369], [-110.78643, 32.27539], [-110.78867, 32.27558], [-110.78825, 32.27749], [-110.79001, 32.27776], [-110.78899, 32.27805], [-110.78867, 32.27947], [-110.78739, 32.27922], [-110.78515, 32.28315], [-110.78384, 32.28292], [-110.78362, 32.28346], [-110.78515, 32.2841], [-110.78643, 32.28568], [-110.78867, 32.28628], [-110.78911, 32.2878], [-110.79058, 32.28761], [-110.79154, 32.28875], [-110.79218, 32.28813], [-110.79314, 32.28874], [-110.79314, 32.28991], [-110.7938, 32.28997], [-110.79259, 32.29079], [-110.79284, 32.29133], [-110.79761, 32.29421], [-110.79915, 32.29405], [-110.79921, 32.28952], [-110.80048, 32.29027], [-110.80144, 32.28987], [-110.80208, 32.29062], [-110.80103, 32.2916], [-110.80297, 32.29187], [-110.8017, 32.29377], [-110.80304, 32.29372], [-110.80247, 32.29486], [-110.8029, 32.29622], [-110.80518, 32.2973], [-110.80496, 32.29974], [-110.80559, 32.30058], [-110.80591, 32.29985], [-110.80655, 32.30057], [-110.80783, 32.29975], [-110.81038, 32.30277], [-110.81102, 32.30218], [-110.81166, 32.30269], [-110.81204, 32.30165], [-110.81106, 32.29975], [-110.81216, 32.29812], [-110.81166, 32.29646], [-110.81303, 32.29676], [-110.81179, 32.29486], [-110.81217, 32.29405], [-110.81133, 32.2935], [-110.81175, 32.29269], [-110.81091, 32.28834], [-110.81208, 32.28563], [-110.81097, 32.28373], [-110.81315, 32.28292], [-110.81278, 32.28183], [-110.8139, 32.28216], [-110.81486, 32.28152], [-110.81504, 32.28237], [-110.81581, 32.2824], [-110.81837, 32.2787], [-110.81965, 32.27874], [-110.81997, 32.27959], [-110.82316, 32.27841], [-110.82444, 32.27854], [-110.82572, 32.27753], [-110.82795, 32.27745], [-110.82859, 32.27799], [-110.83146, 32.27652], [-110.83314, 32.27694], [-110.83202, 32.27939], [-110.83418, 32.27912], [-110.83423, 32.28074], [-110.83035, 32.28509], [-110.83242, 32.28421], [-110.8323, 32.28563], [-110.82736, 32.29242], [-110.82748, 32.29513], [-110.82891, 32.29727], [-110.82987, 32.29712], [-110.83038, 32.29269], [-110.83164, 32.29269], [-110.8321, 32.29185], [-110.83338, 32.29244], [-110.83434, 32.292], [-110.83466, 32.29337], [-110.83562, 32.29214], [-110.83721, 32.2923], [-110.83682, 32.2897], [-110.83753, 32.28977], [-110.838, 32.28834], [-110.83753, 32.28745], [-110.83785, 32.28714], [-110.83881, 32.28805], [-110.83923, 32.28753], [-110.84156, 32.2802], [-110.8452, 32.27654], [-110.84476, 32.28102], [-110.84634, 32.28047], [-110.8468, 32.28183], [-110.84777, 32.27857], [-110.84903, 32.2779], [-110.84999, 32.27909], [-110.85263, 32.27667], [-110.8535, 32.27661], [-110.85113, 32.28237], [-110.85638, 32.27884], [-110.85558, 32.28482], [-110.85638, 32.28461], [-110.85861, 32.28128], [-110.85984, 32.28373], [-110.85883, 32.2859], [-110.86021, 32.28638], [-110.86215, 32.28482], [-110.86168, 32.27912], [-110.86468, 32.27644], [-110.86602, 32.27721], [-110.86452, 32.2802], [-110.86732, 32.27884], [-110.86523, 32.2821], [-110.86692, 32.28123], [-110.86736, 32.28156], [-110.86589, 32.284], [-110.86596, 32.2852], [-110.86692, 32.28388], [-110.86692, 32.28539], [-110.86788, 32.28467], [-110.86979, 32.27986], [-110.87075, 32.28034], [-110.86946, 32.28454], [-110.87018, 32.28563], [-110.86941, 32.28644], [-110.87043, 32.28643], [-110.87043, 32.28761], [-110.87139, 32.28782], [-110.87182, 32.28509], [-110.87299, 32.28491], [-110.87234, 32.28889], [-110.87343, 32.2897], [-110.87267, 32.29049], [-110.87554, 32.2898], [-110.87746, 32.28759], [-110.87842, 32.28788], [-110.87816, 32.28644], [-110.87905, 32.28565], [-110.87983, 32.2859], [-110.87922, 32.28672], [-110.88004, 32.28699], [-110.88001, 32.28948], [-110.88129, 32.28795], [-110.88168, 32.28834], [-110.88097, 32.29157], [-110.88512, 32.28882], [-110.88448, 32.29162], [-110.88608, 32.29043], [-110.88672, 32.29185], [-110.888, 32.29158], [-110.88832, 32.29021], [-110.8895, 32.29052], [-110.89055, 32.2923], [-110.89215, 32.29119], [-110.89228, 32.29187], [-110.89074, 32.2935], [-110.89151, 32.29502], [-110.89148, 32.29377], [-110.89215, 32.2934], [-110.89343, 32.29483], [-110.89451, 32.29323], [-110.89471, 32.29521], [-110.89618, 32.2935], [-110.89505, 32.2973], [-110.89393, 32.29757], [-110.89502, 32.29871], [-110.89758, 32.29795], [-110.90038, 32.29866], [-110.90141, 32.3], [-110.90301, 32.29945], [-110.90397, 32.30039], [-110.90451, 32.29947], [-110.90387, 32.29676], [-110.90493, 32.2954], [-110.90445, 32.29676], [-110.9051, 32.29975], [-110.90423, 32.30137], [-110.9042, 32.30382], [-110.90493, 32.30547], [-110.90658, 32.30436], [-110.90666, 32.30572], [-110.90548, 32.30708], [-110.9062, 32.30741], [-110.90716, 32.30711], [-110.90821, 32.30545], [-110.90844, 32.30248], [-110.90779, 32.30219], [-110.90756, 32.30002], [-110.90798, 32.29975], [-110.90844, 32.30168], [-110.91004, 32.29758], [-110.91084, 32.29866], [-110.91034, 32.30083], [-110.91217, 32.29947], [-110.91176, 32.30219], [-110.91262, 32.30192], [-110.91063, 32.30355], [-110.91004, 32.30659], [-110.91355, 32.30436], [-110.91387, 32.30574], [-110.91866, 32.30057], [-110.91898, 32.30107], [-110.91994, 32.30056], [-110.92015, 32.30192], [-110.91936, 32.30246], [-110.92002, 32.30327], [-110.91846, 32.30409], [-110.91911, 32.30436], [-110.91884, 32.3049], [-110.91736, 32.30545], [-110.91738, 32.30631], [-110.91454, 32.3087], [-110.91539, 32.30979], [-110.91834, 32.30758], [-110.91866, 32.30908], [-110.91999, 32.30626], [-110.92217, 32.30488], [-110.92281, 32.30474], [-110.92299, 32.30545], [-110.92128, 32.30708], [-110.92122, 32.30871], [-110.92249, 32.30696], [-110.92281, 32.30803], [-110.92409, 32.30653], [-110.9252, 32.30626], [-110.92473, 32.30772], [-110.92856, 32.3057], [-110.92594, 32.31006], [-110.92735, 32.31033], [-110.92404, 32.31332], [-110.92409, 32.31407], [-110.92505, 32.31371], [-110.92537, 32.3144], [-110.92984, 32.31185], [-110.9276, 32.31518], [-110.92824, 32.31485], [-110.92856, 32.31533], [-110.9292, 32.31434], [-110.93016, 32.31497], [-110.93463, 32.31173], [-110.93514, 32.31223], [-110.93394, 32.31413], [-110.93431, 32.31519], [-110.93559, 32.31372], [-110.93655, 32.31394], [-110.93687, 32.31495], [-110.93814, 32.3145], [-110.93878, 32.31759], [-110.9407, 32.31676], [-110.9407, 32.31739], [-110.94251, 32.31848], [-110.94229, 32.31929], [-110.94357, 32.31962], [-110.94389, 32.32103], [-110.94549, 32.32114], [-110.94667, 32.32228], [-110.94699, 32.32581], [-110.94804, 32.32567], [-110.94856, 32.32445], [-110.94996, 32.32385], [-110.95028, 32.32616], [-110.9522, 32.32381], [-110.95236, 32.32662], [-110.95171, 32.32771], [-110.95347, 32.32729], [-110.95307, 32.32798], [-110.95406, 32.32879], [-110.95552, 32.32879], [-110.95489, 32.33096], [-110.95603, 32.33034], [-110.95635, 32.33136], [-110.95836, 32.33069], [-110.95683, 32.33314], [-110.95922, 32.33276], [-110.9589, 32.33399], [-110.96082, 32.33324], [-110.95986, 32.3357], [-110.96274, 32.3342], [-110.96242, 32.33567], [-110.96364, 32.33639], [-110.96529, 32.33554], [-110.96496, 32.33639], [-110.967, 32.33938], [-110.96904, 32.33938], [-110.96791, 32.34074], [-110.9686, 32.34128], [-110.96817, 32.34339], [-110.96976, 32.342], [-110.9706, 32.34209], [-110.97106, 32.34345], [-110.97298, 32.34318], [-110.97177, 32.34508], [-110.96973, 32.34562], [-110.97089, 32.34616], [-110.96948, 32.34725], [-110.97146, 32.34997], [-110.97163, 32.35132], [-110.97065, 32.35241], [-110.97195, 32.35512], [-110.97241, 32.36028], [-110.96911, 32.36842], [-110.96992, 32.37141], [-110.9682, 32.37548], [-110.96677, 32.3763], [-110.96542, 32.37874], [-110.96627, 32.38064], [-110.96561, 32.38505], [-110.96306, 32.38597], [-110.96306, 32.38653], [-110.95954, 32.38563], [-110.95916, 32.38634], [-110.9602, 32.38743], [-110.95954, 32.38728], [-110.95922, 32.38797], [-110.95507, 32.3879], [-110.95536, 32.38906], [-110.95668, 32.3896], [-110.95721, 32.39068], [-110.9597, 32.3915], [-110.95767, 32.39177], [-110.95906, 32.39286], [-110.9579, 32.39313], [-110.95845, 32.39394], [-110.95763, 32.39388], [-110.95667, 32.39506], [-110.95588, 32.39204], [-110.95379, 32.39147], [-110.95485, 32.39476], [-110.95358, 32.39448], [-110.95386, 32.39557], [-110.95315, 32.39638], [-110.9522, 32.39488], [-110.95124, 32.39587], [-110.9499, 32.3953], [-110.95004, 32.39584], [-110.94835, 32.39693], [-110.94973, 32.39801], [-110.94734, 32.39883], [-110.94932, 32.39937], [-110.94839, 32.39991], [-110.94868, 32.40055], [-110.9455, 32.40154], [-110.94453, 32.40271], [-110.94065, 32.40317], [-110.9414, 32.40453], [-110.93974, 32.40667], [-110.93868, 32.40697], [-110.94035, 32.40806], [-110.94006, 32.40869], [-110.94242, 32.40914], [-110.941, 32.41077], [-110.94187, 32.41159], [-110.94141, 32.41267], [-110.94208, 32.41267], [-110.94198, 32.41407], [-110.94261, 32.41295], [-110.94613, 32.41193], [-110.94804, 32.41026], [-110.94868, 32.41156], [-110.94996, 32.41089], [-110.9495, 32.40941], [-110.95028, 32.40879], [-110.95092, 32.41027], [-110.95347, 32.40816], [-110.9527, 32.40969], [-110.95367, 32.40996], [-110.95411, 32.41127], [-110.95575, 32.4105], [-110.95603, 32.40884], [-110.95699, 32.40982], [-110.95855, 32.4067], [-110.95912, 32.40697], [-110.95954, 32.4062], [-110.96031, 32.40643], [-110.95922, 32.40788], [-110.96114, 32.40866], [-110.96242, 32.40822], [-110.96306, 32.40697], [-110.96215, 32.40534], [-110.96274, 32.40425], [-110.96259, 32.40561], [-110.96369, 32.40737], [-110.96657, 32.40617], [-110.96689, 32.40461], [-110.96817, 32.4045], [-110.9688, 32.4065], [-110.96959, 32.40399], [-110.97028, 32.40399], [-110.97008, 32.40543], [-110.97104, 32.40423], [-110.97104, 32.40786], [-110.97328, 32.40802], [-110.97317, 32.40697], [-110.97392, 32.40612], [-110.97423, 32.40671], [-110.97519, 32.40362], [-110.97583, 32.40378], [-110.97615, 32.40648], [-110.97679, 32.40631], [-110.97711, 32.40466], [-110.97807, 32.40646], [-110.9791, 32.40534], [-110.97903, 32.40406], [-110.97935, 32.40464], [-110.97998, 32.40364], [-110.98126, 32.40568], [-110.98286, 32.40566], [-110.98345, 32.40507], [-110.98269, 32.40344], [-110.9835, 32.40242], [-110.98382, 32.40356], [-110.98446, 32.40269], [-110.98477, 32.40395], [-110.98605, 32.40412], [-110.98573, 32.40282], [-110.98733, 32.40312], [-110.98893, 32.40132], [-110.99042, 32.401], [-110.98989, 32.40012], [-110.99121, 32.40073], [-110.99146, 32.39991], [-110.99017, 32.39883], [-110.99244, 32.39942], [-110.99212, 32.39876], [-110.99308, 32.39902], [-110.9934, 32.39851], [-110.99309, 32.40209], [-110.99531, 32.40307], [-110.99691, 32.40003], [-110.99787, 32.40103], [-110.99819, 32.40008], [-110.99979, 32.39964], [-111.00106, 32.40132], [-111.0017, 32.39668], [-111.00298, 32.39853], [-111.00458, 32.39649], [-111.00458, 32.39774], [-111.00554, 32.3986], [-111.00585, 32.39708], [-111.00649, 32.39738], [-111.00681, 32.39608], [-111.00745, 32.39595], [-111.00666, 32.39828], [-111.00745, 32.39896], [-111.00873, 32.39774], [-111.00905, 32.39894], [-111.01041, 32.39883], [-111.0116, 32.39787], [-111.01192, 32.39883], [-111.01288, 32.39766], [-111.01384, 32.40058], [-111.01576, 32.39881], [-111.01727, 32.401], [-111.01895, 32.4012], [-111.01991, 32.39963], [-111.02119, 32.40011], [-111.02246, 32.39965], [-111.0263, 32.40221], [-111.02949, 32.40214], [-111.03055, 32.40344], [-111.0328, 32.40426], [-111.033, 32.40511], [-111.03698, 32.40616], [-111.03811, 32.40777], [-111.03971, 32.40815], [-111.03971, 32.40889], [-111.04195, 32.40903], [-111.04384, 32.40996], [-111.04386, 32.41093], [-111.04929, 32.4137], [-111.05185, 32.41669], [-111.05376, 32.41699], [-111.05632, 32.41904], [-111.05983, 32.4194], [-111.05983, 32.41999], [-111.06271, 32.4219], [-111.06294, 32.42353], [-111.06642, 32.42543], [-111.06651, 32.42652], [-111.06941, 32.42777], [-111.06973, 32.42863]]}}, {"type": "Feature", "properties": {"elev": 800.0, "index": false}, "geometry": {"type": "LineString", "coordinates": [[-110.97168, 32.40481], [-110.97168, 32.40481]]}}, {"type": "Feature", "properties": {"elev": 800.0, "index": false}, "geometry": {"type": "LineString", "coordinates": [[-110.99308, 32.40303], [-110.99308, 32.40245], [-110.99308, 32.40303]]}}, {"type": "Feature", "properties": {"elev": 800.0, "index": false}, "geometry": {"type": "LineString", "coordinates": [[-110.98669, 32.40261], [-110.98669, 32.40204], [-110.98669, 32.40261]]}}, {"type": "Feature", "properties": {"elev": 800.0, "index": false}, "geometry": {"type": "LineString", "coordinates": [[-111.01767, 32.40059], [-111.01767, 32.40018], [-111.01767, 32.40059]]}}, {"type": "Feature", "properties": {"elev": 800.0, "index": false}, "geometry": {"type": "LineString", "coordinates": [[-111.00969, 32.39812], [-111.00937, 32.39719], [-111.00969, 32.39812]]}}, {"type": "Feature", "properties": {"elev": 800.0, "index": false}, "geometry": {"type": "LineString", "coordinates": [[-111.00266, 32.39676], [-111.00266, 32.39628], [-111.00266, 32.39676]]}}, {"type": "Feature", "properties": {"elev": 800.0, "index": false}, "geometry": {"type": "LineString", "coordinates": [[-110.96976, 32.36517], [-110.96976, 32.36517]]}}, {"type": "Feature", "properties": {"elev": 800.0, "index": false}, "geometry": {"type": "LineString", "coordinates": [[-110.9704, 32.36392], [-110.9704, 32.36392]]}}, {"type": "Feature", "properties": {"elev": 800.0, "index": false}, "geometry": {"type": "LineString", "coordinates": [[-110.92345, 32.31481], [-110.92345, 32.31434], [-110.92345, 32.31481]]}}, {"type": "Feature", "properties": {"elev": 800.0, "index": false}, "geometry": {"type": "LineString", "coordinates": [[-110.91259, 32.30425], [-110.91146, 32.30409], [-110.91259, 32.30379], [-110.91259, 32.30425]]}}, {"type": "Feature", "properties": {"elev": 800.0, "index": false}, "geometry": {"type": "LineString", "coordinates": [[-110.91451, 32.30252], [-110.91451, 32.30191], [-110.91451, 32.30252]]}}, {"type": "Feature", "properties": {"elev": 800.0, "index": false}, "geometry": {"type": "LineString", "coordinates": [[-110.91483, 32.30139], [-110.91444, 32.30083], [-110.91515, 32.29995], [-110.91483, 32.30139]]}}, {"type": "Feature", "properties": {"elev": 800.0, "index": false}, "geometry": {"type": "LineString", "coordinates": [[-110.90588, 32.29948], [-110.90588, 32.29948]]}}, {"type": "Feature", "properties": {"elev": 800.0, "index": false}, "geometry": {"type": "LineString", "coordinates": [[-110.89375, 32.29168], [-110.89375, 32.29168]]}}, {"type": "Feature", "properties": {"elev": 800.0, "index": false}, "geometry": {"type": "LineString", "coordinates": [[-110.89055, 32.29055], [-110.89055, 32.29055]]}}, {"type": "Feature", "properties": {"elev": 800.0, "index": false}, "geometry": {"type": "LineString", "coordinates": [[-110.79218, 32.28806], [-110.7924, 32.28699], [-110.79346, 32.28694], [-110.79218, 32.28806]]}}, {"type": "Feature", "properties": {"elev": 800.0, "index": false}, "geometry": {"type": "LineString", "coordinates": [[-110.79026, 32.27759], [-110.79058, 32.27694], [-110.79026, 32.27759]]}}, {"type": "Feature", "properties": {"elev": 800.0, "index": false}, "geometry": {"type": "LineString", "coordinates": [[-111.06941, 32.24687], [-111.06893, 32.24681], [-111.06941, 32.24687]]}}, {"type": "Feature", "properties": {"elev": 800.0, "index": false}, "geometry": {"type": "LineString", "coordinates": [[-111.05504, 32.245], [-111.05217, 32.24353], [-111.0478, 32.24247], [-111.04961, 32.24171], [-111.05344, 32.24317], [-111.0544, 32.24276], [-111.05474, 32.24383], [-111.05606, 32.24437], [-111.05504, 32.245]]}}, {"type": "Feature", "properties": {"elev": 800.0, "index": false}, "geometry": {"type": "LineString", "coordinates": [[-110.73501, 32.24085], [-110.73501, 32.24085]]}}, {"type": "Feature", "properties": {"elev": 800.0, "index": false}, "geometry": {"type": "LineString", "coordinates": [[-111.06271, 32.23879], [-111.06224, 32.23867], [-111.06271, 32.23879]]}}, {"type": "Feature", "properties": {"elev": 800.0, "index": false}, "geometry": {"type": "LineString", "coordinates": [[-111.05887, 32.23712], [-111.05824, 32.23729], [-111.05824, 32.23652], [-111.05887, 32.23712]]}}, {"type": "Feature", "properties": {"elev": 800.0, "index": false}, "geometry": {"type": "LineString", "coordinates": [[-111.03875, 32.2319], [-111.03563, 32.2308], [-111.0362, 32.22944], [-111.03532, 32.22862], [-111.03748, 32.22807], [-111.03843, 32.22866], [-111.03982, 32.22835], [-111.03922, 32.22998], [-111.03994, 32.2308], [-111.03875, 32.2319]]}}, {"type": "Feature", "properties": {"elev": 800.0, "index": false}, "geometry": {"type": "LineString", "coordinates": [[-111.0346, 32.23111], [-111.03398, 32.23107], [-111.0346, 32.23111]]}}, {"type": "Feature", "properties": {"elev": 800.0, "index": false}, "geometry": {"type": "LineString", "coordinates": [[-111.03716, 32.22683], [-111.03748, 32.22641], [-111.03716, 32.22683]]}}, {"type": "Feature", "properties": {"elev": 800.0, "index": false}, "geometry": {"type": "LineString", "coordinates": [[-110.8123, 32.22574], [-110.8123, 32.22527], [-110.8123, 32.22574]]}}, {"type": "Feature", "properties": {"elev": 800.0, "index": false}, "geometry": {"type": "LineString", "coordinates": [[-111.00458, 32.22099], [-111.0025, 32.21994], [-111.00173, 32.21397], [-111.00217, 32.21098], [-111.00043, 32.21123], [-110.99851, 32.20959], [-110.99627, 32.20965], [-110.9918, 32.21241], [-110.99027, 32.21098], [-110.99099, 32.20881], [-110.99531, 32.20751], [-110.99851, 32.20906], [-111.00882, 32.21017], [-111.01028, 32.21179], [-111.01065, 32.21342], [-111.00957, 32.21505], [-111.00963, 32.21641], [-111.00777, 32.21836], [-111.00617, 32.21827], [-111.00585, 32.21903], [-111.00451, 32.21858], [-111.00458, 32.22099]]}}, {"type": "Feature", "properties": {"elev": 800.0, "index": false}, "geometry": {"type": "LineString", "coordinates": [[-111.03364, 32.21891], [-111.03173, 32.21849], [-111.03147, 32.21641], [-111.03268, 32.21599], [-111.03466, 32.21641], [-111.03364, 32.21891]]}}, {"type": "Feature", "properties": {"elev": 800.0, "index": false}, "geometry": {"type": "LineString", "coordinates": [[-110.99883, 32.21617], [-110.99758, 32.21587], [-110.99819, 32.21486], [-110.99883, 32.21617]]}}, {"type": "Feature", "properties": {"elev": 800.0, "index": false}, "geometry": {"type": "LineString", "coordinates": [[-111.0346, 32.21557], [-111.0346, 32.21502], [-111.0346, 32.21557]]}}, {"type": "Feature", "properties": {"elev": 800.0, "index": false}, "geometry": {"type": "LineString", "coordinates": [[-111.02981, 32.21386], [-111.02644, 32.21098], [-111.02672, 32.20935], [-111.02789, 32.2082], [-111.03308, 32.20989], [-111.03123, 32.21098], [-111.02981, 32.21386]]}}, {"type": "Feature", "properties": {"elev": 800.0, "index": false}, "geometry": {"type": "LineString", "coordinates": [[-111.03141, 32.21342], [-111.0309, 32.21288], [-111.03141, 32.21342]]}}, {"type": "Feature", "properties": {"elev": 800.0, "index": false}, "geometry": {"type": "LineString", "coordinates": [[-111.03588, 32.21299], [-111.03556, 32.21252], [-111.03588, 32.21299]]}}, {"type": "Feature", "properties": {"elev": 800.0, "index": false}, "geometry": {"type": "LineString", "coordinates": [[-110.83945, 32.21148], [-110.83945, 32.21089], [-110.83945, 32.21148]]}}, {"type": "Feature", "properties": {"elev": 900.0, "index": false}, "geometry": {"type": "LineString", "coordinates": [[-111.06973, 32.22415], [-111.06739, 32.22482], [-111.06715, 32.22319], [-111.06839, 32.22184], [-111.0659, 32.22187], [-111.06541, 32.22075], [-111.06686, 32.21868], [-111.06878, 32.21761], [-111.06973, 32.21776]]}}, {"type": "Feature", "properties": {"elev": 900.0, "index": false}, "geometry": {"type": "LineString", "coordinates": [[-111.06973, 32.21249], [-111.06814, 32.212], [-111.06675, 32.21044], [-111.06689, 32.20881], [-111.06846, 32.20718], [-111.06494, 32.20769], [-111.06175, 32.20577], [-111.06052, 32.20636], [-111.06164, 32.20799], [-111.05984, 32.20881], [-111.05846, 32.21044], [-111.06079, 32.21049], [-111.06175, 32.21144], [-111.06271, 32.21088], [-111.0643, 32.21146], [-111.06793, 32.21505], [-111.06494, 32.21599], [-111.06397, 32.21505], [-111.06462, 32.21345], [-111.06207, 32.21261], [-111.05983, 32.21272], [-111.05919, 32.21382], [-111.05856, 32.21313], [-111.05728, 32.21472], [-111.05536, 32.21437], [-111.05505, 32.21369], [-111.05523, 32.21152], [-111.05666, 32.21044], [-111.05543, 32.20935], [-111.05533, 32.20718], [-111.056, 32.20625], [-111.06015, 32.20619], [-111.06027, 32.20446], [-111.06207, 32.20504], [-111.06239, 32.20347], [-111.06526, 32.20249], [-111.0692, 32.20338], [-111.06973, 32.20429]]}}, {"type": "Feature", "properties": {"elev": 900.0, "index": false}, "geometry": {"type": "LineString", "coordinates": [[-111.06973, 32.21004], [-111.06729, 32.21017], [-111.06973, 32.21172]]}}, {"type": "Feature", "properties": {"elev": 900.0, "index": false}, "geometry": {"type": "LineString", "coordinates": [[-111.06973, 32.20059], [-111.06896, 32.20012], [-111.06973, 32.19978]]}}, {"type": "Feature", "properties": {"elev": 900.0, "index": false}, "geometry": {"type": "LineString", "coordinates": [[-111.06973, 32.19862], [-111.06831, 32.19795], [-111.06885, 32.19768]]}}, {"type": "Feature", "properties": {"elev": 900.0, "index": false}, "geometry": {"type": "LineString", "coordinates": [[-110.75375, 32.19768], [-110.75378, 32.19849], [-110.75768, 32.20012], [-110.75609, 32.20067], [-110.75449, 32.20027], [-110.75321, 32.20241], [-110.75242, 32.20094], [-110.75047, 32.20039], [-110.7513, 32.19879], [-110.74873, 32.19822], [-110.74907, 32.19768]]}}, {"type": "Feature", "properties": {"elev": 900.0, "index": false}, "geometry": {"type": "LineString", "coordinates": [[-110.7354, 32.19768], [-110.73501, 32.1983], [-110.73464, 32.19768]]}}, {"type": "Feature", "properties": {"elev": 900.0, "index": false}, "geometry": {"type": "LineString", "coordinates": [[-110.70943, 32.19768], [-110.7085, 32.19862], [-110.70722, 32.19868], [-110.70586, 32.19768]]}}, {"type": "Feature", "properties": {"elev": 900.0, "index": false}, "geometry": {"type": "LineString", "coordinates": [[-110.70309, 32.19768], [-110.70234, 32.19876], [-110.70403, 32.19863], [-110.70524, 32.19931], [-110.70419, 32.20256], [-110.70275, 32.20185], [-110.70246, 32.20311], [-110.70093, 32.20392], [-110.70115, 32.20483], [-110.69941, 32.20528], [-110.69914, 32.20664], [-110.69796, 32.20672], [-110.69728, 32.20799], [-110.69381, 32.21056], [-110.69376, 32.21234], [-110.69253, 32.2121], [-110.69125, 32.21365], [-110.68997, 32.21358], [-110.6911, 32.21532], [-110.69037, 32.21641], [-110.68742, 32.21621], [-110.68564, 32.21804], [-110.68582, 32.21872], [-110.68327, 32.2208], [-110.68327, 32.2223], [-110.68179, 32.22347], [-110.68259, 32.2251], [-110.68199, 32.22672], [-110.68103, 32.22665], [-110.68088, 32.22781], [-110.67842, 32.22862], [-110.67815, 32.2297], [-110.67633, 32.23052], [-110.67658, 32.23297], [-110.6756, 32.23363], [-110.67304, 32.23258], [-110.67368, 32.23598], [-110.67145, 32.23575], [-110.67134, 32.23677], [-110.66767, 32.23921], [-110.66908, 32.23921], [-110.67145, 32.23781], [-110.67303, 32.23785], [-110.67209, 32.24046], [-110.67052, 32.24165], [-110.67083, 32.24274], [-110.66885, 32.24383], [-110.66884, 32.24437], [-110.67025, 32.24491], [-110.66978, 32.24681], [-110.66825, 32.24621], [-110.66538, 32.24633], [-110.66492, 32.24681], [-110.6655, 32.24763], [-110.66602, 32.24704], [-110.66706, 32.24735], [-110.66706, 32.24898], [-110.65995, 32.2529], [-110.65827, 32.25278], [-110.65765, 32.2536], [-110.65835, 32.25319], [-110.65995, 32.2538], [-110.6657, 32.25147], [-110.66921, 32.25259], [-110.67199, 32.2517], [-110.67113, 32.25299], [-110.66889, 32.2537], [-110.66857, 32.25553], [-110.66635, 32.25631], [-110.66669, 32.25794], [-110.66529, 32.25794], [-110.66522, 32.25876], [-110.66638, 32.25957], [-110.66793, 32.25959], [-110.66856, 32.26066], [-110.66921, 32.26036], [-110.66985, 32.26098], [-110.66953, 32.26341], [-110.67177, 32.26119], [-110.67273, 32.26184], [-110.67368, 32.26095], [-110.6763, 32.26147], [-110.67599, 32.25984], [-110.67792, 32.25794], [-110.67683, 32.25604], [-110.67795, 32.25523], [-110.67697, 32.25414], [-110.67847, 32.25374], [-110.68103, 32.25442], [-110.6855, 32.25421], [-110.68646, 32.25316], [-110.68915, 32.25306], [-110.68998, 32.25496], [-110.68955, 32.25658], [-110.68853, 32.2574], [-110.68995, 32.25821], [-110.6876, 32.25903], [-110.68678, 32.26182], [-110.6872, 32.2612], [-110.68902, 32.2612], [-110.69362, 32.26337], [-110.69444, 32.26467], [-110.69649, 32.26418], [-110.69587, 32.2612], [-110.69604, 32.26035], [-110.697, 32.26073], [-110.69766, 32.2631], [-110.69906, 32.26391], [-110.69877, 32.26527], [-110.70051, 32.2637], [-110.70318, 32.265], [-110.70124, 32.26771], [-110.70211, 32.26877], [-110.7037, 32.26853], [-110.70371, 32.26908], [-110.70566, 32.26961], [-110.70456, 32.27233], [-110.70754, 32.27209], [-110.71041, 32.27347], [-110.70996, 32.27721], [-110.71361, 32.27682], [-110.7152, 32.27883], [-110.7165, 32.27803], [-110.71698, 32.27993], [-110.71845, 32.28047], [-110.71649, 32.2821], [-110.71712, 32.28295], [-110.72255, 32.28314], [-110.71909, 32.28726], [-110.71952, 32.28889], [-110.71776, 32.2882], [-110.71758, 32.28997], [-110.71648, 32.29098], [-110.71449, 32.29079], [-110.71582, 32.29242], [-110.71393, 32.29258], [-110.71458, 32.2935], [-110.71246, 32.29513], [-110.71673, 32.29513], [-110.70978, 32.29714], [-110.70786, 32.29936], [-110.7053, 32.2993], [-110.70786, 32.30009], [-110.71297, 32.29743], [-110.71044, 32.30002], [-110.71297, 32.29895], [-110.71552, 32.29896], [-110.71704, 32.29975], [-110.71514, 32.30083], [-110.71673, 32.30165], [-110.71648, 32.30381], [-110.71457, 32.30594], [-110.71296, 32.30653], [-110.71217, 32.30789], [-110.71329, 32.30685], [-110.71457, 32.30722], [-110.71584, 32.30668], [-110.7168, 32.30526], [-110.71776, 32.30584], [-110.71925, 32.30355], [-110.72191, 32.30214], [-110.72319, 32.30322], [-110.72415, 32.30234], [-110.72702, 32.30285], [-110.72798, 32.30385], [-110.72894, 32.30321], [-110.73054, 32.30331], [-110.73117, 32.30443], [-110.73218, 32.30436], [-110.73277, 32.30516], [-110.73437, 32.30486], [-110.73469, 32.30598], [-110.73565, 32.30636], [-110.73754, 32.30599], [-110.73852, 32.3049], [-110.7398, 32.30579], [-110.74235, 32.30485], [-110.74299, 32.30961], [-110.74491, 32.30583], [-110.74619, 32.30693], [-110.74683, 32.30619], [-110.74842, 32.30662], [-110.75257, 32.30515], [-110.75417, 32.30601], [-110.75513, 32.30484], [-110.75864, 32.30558], [-110.75985, 32.30517], [-110.76088, 32.30654], [-110.76471, 32.30463], [-110.76442, 32.30626], [-110.76567, 32.30681], [-110.76759, 32.30621], [-110.76886, 32.30695], [-110.76886, 32.30778], [-110.77078, 32.30697], [-110.77174, 32.30828], [-110.77461, 32.30812], [-110.77621, 32.30878], [-110.77717, 32.30835], [-110.7794, 32.30908], [-110.78068, 32.3085], [-110.78164, 32.30909], [-110.78356, 32.30827], [-110.78547, 32.31036], [-110.78707, 32.30983], [-110.78739, 32.31077], [-110.78962, 32.30947], [-110.79026, 32.31091], [-110.79122, 32.31083], [-110.79314, 32.30874], [-110.79346, 32.31023], [-110.79569, 32.31005], [-110.79696, 32.31115], [-110.7965, 32.31169], [-110.79505, 32.31291], [-110.78707, 32.31625], [-110.7826, 32.31961], [-110.78579, 32.31856], [-110.78739, 32.31728], [-110.79282, 32.31644], [-110.7941, 32.31523], [-110.79633, 32.31552], [-110.79825, 32.31409], [-110.79857, 32.31489], [-110.8008, 32.31547], [-110.80272, 32.31358], [-110.80583, 32.3144], [-110.80582, 32.31603], [-110.80957, 32.31766], [-110.80719, 32.31854], [-110.80775, 32.32173], [-110.80524, 32.32309], [-110.80432, 32.325], [-110.80112, 32.32725], [-110.79441, 32.3299], [-110.8008, 32.32867], [-110.80336, 32.32677], [-110.80527, 32.32637], [-110.80687, 32.32448], [-110.81061, 32.32418], [-110.81134, 32.32271], [-110.81283, 32.32363], [-110.81326, 32.32526], [-110.81247, 32.32743], [-110.81367, 32.32716], [-110.8155, 32.32545], [-110.81613, 32.32791], [-110.8171, 32.32743], [-110.81759, 32.32526], [-110.8188, 32.32499], [-110.81887, 32.32363], [-110.81709, 32.32341], [-110.8162, 32.32255], [-110.81773, 32.32174], [-110.82061, 32.32277], [-110.82114, 32.32201], [-110.82031, 32.32173], [-110.82061, 32.32131], [-110.82282, 32.32255], [-110.82348, 32.32215], [-110.82348, 32.3232], [-110.82476, 32.32242], [-110.8254, 32.32283], [-110.82778, 32.32228], [-110.82859, 32.3238], [-110.82987, 32.3233], [-110.83051, 32.32408], [-110.83146, 32.3237], [-110.83178, 32.32501], [-110.83274, 32.32388], [-110.83945, 32.32558], [-110.84105, 32.32565], [-110.84232, 32.32495], [-110.8468, 32.32658], [-110.84807, 32.3255], [-110.852, 32.32418], [-110.85254, 32.32117], [-110.8535, 32.32211], [-110.85414, 32.32111], [-110.85446, 32.32204], [-110.85664, 32.32092], [-110.85694, 32.32011], [-110.85837, 32.32011], [-110.8612, 32.31495], [-110.86265, 32.31658], [-110.86309, 32.31955], [-110.86596, 32.31283], [-110.86727, 32.31223], [-110.8656, 32.31495], [-110.86628, 32.31768], [-110.86776, 32.31413], [-110.87203, 32.3119], [-110.86978, 32.31685], [-110.86979, 32.31997], [-110.87201, 32.31576], [-110.87458, 32.31385], [-110.87538, 32.3144], [-110.87299, 32.31926], [-110.87394, 32.31935], [-110.87842, 32.31618], [-110.87757, 32.31739], [-110.87746, 32.32049], [-110.87842, 32.32065], [-110.878, 32.32173], [-110.87937, 32.32134], [-110.88033, 32.31997], [-110.88097, 32.32191], [-110.88289, 32.32145], [-110.88166, 32.32282], [-110.88498, 32.32526], [-110.88385, 32.32624], [-110.88525, 32.32608], [-110.88512, 32.32674], [-110.888, 32.32791], [-110.88841, 32.32906], [-110.89007, 32.33015], [-110.89022, 32.33123], [-110.89408, 32.33069], [-110.89726, 32.33363], [-110.89896, 32.33314], [-110.89854, 32.33254], [-110.90077, 32.33336], [-110.90493, 32.33311], [-110.90652, 32.33164], [-110.90908, 32.33161], [-110.91163, 32.33278], [-110.91291, 32.33186], [-110.91387, 32.33249], [-110.91579, 32.33194], [-110.91641, 32.33314], [-110.91579, 32.33471], [-110.91479, 32.33504], [-110.91515, 32.33599], [-110.91898, 32.33162], [-110.91902, 32.33314], [-110.91587, 32.33612], [-110.91738, 32.33908], [-110.91802, 32.33918], [-110.92058, 32.33453], [-110.92633, 32.33588], [-110.9276, 32.33566], [-110.92707, 32.33829], [-110.92946, 32.33721], [-110.92934, 32.33911], [-110.93052, 32.33911], [-110.92961, 32.34019], [-110.93233, 32.34101], [-110.93059, 32.34372], [-110.9281, 32.34454], [-110.93016, 32.34516], [-110.93207, 32.34473], [-110.9315, 32.34589], [-110.93271, 32.34713], [-110.9375, 32.34667], [-110.93974, 32.34758], [-110.94198, 32.34759], [-110.94453, 32.35252], [-110.94644, 32.35322], [-110.94741, 32.35482], [-110.94964, 32.35378], [-110.95092, 32.3542], [-110.95315, 32.35686], [-110.95495, 32.35757], [-110.95487, 32.35865], [-110.95759, 32.36082], [-110.95879, 32.36408], [-110.95857, 32.36544], [-110.96018, 32.36523], [-110.96065, 32.36625], [-110.95894, 32.3668], [-110.95994, 32.36842], [-110.95759, 32.3687], [-110.95881, 32.37114], [-110.95669, 32.37304], [-110.95571, 32.37294], [-110.9544, 32.37467], [-110.95571, 32.37689], [-110.95347, 32.3761], [-110.95284, 32.37645], [-110.95246, 32.37711], [-110.95375, 32.37765], [-110.95391, 32.37874], [-110.95252, 32.37888], [-110.9522, 32.37995], [-110.95083, 32.3801], [-110.9506, 32.38168], [-110.94736, 32.38335], [-110.94837, 32.38417], [-110.94804, 32.38569], [-110.94517, 32.38567], [-110.94549, 32.38754], [-110.94218, 32.38743], [-110.94199, 32.38797], [-110.94421, 32.38965], [-110.94166, 32.38951], [-110.93942, 32.3882], [-110.93782, 32.38987], [-110.93996, 32.39068], [-110.93812, 32.39123], [-110.94096, 32.3934], [-110.93812, 32.39394], [-110.93955, 32.39448], [-110.941, 32.39666], [-110.93591, 32.39532], [-110.93449, 32.39557], [-110.93831, 32.39801], [-110.93674, 32.39856], [-110.93804, 32.39991], [-110.93782, 32.40076], [-110.93527, 32.39965], [-110.93582, 32.40154], [-110.93382, 32.401], [-110.93447, 32.40317], [-110.93278, 32.4029], [-110.93417, 32.40534], [-110.93253, 32.40534], [-110.92902, 32.40209], [-110.92856, 32.39933], [-110.92752, 32.39991], [-110.92728, 32.40164], [-110.92659, 32.40154], [-110.92601, 32.40014], [-110.92569, 32.40102], [-110.92505, 32.4006], [-110.92296, 32.40209], [-110.92569, 32.40226], [-110.92798, 32.40399], [-110.92861, 32.40507], [-110.92812, 32.40561], [-110.93007, 32.40779], [-110.9287, 32.40779], [-110.92951, 32.40941], [-110.9289, 32.4105], [-110.92377, 32.40613], [-110.92575, 32.41104], [-110.92345, 32.4101], [-110.92427, 32.41213], [-110.92313, 32.4125], [-110.9193, 32.40863], [-110.91887, 32.40914], [-110.92058, 32.41299], [-110.91674, 32.40888], [-110.91693, 32.40751], [-110.91579, 32.40826], [-110.91451, 32.4074], [-110.91227, 32.40894], [-110.91139, 32.40887], [-110.91227, 32.41115], [-110.90972, 32.41072], [-110.90844, 32.41212], [-110.90784, 32.41131], [-110.90588, 32.4124], [-110.90694, 32.41403], [-110.90493, 32.41318], [-110.90397, 32.41383], [-110.90615, 32.41566], [-110.90652, 32.41733], [-110.90525, 32.41683], [-110.90493, 32.41756], [-110.90333, 32.4177], [-110.90173, 32.41627], [-110.90142, 32.41864], [-110.89982, 32.41776], [-110.89854, 32.41783], [-110.89757, 32.41837], [-110.8979, 32.41939], [-110.89607, 32.42], [-110.89624, 32.42136], [-110.8921, 32.42136], [-110.89438, 32.42244], [-110.89443, 32.42326], [-110.89311, 32.42338], [-110.8921, 32.42462], [-110.8916, 32.42679], [-110.89218, 32.42842], [-110.89014, 32.43032], [-110.89009, 32.4314], [-110.88896, 32.43132], [-110.88768, 32.43259], [-110.88676, 32.43249], [-110.88795, 32.43357], [-110.88707, 32.43439], [-110.888, 32.43552], [-110.89215, 32.43607], [-110.89393, 32.43737], [-110.89215, 32.43905], [-110.89263, 32.43982], [-110.89119, 32.44027], [-110.89156, 32.44172], [-110.89066, 32.44253], [-110.89259, 32.44226], [-110.8921, 32.44416], [-110.89304, 32.44525], [-110.89241, 32.44633], [-110.89333, 32.44715], [-110.89119, 32.45098], [-110.89343, 32.45063], [-110.89456, 32.44416], [-110.89598, 32.44107], [-110.89822, 32.43934], [-110.90397, 32.43812], [-110.90365, 32.43982], [-110.90216, 32.44117], [-110.90443, 32.44063], [-110.90461, 32.44212], [-110.9062, 32.43808], [-110.90876, 32.43799], [-110.91738, 32.43482], [-110.91813, 32.43493], [-110.91621, 32.43683], [-110.91795, 32.43765], [-110.91547, 32.43911], [-110.91866, 32.43966], [-110.92185, 32.4372], [-110.92325, 32.43737], [-110.92058, 32.44059], [-110.91642, 32.4412], [-110.91451, 32.44226], [-110.91355, 32.44415], [-110.91216, 32.44443], [-110.91369, 32.44525], [-110.91259, 32.44779], [-110.91579, 32.44387], [-110.91787, 32.44443], [-110.91706, 32.44591], [-110.91387, 32.44884], [-110.91067, 32.4532], [-110.90716, 32.45526], [-110.90652, 32.4567], [-110.90517, 32.45692], [-110.90573, 32.45746], [-110.90493, 32.45817], [-110.90251, 32.45882], [-110.90367, 32.45909], [-110.90352, 32.46018], [-110.90271, 32.46099], [-110.90301, 32.46183], [-110.90135, 32.46262], [-110.90205, 32.4635], [-110.90062, 32.46425], [-110.90134, 32.46479], [-110.90049, 32.46561], [-110.90019, 32.46778], [-110.90077, 32.47578], [-110.90109, 32.47492], [-110.90173, 32.47549], [-110.90301, 32.47533], [-110.90461, 32.47299], [-110.90445, 32.46778], [-110.90532, 32.46751], [-110.90556, 32.46548], [-110.90672, 32.46561], [-110.90692, 32.46343], [-110.90812, 32.46407], [-110.9094, 32.46262], [-110.90948, 32.46208], [-110.90821, 32.46153], [-110.91131, 32.46101], [-110.91111, 32.46045], [-110.91291, 32.45937], [-110.91244, 32.46045], [-110.91323, 32.46049], [-110.91419, 32.45934], [-110.91422, 32.46072], [-110.91547, 32.45987], [-110.91579, 32.46119], [-110.91642, 32.4595], [-110.9177, 32.45986], [-110.9177, 32.45842], [-110.91994, 32.45765], [-110.92058, 32.45836], [-110.92153, 32.45765], [-110.92185, 32.45855], [-110.92281, 32.45803], [-110.92356, 32.45882], [-110.92283, 32.45963], [-110.92313, 32.46057], [-110.92473, 32.45971], [-110.92569, 32.45741], [-110.92633, 32.4576], [-110.92672, 32.45909], [-110.92608, 32.46018], [-110.92696, 32.46005], [-110.92728, 32.4607], [-110.92824, 32.45967], [-110.92865, 32.46045], [-110.92806, 32.46235], [-110.92889, 32.46262], [-110.92775, 32.46343], [-110.92906, 32.46343], [-110.92799, 32.46479], [-110.92918, 32.46696], [-110.92854, 32.46751], [-110.92959, 32.46805], [-110.92952, 32.47004], [-110.93207, 32.47121], [-110.93239, 32.47069], [-110.93303, 32.47137], [-110.93527, 32.47142], [-110.93603, 32.47076], [-110.93554, 32.46805], [-110.93623, 32.46599], [-110.93687, 32.46871], [-110.9375, 32.46898], [-110.93851, 32.46805], [-110.938, 32.46778], [-110.93846, 32.46629], [-110.93974, 32.46533], [-110.94134, 32.4654], [-110.94134, 32.46404], [-110.94325, 32.46337], [-110.94453, 32.46414], [-110.94581, 32.46345], [-110.94613, 32.46456], [-110.94772, 32.46409], [-110.9467, 32.46289], [-110.94804, 32.46093], [-110.94964, 32.46135], [-110.95092, 32.46333], [-110.95092, 32.46154], [-110.95156, 32.46213], [-110.95223, 32.46153], [-110.95154, 32.46099], [-110.95188, 32.46046], [-110.95347, 32.46088], [-110.95411, 32.45902], [-110.95507, 32.45907], [-110.95667, 32.46176], [-110.95986, 32.45792], [-110.964, 32.45719], [-110.96433, 32.45889], [-110.96235, 32.45963], [-110.96407, 32.45991], [-110.96348, 32.46235], [-110.96259, 32.46262], [-110.96433, 32.46333], [-110.96561, 32.46483], [-110.96394, 32.46235], [-110.96433, 32.46115], [-110.96536, 32.46126], [-110.96488, 32.45963], [-110.96593, 32.45885], [-110.96849, 32.45928], [-110.96976, 32.45879], [-110.97053, 32.45665], [-110.97008, 32.45534], [-110.97104, 32.45501], [-110.97136, 32.45554], [-110.9736, 32.45291], [-110.97423, 32.45361], [-110.97649, 32.45339], [-110.97763, 32.4542], [-110.97775, 32.45559], [-110.98062, 32.45384], [-110.98222, 32.4562], [-110.98254, 32.45528], [-110.98446, 32.45538], [-110.98356, 32.45366], [-110.98509, 32.45307], [-110.98829, 32.45393], [-110.98861, 32.45313], [-110.98989, 32.45374], [-110.9902, 32.45319], [-110.9918, 32.45312], [-110.99308, 32.45498], [-110.99404, 32.454], [-110.995, 32.4548], [-110.99531, 32.45361], [-110.99723, 32.45417], [-110.99883, 32.45385], [-110.99947, 32.45482], [-111.00106, 32.45412], [-111.00138, 32.4549], [-111.00266, 32.45495], [-111.00458, 32.45635], [-111.00522, 32.45599], [-111.00713, 32.45742], [-111.00841, 32.45699], [-111.00905, 32.45777], [-111.0116, 32.45662], [-111.01215, 32.45828], [-111.01363, 32.45855], [-111.01288, 32.45971], [-111.01423, 32.45909], [-111.01398, 32.45746], [-111.0148, 32.45717], [-111.01512, 32.45778], [-111.01639, 32.45755], [-111.01703, 32.45864], [-111.01799, 32.45809], [-111.01863, 32.45969], [-111.01942, 32.45855], [-111.01923, 32.45719], [-111.02032, 32.45665], [-111.02055, 32.45566], [-111.02214, 32.45524], [-111.02308, 32.45583], [-111.02341, 32.45773], [-111.0247, 32.45939], [-111.02662, 32.45721], [-111.02917, 32.45857], [-111.02855, 32.45611], [-111.03077, 32.45588], [-111.03109, 32.45517], [-111.03217, 32.45638], [-111.03205, 32.45778], [-111.03332, 32.45733], [-111.03428, 32.45855], [-111.03509, 32.45719], [-111.033, 32.45566], [-111.0379, 32.45611], [-111.04195, 32.45399], [-111.04271, 32.45448], [-111.04163, 32.45648], [-111.0445, 32.45611], [-111.04339, 32.45773], [-111.04035, 32.45882], [-111.04131, 32.46086], [-111.04196, 32.45936], [-111.04578, 32.45724], [-111.04721, 32.45529], [-111.05313, 32.45244], [-111.05397, 32.45366], [-111.05357, 32.45529], [-111.05496, 32.45665], [-111.05496, 32.45855], [-111.056, 32.45802], [-111.05887, 32.45866], [-111.05919, 32.45819], [-111.06143, 32.45968], [-111.06011, 32.45475], [-111.06175, 32.45349], [-111.0643, 32.45352], [-111.06392, 32.45502], [-111.06625, 32.45529], [-111.06638, 32.45638], [-111.0676, 32.45692], [-111.06742, 32.46045], [-111.06846, 32.46016], [-111.0692, 32.46072], [-111.06875, 32.46181], [-111.06973, 32.46298]]}}, {"type": "Feature", "properties": {"elev": 900.0, "index": false}, "geometry": {"type": "LineString", "coordinates": [[-110.94517, 32.46227], [-110.94464, 32.46208], [-110.94517, 32.46227]]}}, {"type": "Feature", "properties": {"elev": 900.0, "index": false}, "geometry": {"type": "LineString", "coordinates": [[-110.92281, 32.461], [-110.92281, 32.461]]}}, {"type": "Feature", "properties": {"elev": 900.0, "index": false}, "geometry": {"type": "LineString", "coordinates": [[-110.97104, 32.4595], [-110.97104, 32.4595]]}}, {"type": "Feature", "properties": {"elev": 900.0, "index": false}, "geometry": {"type": "LineString", "coordinates": [[-110.91483, 32.45918], [-110.91451, 32.45824], [-110.91528, 32.45855], [-110.91483, 32.45918]]}}, {"type": "Feature", "properties": {"elev": 900.0, "index": false}, "geometry": {"type": "LineString", "coordinates": [[-110.96849, 32.45871], [-110.96769, 32.45828], [-110.96817, 32.45783], [-110.96892, 32.45801], [-110.96849, 32.45871]]}}, {"type": "Feature", "properties": {"elev": 900.0, "index": false}, "geometry": {"type": "LineString", "coordinates": [[-111.02821, 32.45594], [-111.02821, 32.45594]]}}, {"type": "Feature", "properties": {"elev": 900.0, "index": false}, "geometry": {"type": "LineString", "coordinates": [[-111.03524, 32.45575], [-111.03457, 32.45448], [-111.0362, 32.45428], [-111.03632, 32.45502], [-111.03524, 32.45575]]}}, {"type": "Feature", "properties": {"elev": 900.0, "index": false}, "geometry": {"type": "LineString", "coordinates": [[-111.02502, 32.45502], [-111.02502, 32.45447], [-111.02502, 32.45502]]}}, {"type": "Feature", "properties": {"elev": 900.0, "index": false}, "geometry": {"type": "LineString", "coordinates": [[-111.0033, 32.45475], [-111.0033, 32.45423], [-111.0033, 32.45475]]}}, {"type": "Feature", "properties": {"elev": 900.0, "index": false}, "geometry": {"type": "LineString", "coordinates": [[-111.03684, 32.45434], [-111.03684, 32.45237], [-111.04021, 32.45203], [-111.04003, 32.45315], [-111.03684, 32.45434]]}}, {"type": "Feature", "properties": {"elev": 900.0, "index": false}, "geometry": {"type": "LineString", "coordinates": [[-111.02725, 32.45423], [-111.02689, 32.45339], [-111.02821, 32.45326], [-111.02725, 32.45423]]}}, {"type": "Feature", "properties": {"elev": 900.0, "index": false}, "geometry": {"type": "LineString", "coordinates": [[-110.96465, 32.45368], [-110.96465, 32.45368]]}}, {"type": "Feature", "properties": {"elev": 900.0, "index": false}, "geometry": {"type": "LineString", "coordinates": [[-111.03971, 32.4505], [-111.0362, 32.45027], [-111.0352, 32.44932], [-111.04099, 32.44884], [-111.04121, 32.44986], [-111.03971, 32.4505]]}}, {"type": "Feature", "properties": {"elev": 900.0, "index": false}, "geometry": {"type": "LineString", "coordinates": [[-111.0445, 32.44878], [-111.0429, 32.44821], [-111.04157, 32.4485], [-111.0429, 32.4473], [-111.04578, 32.44699], [-111.04782, 32.44796], [-111.0445, 32.44878]]}}, {"type": "Feature", "properties": {"elev": 900.0, "index": false}, "geometry": {"type": "LineString", "coordinates": [[-111.04929, 32.44704], [-111.04961, 32.44623], [-111.04929, 32.44704]]}}, {"type": "Feature", "properties": {"elev": 900.0, "index": false}, "geometry": {"type": "LineString", "coordinates": [[-110.90429, 32.44258], [-110.90429, 32.44258]]}}, {"type": "Feature", "properties": {"elev": 900.0, "index": false}, "geometry": {"type": "LineString", "coordinates": [[-110.92409, 32.43712], [-110.92337, 32.4371], [-110.92381, 32.43629], [-110.92505, 32.4356], [-110.92409, 32.43712]]}}, {"type": "Feature", "properties": {"elev": 900.0, "index": false}, "geometry": {"type": "LineString", "coordinates": [[-110.9193, 32.43471], [-110.92005, 32.43439], [-110.9193, 32.43471]]}}, {"type": "Feature", "properties": {"elev": 900.0, "index": false}, "geometry": {"type": "LineString", "coordinates": [[-110.89375, 32.42824], [-110.89286, 32.42814], [-110.89267, 32.42733], [-110.89431, 32.4276], [-110.89375, 32.42824]]}}, {"type": "Feature", "properties": {"elev": 900.0, "index": false}, "geometry": {"type": "LineString", "coordinates": [[-110.89918, 32.42396], [-110.89867, 32.4238], [-110.89918, 32.42396]]}}, {"type": "Feature", "properties": {"elev": 900.0, "index": false}, "geometry": {"type": "LineString", "coordinates": [[-110.91387, 32.41547], [-110.91152, 32.41403], [-110.91163, 32.41201], [-110.91339, 32.41321], [-110.91387, 32.41547]]}}, {"type": "Feature", "properties": {"elev": 900.0, "index": false}, "geometry": {"type": "LineString", "coordinates": [[-110.81581, 32.3227], [-110.8153, 32.32228], [-110.81581, 32.3227]]}}, {"type": "Feature", "properties": {"elev": 900.0, "index": false}, "geometry": {"type": "LineString", "coordinates": [[-110.82412, 32.32178], [-110.8248, 32.32119], [-110.82412, 32.32178]]}}, {"type": "Feature", "properties": {"elev": 900.0, "index": false}, "geometry": {"type": "LineString", "coordinates": [[-110.86947, 32.32067], [-110.86996, 32.32038], [-110.86947, 32.32067]]}}, {"type": "Feature", "properties": {"elev": 900.0, "index": false}, "geometry": {"type": "LineString", "coordinates": [[-110.81326, 32.32056], [-110.81219, 32.31983], [-110.8139, 32.31836], [-110.81326, 32.32056]]}}, {"type": "Feature", "properties": {"elev": 900.0, "index": false}, "geometry": {"type": "LineString", "coordinates": [[-110.71936, 32.28274], [-110.71877, 32.28264], [-110.71936, 32.28225], [-110.71936, 32.28274]]}}, {"type": "Feature", "properties": {"elev": 900.0, "index": false}, "geometry": {"type": "LineString", "coordinates": [[-110.70914, 32.26961], [-110.70914, 32.26893], [-110.70914, 32.26961]]}}, {"type": "Feature", "properties": {"elev": 900.0, "index": false}, "geometry": {"type": "LineString", "coordinates": [[-110.70722, 32.26908], [-110.70754, 32.26868], [-110.70722, 32.26908]]}}, {"type": "Feature", "properties": {"elev": 900.0, "index": false}, "geometry": {"type": "LineString", "coordinates": [[-110.70019, 32.26225], [-110.69954, 32.26174], [-110.69987, 32.26119], [-110.70019, 32.26225]]}}, {"type": "Feature", "properties": {"elev": 900.0, "index": false}, "geometry": {"type": "LineString", "coordinates": [[-110.69093, 32.26131], [-110.69093, 32.26052], [-110.69177, 32.26038], [-110.69093, 32.26131]]}}, {"type": "Feature", "properties": {"elev": 900.0, "index": false}, "geometry": {"type": "LineString", "coordinates": [[-110.69029, 32.25172], [-110.69029, 32.25127], [-110.69029, 32.25172]]}}, {"type": "Feature", "properties": {"elev": 900.0, "index": false}, "geometry": {"type": "LineString", "coordinates": [[-110.66985, 32.24747], [-110.66985, 32.24684], [-110.66985, 32.24747]]}}, {"type": "Feature", "properties": {"elev": 900.0, "index": false}, "geometry": {"type": "LineString", "coordinates": [[-110.67177, 32.24492], [-110.67083, 32.24491], [-110.67177, 32.24492]]}}, {"type": "Feature", "properties": {"elev": 900.0, "index": false}, "geometry": {"type": "LineString", "coordinates": [[-111.05664, 32.22924], [-111.05472, 32.22914], [-111.05313, 32.22715], [-111.05217, 32.22694], [-111.05089, 32.22802], [-111.04993, 32.22715], [-111.04706, 32.22721], [-111.04578, 32.22622], [-111.0458, 32.22455], [-111.04674, 32.22338], [-111.04845, 32.22319], [-111.04865, 32.22235], [-111.05089, 32.22358], [-111.05313, 32.22263], [-111.05408, 32.22333], [-111.05472, 32.22308], [-111.05479, 32.22374], [-111.05608, 32.22428], [-111.05606, 32.22564], [-111.0576, 32.22584], [-111.05825, 32.22672], [-111.05664, 32.22924]]}}, {"type": "Feature", "properties": {"elev": 900.0, "index": false}, "geometry": {"type": "LineString", "coordinates": [[-111.05185, 32.22243], [-111.04957, 32.21994], [-111.04743, 32.21912], [-111.04756, 32.21858], [-111.04865, 32.21835], [-111.05185, 32.22151], [-111.05185, 32.22243]]}}, {"type": "Feature", "properties": {"elev": 900.0, "index": false}, "geometry": {"type": "LineString", "coordinates": [[-111.05887, 32.22218], [-111.05536, 32.22174], [-111.05513, 32.22102], [-111.05607, 32.22075], [-111.05185, 32.21831], [-111.05185, 32.21725], [-111.05344, 32.21699], [-111.05983, 32.21886], [-111.06143, 32.21833], [-111.06263, 32.21939], [-111.06279, 32.22075], [-111.05887, 32.22218]]}}, {"type": "Feature", "properties": {"elev": 900.0, "index": false}, "geometry": {"type": "LineString", "coordinates": [[-111.00713, 32.21566], [-111.00426, 32.2151], [-111.00406, 32.21397], [-111.00522, 32.21178], [-111.00661, 32.21179], [-111.00792, 32.21288], [-111.00713, 32.21566]]}}, {"type": "Feature", "properties": {"elev": 900.0, "index": false}, "geometry": {"type": "LineString", "coordinates": [[-111.06526, 32.20834], [-111.06494, 32.20799], [-111.06526, 32.20834]]}}, {"type": "Feature", "properties": {"elev": 900.0, "index": false}, "geometry": {"type": "LineString", "coordinates": [[-110.74938, 32.20662], [-110.74837, 32.20501], [-110.74906, 32.20449], [-110.75039, 32.20501], [-110.75077, 32.20609], [-110.74938, 32.20662]]}}, {"type": "Feature", "properties": {"elev": 900.0, "index": false}, "geometry": {"type": "LineString", "coordinates": [[-110.74683, 32.20537], [-110.74619, 32.20512], [-110.74651, 32.20462], [-110.74683, 32.20537]]}}, {"type": "Feature", "properties": {"elev": 900.0, "index": false}, "geometry": {"type": "LineString", "coordinates": [[-111.04195, 32.2041], [-111.04104, 32.20338], [-111.04227, 32.20281], [-111.04195, 32.2041]]}}, {"type": "Feature", "properties": {"elev": 900.0, "index": false}, "geometry": {"type": "LineString", "coordinates": [[-111.04578, 32.20318], [-111.04546, 32.20255], [-111.04678, 32.20256], [-111.04578, 32.20318]]}}, {"type": "Feature", "properties": {"elev": 900.0, "index": false}, "geometry": {"type": "LineString", "coordinates": [[-111.04929, 32.20018], [-111.04872, 32.20012], [-111.04993, 32.19921], [-111.04929, 32.20018]]}}, {"type": "Feature", "properties": {"elev": 1000.0, "index": true}, "geometry": {"type": "LineString", "coordinates": [[-110.60178, 32.57609], [-110.60117, 32.57609]]}}, {"type": "Feature", "properties": {"elev": 1000.0, "index": true}, "geometry": {"type": "LineString", "coordinates": [[-110.59734, 32.57609], [-110.59994, 32.57392], [-110.59793, 32.57419], [-110.60344, 32.57093], [-110.60363, 32.56985], [-110.60118, 32.5698], [-110.59767, 32.57145], [-110.59453, 32.57066], [-110.59494, 32.56985], [-110.59805, 32.5693], [-110.59712, 32.56876], [-110.59836, 32.56767], [-110.59735, 32.56727], [-110.59543, 32.56822], [-110.59639, 32.56622], [-110.59543, 32.56687], [-110.59479, 32.56603], [-110.59234, 32.56605], [-110.59368, 32.56469], [-110.59192, 32.56394], [-110.59386, 32.56333], [-110.5932, 32.56273], [-110.59096, 32.56328], [-110.59036, 32.56279], [-110.5932, 32.5609], [-110.59415, 32.56095], [-110.5931, 32.5598], [-110.59403, 32.55953], [-110.5934, 32.55899], [-110.59378, 32.55844], [-110.59288, 32.55833], [-110.59192, 32.55914], [-110.5916, 32.55804], [-110.58906, 32.55844], [-110.59106, 32.55709], [-110.59055, 32.55654], [-110.59166, 32.55573], [-110.59073, 32.55519], [-110.59064, 32.55424], [-110.58914, 32.55437], [-110.59163, 32.55274], [-110.58872, 32.5524], [-110.58777, 32.55311]]}}, {"type": "Feature", "properties": {"elev": 1000.0, "index": true}, "geometry": {"type": "LineString", "coordinates": [[-110.58777, 32.55626], [-110.58841, 32.55682], [-110.58777, 32.55711]]}}, {"type": "Feature", "properties": {"elev": 1000.0, "index": true}, "geometry": {"type": "LineString", "coordinates": [[-111.06973, 32.48891], [-111.06941, 32.48955], [-111.06814, 32.48904], [-111.06701, 32.49031], [-111.06941, 32.49099], [-111.06973, 32.49218]]}}, {"type": "Feature", "properties": {"elev": 1000.0, "index": true}, "geometry": {"type": "LineString", "coordinates": [[-111.06973, 32.46787], [-111.06973, 32.46676]]}}, {"type": "Feature", "properties": {"elev": 1000.0, "index": true}, "geometry": {"type": "LineString", "coordinates": [[-111.06973, 32.22042], [-111.06894, 32.22021], [-111.06973, 32.21921]]}}, {"type": "Feature", "properties": {"elev": 1000.0, "index": true}, "geometry": {"type": "LineString", "coordinates": [[-110.69021, 32.19768], [-110.69208, 32.19904], [-110.69125, 32.19979], [-110.69061, 32.19937], [-110.69085, 32.20039], [-110.69363, 32.20175], [-110.69208, 32.20392], [-110.69316, 32.20528], [-110.69129, 32.20664], [-110.69171, 32.20799], [-110.68933, 32.20925], [-110.68742, 32.20841], [-110.68582, 32.20939], [-110.68486, 32.20809], [-110.68135, 32.2081], [-110.68039, 32.20714], [-110.68164, 32.20908], [-110.68142, 32.20989], [-110.67998, 32.21261], [-110.67796, 32.21369], [-110.6785, 32.21397], [-110.67801, 32.21532], [-110.67862, 32.21559], [-110.67751, 32.21641], [-110.67847, 32.21627], [-110.67914, 32.21695], [-110.67917, 32.21967], [-110.67807, 32.22048], [-110.6801, 32.22075], [-110.67936, 32.22129], [-110.67913, 32.22428], [-110.67779, 32.22428], [-110.6774, 32.22591], [-110.6756, 32.22586], [-110.67464, 32.22702], [-110.67273, 32.22659], [-110.67209, 32.22879], [-110.67049, 32.22938], [-110.66935, 32.2289], [-110.67, 32.2327], [-110.67109, 32.23297], [-110.67119, 32.23378], [-110.66793, 32.23609], [-110.66698, 32.23606], [-110.66733, 32.23731], [-110.66474, 32.2374], [-110.66346, 32.23584], [-110.66075, 32.23677], [-110.66258, 32.23813], [-110.6625, 32.23922], [-110.66634, 32.24155], [-110.66644, 32.24247], [-110.6657, 32.24299], [-110.66442, 32.24268], [-110.66353, 32.24383], [-110.66451, 32.24464], [-110.66346, 32.24656], [-110.66155, 32.24678], [-110.66027, 32.24556], [-110.65803, 32.24543], [-110.65789, 32.246], [-110.66007, 32.24654], [-110.66326, 32.24898], [-110.66219, 32.24999], [-110.65803, 32.25021], [-110.65593, 32.25116], [-110.65715, 32.25224], [-110.65484, 32.25465], [-110.65311, 32.25523], [-110.65219, 32.25631], [-110.64875, 32.25686], [-110.65005, 32.2576], [-110.65196, 32.25711], [-110.65228, 32.25785], [-110.65388, 32.25781], [-110.65498, 32.25713], [-110.65452, 32.25615], [-110.65867, 32.25452], [-110.65931, 32.25558], [-110.65642, 32.25767], [-110.65771, 32.25842], [-110.65753, 32.25984], [-110.65931, 32.26025], [-110.66027, 32.26163], [-110.66123, 32.2604], [-110.6625, 32.26024], [-110.66488, 32.26174], [-110.66615, 32.2631], [-110.66412, 32.265], [-110.66506, 32.26531], [-110.66655, 32.26473], [-110.66666, 32.26674], [-110.67049, 32.26436], [-110.67145, 32.26462], [-110.67209, 32.26613], [-110.67368, 32.26459], [-110.6756, 32.26553], [-110.6772, 32.26473], [-110.67815, 32.26555], [-110.68039, 32.26451], [-110.68199, 32.26468], [-110.68263, 32.2662], [-110.68454, 32.26458], [-110.68824, 32.26446], [-110.69007, 32.26609], [-110.68799, 32.26636], [-110.68813, 32.26717], [-110.68614, 32.26727], [-110.68556, 32.26799], [-110.68974, 32.26853], [-110.6895, 32.26934], [-110.69061, 32.27013], [-110.69157, 32.26966], [-110.69197, 32.27016], [-110.69412, 32.27], [-110.69381, 32.27244], [-110.69698, 32.27206], [-110.69523, 32.2745], [-110.69284, 32.27613], [-110.699, 32.27504], [-110.69665, 32.27803], [-110.69819, 32.2783], [-110.69861, 32.27993], [-110.69604, 32.28193], [-110.69796, 32.28217], [-110.70236, 32.27667], [-110.70403, 32.27603], [-110.70562, 32.27594], [-110.70541, 32.27749], [-110.70707, 32.2783], [-110.70578, 32.28237], [-110.70483, 32.28292], [-110.70607, 32.28319], [-110.70562, 32.28413], [-110.70728, 32.28346], [-110.70678, 32.28183], [-110.70818, 32.2799], [-110.71338, 32.27939], [-110.71284, 32.28183], [-110.71105, 32.28149], [-110.7099, 32.2821], [-110.71097, 32.28346], [-110.71041, 32.2846], [-110.71197, 32.28482], [-110.71233, 32.28573], [-110.71402, 32.28509], [-110.71361, 32.28735], [-110.71137, 32.28706], [-110.70982, 32.2878], [-110.71008, 32.28889], [-110.70916, 32.2897], [-110.71169, 32.2899], [-110.71225, 32.29052], [-110.70971, 32.29242], [-110.71132, 32.29296], [-110.71069, 32.29459], [-110.70978, 32.29491], [-110.70594, 32.29368], [-110.70512, 32.29432], [-110.70786, 32.29528], [-110.70795, 32.29622], [-110.70594, 32.29657], [-110.70562, 32.29716], [-110.70371, 32.29683], [-110.70275, 32.29887], [-110.70154, 32.29893], [-110.70226, 32.30029], [-110.70179, 32.30141], [-110.70019, 32.30178], [-110.69892, 32.30134], [-110.69705, 32.30219], [-110.69924, 32.30207], [-110.70115, 32.30299], [-110.70562, 32.30048], [-110.70658, 32.30121], [-110.70838, 32.30083], [-110.70738, 32.30219], [-110.70243, 32.30409], [-110.70115, 32.30679], [-110.70403, 32.30422], [-110.70596, 32.30382], [-110.7069, 32.30523], [-110.70882, 32.30477], [-110.71105, 32.30198], [-110.71361, 32.30338], [-110.71297, 32.30566], [-110.71041, 32.30736], [-110.70946, 32.30732], [-110.7078, 32.30898], [-110.70761, 32.31088], [-110.70862, 32.31115], [-110.70882, 32.31302], [-110.71105, 32.30953], [-110.71584, 32.30896], [-110.71616, 32.30824], [-110.71776, 32.3081], [-110.72, 32.30632], [-110.72351, 32.3067], [-110.72415, 32.30769], [-110.72448, 32.3068], [-110.72388, 32.30626], [-110.72511, 32.3054], [-110.72606, 32.30572], [-110.72606, 32.30831], [-110.72862, 32.30636], [-110.72963, 32.30653], [-110.73009, 32.3087], [-110.72926, 32.30936], [-110.73309, 32.30983], [-110.73373, 32.30902], [-110.73597, 32.30889], [-110.73732, 32.30925], [-110.73852, 32.31103], [-110.74044, 32.3094], [-110.74017, 32.31278], [-110.73933, 32.31413], [-110.74203, 32.31454], [-110.74299, 32.31596], [-110.74343, 32.31549], [-110.7426, 32.31359], [-110.74386, 32.31142], [-110.74714, 32.30882], [-110.7497, 32.30837], [-110.75081, 32.30925], [-110.7497, 32.3107], [-110.75162, 32.3108], [-110.75353, 32.30962], [-110.75385, 32.31066], [-110.75832, 32.3098], [-110.75896, 32.31025], [-110.76152, 32.3092], [-110.76167, 32.3106], [-110.75992, 32.31337], [-110.7612, 32.31316], [-110.76407, 32.31066], [-110.76791, 32.31041], [-110.77302, 32.31095], [-110.77291, 32.31278], [-110.77429, 32.31387], [-110.77908, 32.31113], [-110.78026, 32.3125], [-110.77956, 32.31386], [-110.78004, 32.31401], [-110.78228, 32.31331], [-110.78324, 32.3144], [-110.78451, 32.31343], [-110.78803, 32.31293], [-110.78929, 32.31386], [-110.78611, 32.31482], [-110.78389, 32.31685], [-110.77972, 32.31898], [-110.77333, 32.3258], [-110.77206, 32.32585], [-110.77174, 32.32646], [-110.77429, 32.32654], [-110.77717, 32.32519], [-110.77845, 32.32327], [-110.78068, 32.32287], [-110.78387, 32.32098], [-110.78451, 32.32126], [-110.78515, 32.32024], [-110.78771, 32.32006], [-110.7893, 32.31922], [-110.78994, 32.32102], [-110.7919, 32.31848], [-110.7943, 32.3182], [-110.79505, 32.3173], [-110.80112, 32.31697], [-110.80058, 32.31766], [-110.80187, 32.31766], [-110.80304, 32.31882], [-110.80496, 32.31805], [-110.80604, 32.32119], [-110.80272, 32.32431], [-110.79697, 32.32714], [-110.79282, 32.32824], [-110.79218, 32.32944], [-110.7909, 32.32901], [-110.7893, 32.33105], [-110.78771, 32.33118], [-110.78754, 32.33314], [-110.78628, 32.33341], [-110.78718, 32.33422], [-110.78675, 32.3353], [-110.78579, 32.33517], [-110.78315, 32.33775], [-110.78407, 32.33775], [-110.7842, 32.33992], [-110.78116, 32.34182], [-110.78087, 32.34399], [-110.7822, 32.34535], [-110.78098, 32.34807], [-110.78164, 32.35025], [-110.78245, 32.34942], [-110.78181, 32.34834], [-110.7826, 32.34807], [-110.78348, 32.34535], [-110.78294, 32.34236], [-110.7867, 32.33992], [-110.78739, 32.33776], [-110.78936, 32.33666], [-110.79189, 32.33286], [-110.7941, 32.3323], [-110.79505, 32.33291], [-110.79601, 32.3313], [-110.7976, 32.33042], [-110.79857, 32.33114], [-110.80144, 32.33], [-110.80432, 32.32787], [-110.80591, 32.32792], [-110.80687, 32.32641], [-110.80847, 32.32677], [-110.81038, 32.32607], [-110.81094, 32.32635], [-110.80986, 32.32743], [-110.80815, 32.32744], [-110.80528, 32.33015], [-110.80655, 32.33032], [-110.80847, 32.32925], [-110.81086, 32.32961], [-110.80989, 32.33205], [-110.80645, 32.33558], [-110.80655, 32.33642], [-110.809, 32.33531], [-110.81294, 32.33182], [-110.81422, 32.33332], [-110.81486, 32.33264], [-110.81554, 32.33286], [-110.81645, 32.33115], [-110.81805, 32.33093], [-110.81933, 32.33175], [-110.82039, 32.33015], [-110.82124, 32.3305], [-110.82188, 32.33004], [-110.8222, 32.33347], [-110.82476, 32.33056], [-110.8254, 32.33253], [-110.82821, 32.33042], [-110.82763, 32.32945], [-110.8298, 32.33015], [-110.83007, 32.33178], [-110.83168, 32.33286], [-110.83178, 32.33432], [-110.83269, 32.33314], [-110.8313, 32.33096], [-110.8321, 32.33037], [-110.83179, 32.32906], [-110.83242, 32.32891], [-110.83306, 32.32979], [-110.83498, 32.32805], [-110.8353, 32.3286], [-110.83626, 32.32815], [-110.83785, 32.32902], [-110.83849, 32.33026], [-110.84137, 32.32962], [-110.84157, 32.33015], [-110.84052, 32.33069], [-110.842, 32.33079], [-110.84169, 32.33248], [-110.84648, 32.32964], [-110.84874, 32.33069], [-110.84935, 32.33319], [-110.84999, 32.33081], [-110.85159, 32.33094], [-110.85207, 32.33178], [-110.85153, 32.33259], [-110.85318, 32.33286], [-110.85286, 32.33342], [-110.85397, 32.33314], [-110.85392, 32.33531], [-110.8549, 32.33558], [-110.85513, 32.33721], [-110.85414, 32.33884], [-110.85542, 32.33985], [-110.8551, 32.33881], [-110.85638, 32.33822], [-110.85666, 32.33721], [-110.8565, 32.33504], [-110.85797, 32.33378], [-110.85957, 32.3346], [-110.86149, 32.33391], [-110.86184, 32.33504], [-110.86309, 32.3354], [-110.86412, 32.33395], [-110.8666, 32.33397], [-110.8661, 32.33531], [-110.86724, 32.33591], [-110.8682, 32.3342], [-110.86979, 32.33347], [-110.87237, 32.33341], [-110.87171, 32.33483], [-110.87299, 32.33391], [-110.87426, 32.33397], [-110.87426, 32.33518], [-110.87522, 32.33505], [-110.87618, 32.33374], [-110.87778, 32.33384], [-110.87842, 32.3346], [-110.88257, 32.33292], [-110.88448, 32.33494], [-110.88768, 32.33464], [-110.88832, 32.33555], [-110.89407, 32.33684], [-110.90013, 32.3363], [-110.90077, 32.33722], [-110.90429, 32.33711], [-110.90109, 32.34108], [-110.90237, 32.34053], [-110.90333, 32.34187], [-110.9078, 32.34012], [-110.90876, 32.34298], [-110.90998, 32.34318], [-110.91036, 32.34397], [-110.91355, 32.34371], [-110.91387, 32.34481], [-110.91674, 32.3448], [-110.91802, 32.34358], [-110.91994, 32.34587], [-110.92249, 32.34578], [-110.92345, 32.34713], [-110.92473, 32.34576], [-110.92792, 32.34662], [-110.92842, 32.34779], [-110.92762, 32.34861], [-110.93048, 32.34876], [-110.93048, 32.35009], [-110.93239, 32.34971], [-110.93378, 32.35024], [-110.9337, 32.35214], [-110.93472, 32.35241], [-110.93382, 32.35458], [-110.93478, 32.35512], [-110.93281, 32.35811], [-110.93085, 32.35919], [-110.93016, 32.36044], [-110.9375, 32.35734], [-110.94006, 32.35518], [-110.94325, 32.35669], [-110.94517, 32.35628], [-110.94654, 32.35702], [-110.94581, 32.36035], [-110.94741, 32.36087], [-110.94964, 32.36061], [-110.95124, 32.3581], [-110.95232, 32.35892], [-110.95246, 32.3611], [-110.95404, 32.36137], [-110.95443, 32.36281], [-110.95667, 32.36272], [-110.95641, 32.3649], [-110.95525, 32.36517], [-110.9543, 32.36652], [-110.95375, 32.36951], [-110.95468, 32.3706], [-110.95411, 32.3725], [-110.95092, 32.37446], [-110.94886, 32.37413], [-110.94827, 32.37738], [-110.94677, 32.37751], [-110.94421, 32.37978], [-110.9391, 32.38145], [-110.93814, 32.38111], [-110.9384, 32.382], [-110.93714, 32.38254], [-110.93591, 32.38644], [-110.93399, 32.38688], [-110.92856, 32.39171], [-110.92591, 32.39258], [-110.92621, 32.3934], [-110.92281, 32.39669], [-110.91834, 32.39926], [-110.91674, 32.39945], [-110.9161, 32.40033], [-110.91492, 32.39991], [-110.9147, 32.40154], [-110.91291, 32.40309], [-110.91131, 32.40388], [-110.90684, 32.40352], [-110.90429, 32.40262], [-110.90717, 32.40697], [-110.90556, 32.40833], [-110.9015, 32.40941], [-110.89914, 32.41131], [-110.89918, 32.41221], [-110.89703, 32.4124], [-110.89743, 32.41349], [-110.89648, 32.41457], [-110.89778, 32.41539], [-110.89372, 32.41702], [-110.89429, 32.41783], [-110.89375, 32.41946], [-110.89215, 32.41837], [-110.89087, 32.41881], [-110.8893, 32.41783], [-110.88768, 32.41806], [-110.88672, 32.41715], [-110.88512, 32.41724], [-110.88426, 32.41593], [-110.88398, 32.41756], [-110.88619, 32.41837], [-110.88608, 32.41973], [-110.88798, 32.42082], [-110.88799, 32.42272], [-110.88991, 32.42299], [-110.88857, 32.42462], [-110.88939, 32.4257], [-110.88804, 32.42733], [-110.88901, 32.42842], [-110.88806, 32.42923], [-110.88844, 32.43005], [-110.88672, 32.43124], [-110.88529, 32.43059], [-110.88567, 32.4295], [-110.88419, 32.42842], [-110.8836, 32.42679], [-110.88193, 32.42656], [-110.88129, 32.42383], [-110.88105, 32.42733], [-110.88205, 32.42787], [-110.88157, 32.42923], [-110.88235, 32.4295], [-110.88239, 32.4314], [-110.88339, 32.43303], [-110.88193, 32.43303], [-110.88229, 32.4352], [-110.88054, 32.43683], [-110.88022, 32.43846], [-110.87825, 32.43982], [-110.8794, 32.4409], [-110.87836, 32.44117], [-110.87892, 32.44199], [-110.87779, 32.44308], [-110.87944, 32.44389], [-110.87861, 32.44443], [-110.87827, 32.44715], [-110.87542, 32.44796], [-110.88069, 32.44986], [-110.87969, 32.45065], [-110.87522, 32.45033], [-110.87142, 32.45258], [-110.87248, 32.45366], [-110.87029, 32.45502], [-110.87072, 32.45583], [-110.86976, 32.45638], [-110.87095, 32.45692], [-110.87117, 32.45855], [-110.86915, 32.45955], [-110.86819, 32.46099], [-110.86905, 32.46316], [-110.86871, 32.46533], [-110.86947, 32.46533], [-110.87007, 32.46642], [-110.86819, 32.46778], [-110.87002, 32.46886], [-110.87075, 32.47038], [-110.87051, 32.47402], [-110.86883, 32.4757], [-110.86403, 32.47402], [-110.86594, 32.47782], [-110.86852, 32.47809], [-110.86719, 32.48271], [-110.86775, 32.48434], [-110.86651, 32.48542], [-110.8669, 32.48678], [-110.8652, 32.48759], [-110.86683, 32.48814], [-110.86392, 32.49248], [-110.865, 32.4918], [-110.8666, 32.49184], [-110.86692, 32.49333], [-110.86831, 32.49411], [-110.86829, 32.49547], [-110.86651, 32.49628], [-110.86608, 32.49927], [-110.86499, 32.50008], [-110.86568, 32.50008], [-110.86554, 32.50198], [-110.86347, 32.50768], [-110.86372, 32.50856], [-110.86536, 32.50795], [-110.86422, 32.50958], [-110.86582, 32.51121], [-110.86523, 32.51148], [-110.86566, 32.51365], [-110.86439, 32.5123], [-110.86309, 32.51237], [-110.86181, 32.51152], [-110.86035, 32.5123], [-110.86162, 32.51393], [-110.86136, 32.51555], [-110.86309, 32.5152], [-110.86448, 32.5161], [-110.86427, 32.51908], [-110.86181, 32.51909], [-110.86149, 32.51788], [-110.8603, 32.5199], [-110.86153, 32.5218], [-110.86021, 32.52151], [-110.85925, 32.5203], [-110.85777, 32.52153], [-110.85892, 32.5237], [-110.85598, 32.52913], [-110.85401, 32.52967], [-110.85574, 32.53082], [-110.85392, 32.53347], [-110.85447, 32.53428], [-110.85231, 32.53564], [-110.8535, 32.53634], [-110.85446, 32.5354], [-110.85452, 32.53673], [-110.85191, 32.53723], [-110.8527, 32.53836], [-110.8498, 32.54189], [-110.85127, 32.54061], [-110.85446, 32.54043], [-110.8567, 32.53844], [-110.85734, 32.54035], [-110.85861, 32.53863], [-110.85753, 32.53781], [-110.85799, 32.537], [-110.85735, 32.5351], [-110.85861, 32.53451], [-110.86021, 32.53064], [-110.86096, 32.53103], [-110.86085, 32.53241], [-110.86149, 32.53236], [-110.8634, 32.52778], [-110.865, 32.52778], [-110.86566, 32.52858], [-110.86389, 32.5313], [-110.86489, 32.53103], [-110.86907, 32.52696], [-110.87043, 32.52355], [-110.87235, 32.52256], [-110.87315, 32.52288], [-110.87299, 32.52385], [-110.87167, 32.52451], [-110.87299, 32.525], [-110.87058, 32.52641], [-110.87301, 32.52723], [-110.87332, 32.52858], [-110.87235, 32.52998], [-110.87458, 32.52856], [-110.87508, 32.52994], [-110.87608, 32.53021], [-110.8765, 32.53204], [-110.87751, 32.53076], [-110.87746, 32.5293], [-110.87969, 32.52874], [-110.88225, 32.5291], [-110.88289, 32.53085], [-110.88339, 32.52994], [-110.8824, 32.52777], [-110.88448, 32.52864], [-110.88486, 32.52777], [-110.88414, 32.52696], [-110.8848, 32.5263], [-110.88947, 32.52587], [-110.89087, 32.52478], [-110.89415, 32.52506], [-110.8963, 32.5236], [-110.89854, 32.52401], [-110.90045, 32.52179], [-110.90237, 32.52154], [-110.90333, 32.52068], [-110.90365, 32.52129], [-110.8994, 32.52533], [-110.90045, 32.52661], [-110.90812, 32.52391], [-110.91036, 32.52165], [-110.91227, 32.52216], [-110.91223, 32.5199], [-110.91637, 32.51773], [-110.91645, 32.51555], [-110.91544, 32.5142], [-110.9177, 32.513], [-110.91893, 32.51393], [-110.91866, 32.51628], [-110.92122, 32.51443], [-110.92111, 32.51664], [-110.91898, 32.51771], [-110.91962, 32.51872], [-110.91713, 32.52017], [-110.91547, 32.5218], [-110.9156, 32.52261], [-110.91706, 32.522], [-110.91962, 32.52308], [-110.92153, 32.52212], [-110.92312, 32.52315], [-110.92283, 32.52424], [-110.92026, 32.52613], [-110.91815, 32.52886], [-110.92499, 32.52886], [-110.92505, 32.53087], [-110.92281, 32.53266], [-110.92469, 32.53238], [-110.92569, 32.53355], [-110.92653, 32.5351], [-110.92563, 32.537], [-110.926, 32.53781], [-110.92728, 32.53653], [-110.92856, 32.53671], [-110.92885, 32.53754], [-110.92788, 32.53863], [-110.9292, 32.53811], [-110.9298, 32.54053], [-110.93112, 32.54145], [-110.93176, 32.54369], [-110.93271, 32.54398], [-110.93225, 32.5446], [-110.93367, 32.5466], [-110.93399, 32.54606], [-110.93463, 32.54641], [-110.93718, 32.54423], [-110.937, 32.5427], [-110.93835, 32.54161], [-110.9375, 32.53922], [-110.93878, 32.54007], [-110.93878, 32.53935], [-110.93974, 32.53896], [-110.94134, 32.53972], [-110.94177, 32.5389], [-110.93733, 32.53618], [-110.93853, 32.53591], [-110.93853, 32.5351], [-110.9407, 32.53582], [-110.94275, 32.53456], [-110.94052, 32.53428], [-110.93905, 32.53293], [-110.94038, 32.53243], [-110.9419, 32.53293], [-110.94006, 32.53044], [-110.9423, 32.53113], [-110.94261, 32.53053], [-110.94325, 32.53092], [-110.94389, 32.52962], [-110.94505, 32.52967], [-110.94421, 32.529], [-110.94261, 32.52913], [-110.94324, 32.52858], [-110.94275, 32.52777], [-110.94379, 32.52696], [-110.94352, 32.52614], [-110.94645, 32.52625], [-110.94613, 32.52355], [-110.94772, 32.52465], [-110.94999, 32.52478], [-110.94993, 32.52397], [-110.95092, 32.52354], [-110.95315, 32.52502], [-110.95514, 32.52451], [-110.95379, 32.52393], [-110.9522, 32.52174], [-110.95056, 32.52125], [-110.95089, 32.51963], [-110.95243, 32.51963], [-110.95186, 32.51881], [-110.95292, 32.51745], [-110.95481, 32.51664], [-110.95539, 32.5154], [-110.95635, 32.51544], [-110.95655, 32.51691], [-110.95771, 32.51745], [-110.95826, 32.51884], [-110.95954, 32.5179], [-110.96114, 32.51899], [-110.96229, 32.51854], [-110.96311, 32.51773], [-110.96261, 32.51555], [-110.96114, 32.51466], [-110.9609, 32.51365], [-110.96286, 32.51393], [-110.96178, 32.5123], [-110.963, 32.51203], [-110.96243, 32.51121], [-110.96306, 32.50996], [-110.96401, 32.50982], [-110.96529, 32.51186], [-110.96561, 32.51149], [-110.96574, 32.51012], [-110.96445, 32.50958], [-110.96433, 32.50875], [-110.96593, 32.50858], [-110.96785, 32.51021], [-110.96829, 32.5085], [-110.96976, 32.50707], [-110.97136, 32.50892], [-110.97193, 32.5085], [-110.97152, 32.50768], [-110.97228, 32.50741], [-110.97232, 32.50588], [-110.97423, 32.50714], [-110.97487, 32.50588], [-110.97679, 32.50785], [-110.97903, 32.50711], [-110.97994, 32.50578], [-110.97944, 32.50442], [-110.98107, 32.5028], [-110.97971, 32.49927], [-110.98001, 32.49737], [-110.97863, 32.49574], [-110.97935, 32.49593], [-110.97966, 32.49516], [-110.98126, 32.49553], [-110.9819, 32.49491], [-110.98286, 32.49558], [-110.9835, 32.49519], [-110.98382, 32.49698], [-110.98393, 32.49628], [-110.98552, 32.49547], [-110.98552, 32.49357], [-110.98427, 32.49167], [-110.98254, 32.49016], [-110.98113, 32.49112], [-110.98028, 32.48868], [-110.98254, 32.48473], [-110.98431, 32.48461], [-110.98541, 32.4862], [-110.98605, 32.48552], [-110.98701, 32.486], [-110.99059, 32.48542], [-110.98868, 32.48488], [-110.9899, 32.48407], [-110.98845, 32.48244], [-110.9889, 32.48135], [-110.98824, 32.47999], [-110.98893, 32.47942], [-110.9902, 32.4792], [-110.99148, 32.47995], [-110.995, 32.47747], [-110.99787, 32.4795], [-110.99915, 32.47712], [-111.00074, 32.47709], [-111.00338, 32.47538], [-111.0025, 32.47456], [-111.00362, 32.47364], [-111.00585, 32.47656], [-111.00777, 32.47542], [-111.00873, 32.47572], [-111.00742, 32.47755], [-111.00809, 32.47849], [-111.00841, 32.47758], [-111.0123, 32.47674], [-111.01192, 32.4753], [-111.01416, 32.47514], [-111.01486, 32.47429], [-111.01388, 32.47348], [-111.0148, 32.47309], [-111.01512, 32.47367], [-111.01639, 32.47365], [-111.01671, 32.47454], [-111.01895, 32.47332], [-111.01927, 32.47284], [-111.01654, 32.47239], [-111.01787, 32.47104], [-111.01762, 32.46995], [-111.01895, 32.47025], [-111.01932, 32.46941], [-111.02119, 32.46887], [-111.02406, 32.46984], [-111.0247, 32.46805], [-111.02789, 32.46526], [-111.02969, 32.46588], [-111.02871, 32.46778], [-111.03045, 32.4685], [-111.03236, 32.46787], [-111.03364, 32.4689], [-111.03364, 32.4661], [-111.03652, 32.4664], [-111.03722, 32.46696], [-111.03693, 32.46805], [-111.03796, 32.46859], [-111.03736, 32.46995], [-111.03811, 32.47027], [-111.04035, 32.46756], [-111.04195, 32.4683], [-111.0445, 32.46681], [-111.04674, 32.46665], [-111.0477, 32.46745], [-111.04891, 32.46588], [-111.04897, 32.46242], [-111.04993, 32.46188], [-111.05185, 32.46207], [-111.05249, 32.46301], [-111.05408, 32.46095], [-111.056, 32.45981], [-111.057, 32.46018], [-111.05445, 32.46398], [-111.06038, 32.46316], [-111.06059, 32.46886], [-111.06147, 32.47049], [-111.06015, 32.47146], [-111.05887, 32.47098], [-111.057, 32.47402], [-111.05135, 32.47782], [-111.05249, 32.47815], [-111.05318, 32.47755], [-111.05313, 32.47966], [-111.05632, 32.47652], [-111.05887, 32.47599], [-111.05983, 32.4744], [-111.06086, 32.47538], [-111.06021, 32.47674], [-111.06239, 32.47708], [-111.0643, 32.47572], [-111.06533, 32.47294], [-111.06973, 32.47239]]}}, {"type": "Feature", "properties": {"elev": 1000.0, "index": true}, "geometry": {"type": "LineString", "coordinates": [[-110.59671, 32.56608], [-110.59671, 32.56608]]}}, {"type": "Feature", "properties": {"elev": 1000.0, "index": true}, "geometry": {"type": "LineString", "coordinates": [[-110.84967, 32.54247], [-110.84967, 32.54201], [-110.84967, 32.54247]]}}, {"type": "Feature", "properties": {"elev": 1000.0, "index": true}, "geometry": {"type": "LineString", "coordinates": [[-110.89918, 32.52704], [-110.89963, 32.52668], [-110.89886, 32.52578], [-110.89918, 32.52704]]}}, {"type": "Feature", "properties": {"elev": 1000.0, "index": true}, "geometry": {"type": "LineString", "coordinates": [[-110.87363, 32.5269], [-110.87299, 32.52668], [-110.87363, 32.5269]]}}, {"type": "Feature", "properties": {"elev": 1000.0, "index": true}, "geometry": {"type": "LineString", "coordinates": [[-110.88225, 32.52651], [-110.88225, 32.52651]]}}, {"type": "Feature", "properties": {"elev": 1000.0, "index": true}, "geometry": {"type": "LineString", "coordinates": [[-110.91547, 32.52323], [-110.91547, 32.52323]]}}, {"type": "Feature", "properties": {"elev": 1000.0, "index": true}, "geometry": {"type": "LineString", "coordinates": [[-110.96497, 32.50407], [-110.96361, 32.50388], [-110.96401, 32.50286], [-110.96497, 32.5031], [-110.96497, 32.50407]]}}, {"type": "Feature", "properties": {"elev": 1000.0, "index": true}, "geometry": {"type": "LineString", "coordinates": [[-110.87905, 32.49689], [-110.87766, 32.49655], [-110.87796, 32.49465], [-110.87618, 32.49384], [-110.87522, 32.49207], [-110.87618, 32.49239], [-110.87812, 32.49112], [-110.88225, 32.48521], [-110.88289, 32.48542], [-110.88544, 32.48389], [-110.88608, 32.48415], [-110.888, 32.48269], [-110.88684, 32.48678], [-110.88527, 32.48787], [-110.88674, 32.48949], [-110.88643, 32.49031], [-110.88512, 32.49058], [-110.885, 32.49167], [-110.8839, 32.49221], [-110.88457, 32.49302], [-110.88298, 32.49384], [-110.88341, 32.49465], [-110.88193, 32.49527], [-110.87969, 32.49515], [-110.87995, 32.49628], [-110.87905, 32.49689]]}}, {"type": "Feature", "properties": {"elev": 1000.0, "index": true}, "geometry": {"type": "LineString", "coordinates": [[-110.86947, 32.49442], [-110.86906, 32.49384], [-110.87011, 32.4922], [-110.87099, 32.49329], [-110.86947, 32.49442]]}}, {"type": "Feature", "properties": {"elev": 1000.0, "index": true}, "geometry": {"type": "LineString", "coordinates": [[-110.87171, 32.49412], [-110.87147, 32.49357], [-110.87235, 32.49313], [-110.87171, 32.49412]]}}, {"type": "Feature", "properties": {"elev": 1000.0, "index": true}, "geometry": {"type": "LineString", "coordinates": [[-110.9803, 32.4878], [-110.97984, 32.48759], [-110.9803, 32.4878]]}}, {"type": "Feature", "properties": {"elev": 1000.0, "index": true}, "geometry": {"type": "LineString", "coordinates": [[-110.98158, 32.48228], [-110.98158, 32.48183], [-110.98158, 32.48228]]}}, {"type": "Feature", "properties": {"elev": 1000.0, "index": true}, "geometry": {"type": "LineString", "coordinates": [[-110.98605, 32.48027], [-110.98605, 32.47977], [-110.98746, 32.47972], [-110.98605, 32.48027]]}}, {"type": "Feature", "properties": {"elev": 1000.0, "index": true}, "geometry": {"type": "LineString", "coordinates": [[-110.99436, 32.47727], [-110.99338, 32.47646], [-110.99372, 32.47575], [-110.99479, 32.47646], [-110.99436, 32.47727]]}}, {"type": "Feature", "properties": {"elev": 1000.0, "index": true}, "geometry": {"type": "LineString", "coordinates": [[-110.99595, 32.4758], [-110.99563, 32.47533], [-110.99595, 32.4758]]}}, {"type": "Feature", "properties": {"elev": 1000.0, "index": true}, "geometry": {"type": "LineString", "coordinates": [[-111.04386, 32.46679], [-111.04418, 32.46632], [-111.04386, 32.46679]]}}, {"type": "Feature", "properties": {"elev": 1000.0, "index": true}, "geometry": {"type": "LineString", "coordinates": [[-111.0445, 32.46443], [-111.04482, 32.46297], [-111.04563, 32.46398], [-111.0445, 32.46443]]}}, {"type": "Feature", "properties": {"elev": 1000.0, "index": true}, "geometry": {"type": "LineString", "coordinates": [[-111.0445, 32.46226], [-111.0445, 32.46149], [-111.0445, 32.46226]]}}, {"type": "Feature", "properties": {"elev": 1000.0, "index": true}, "geometry": {"type": "LineString", "coordinates": [[-111.04514, 32.4609], [-111.04487, 32.46018], [-111.04593, 32.45963], [-111.04514, 32.4609]]}}, {"type": "Feature", "properties": {"elev": 1000.0, "index": true}, "geometry": {"type": "LineString", "coordinates": [[-111.05217, 32.45982], [-111.04665, 32.45963], [-111.05089, 32.45507], [-111.053, 32.45828], [-111.05217, 32.45982]]}}, {"type": "Feature", "properties": {"elev": 1000.0, "index": true}, "geometry": {"type": "LineString", "coordinates": [[-110.82763, 32.32925], [-110.82692, 32.32852], [-110.82795, 32.32866], [-110.82763, 32.32925]]}}, {"type": "Feature", "properties": {"elev": 1000.0, "index": true}, "geometry": {"type": "LineString", "coordinates": [[-110.82156, 32.32857], [-110.82124, 32.32651], [-110.82293, 32.32743], [-110.82156, 32.32857]]}}, {"type": "Feature", "properties": {"elev": 1000.0, "index": true}, "geometry": {"type": "LineString", "coordinates": [[-110.75513, 32.30933], [-110.75419, 32.30925], [-110.75513, 32.30933]]}}, {"type": "Feature", "properties": {"elev": 1000.0, "index": true}, "geometry": {"type": "LineString", "coordinates": [[-110.70083, 32.30687], [-110.70083, 32.30687]]}}, {"type": "Feature", "properties": {"elev": 1000.0, "index": true}, "geometry": {"type": "LineString", "coordinates": [[-110.70722, 32.27512], [-110.70657, 32.27504], [-110.70722, 32.27468], [-110.70722, 32.27512]]}}, {"type": "Feature", "properties": {"elev": 1000.0, "index": true}, "geometry": {"type": "LineString", "coordinates": [[-110.68135, 32.26141], [-110.68084, 32.26038], [-110.67927, 32.25984], [-110.68163, 32.25821], [-110.68076, 32.25658], [-110.68199, 32.25611], [-110.68199, 32.25776], [-110.68467, 32.25686], [-110.68278, 32.26038], [-110.68135, 32.26141]]}}, {"type": "Feature", "properties": {"elev": 1000.0, "index": true}, "geometry": {"type": "LineString", "coordinates": [[-111.05632, 32.22782], [-111.05584, 32.22754], [-111.05664, 32.22726], [-111.05632, 32.22782]]}}, {"type": "Feature", "properties": {"elev": 1000.0, "index": true}, "geometry": {"type": "LineString", "coordinates": [[-111.04865, 32.22566], [-111.04833, 32.22512], [-111.04865, 32.22566]]}}, {"type": "Feature", "properties": {"elev": 1100.0, "index": false}, "geometry": {"type": "LineString", "coordinates": [[-110.98836, 32.57609], [-110.98853, 32.57527], [-110.98925, 32.57548], [-110.99028, 32.57446], [-110.98968, 32.57256], [-110.99103, 32.57202], [-110.99196, 32.57039], [-110.98957, 32.56794], [-110.98861, 32.56869], [-110.98765, 32.56823], [-110.98765, 32.56666], [-110.99148, 32.56777], [-110.99254, 32.56605], [-110.99526, 32.5655], [-110.99433, 32.56523], [-110.99375, 32.56333], [-110.99533, 32.56143], [-110.99515, 32.56062], [-110.99633, 32.56034], [-110.99473, 32.55953], [-110.99495, 32.55654], [-110.99623, 32.55627], [-110.99406, 32.55464], [-110.99426, 32.55302], [-110.995, 32.55251], [-110.99531, 32.55334], [-110.99755, 32.55419], [-110.99659, 32.55254], [-110.99851, 32.55243], [-111.00074, 32.55415], [-111.00138, 32.5528], [-111.00043, 32.55255], [-110.99996, 32.55003], [-110.99908, 32.54949], [-110.99965, 32.54894], [-110.99868, 32.54813], [-110.99915, 32.54704], [-110.99804, 32.5446], [-110.99883, 32.54447], [-111.00043, 32.54571], [-111.00298, 32.54546], [-111.00394, 32.5462], [-111.0034, 32.54324], [-111.00554, 32.54492], [-111.00667, 32.54433], [-111.00832, 32.53971], [-111.00674, 32.5389], [-111.00752, 32.53863], [-111.00728, 32.53809], [-111.00493, 32.537], [-111.00534, 32.53537], [-111.00463, 32.53401], [-111.00745, 32.53419], [-111.00873, 32.53496], [-111.00937, 32.53426], [-111.01033, 32.53483], [-111.00962, 32.5332], [-111.00842, 32.53293], [-111.00889, 32.5313], [-111.00777, 32.52967], [-111.01001, 32.5301], [-111.00929, 32.52913], [-111.01089, 32.52886], [-111.01114, 32.52831], [-111.01029, 32.52777], [-111.01121, 32.52723], [-111.01001, 32.52726], [-111.01001, 32.5266], [-111.00891, 32.52614], [-111.01016, 32.52533], [-111.00873, 32.52517], [-111.00713, 32.52375], [-111.0049, 32.52354], [-111.00279, 32.52207], [-111.01013, 32.52098], [-111.01042, 32.52017], [-111.0089, 32.51935], [-111.01224, 32.51833], [-111.01288, 32.51555], [-111.01011, 32.51148], [-111.00962, 32.50578], [-111.00828, 32.50334], [-111.00933, 32.50198], [-111.00769, 32.50008], [-111.00777, 32.49681], [-111.00713, 32.49645], [-111.00542, 32.50008], [-111.00356, 32.50035], [-111.003, 32.50171], [-111.0017, 32.50248], [-111.0008, 32.50117], [-111.00092, 32.50008], [-111.00196, 32.49981], [-111.00121, 32.499], [-111.00202, 32.49818], [-111.00203, 32.49574], [-111.00106, 32.49524], [-111.00007, 32.49628], [-111.00003, 32.49845], [-110.99854, 32.49818], [-110.9989, 32.49927], [-110.99805, 32.49981], [-110.99804, 32.50144], [-110.99627, 32.50131], [-110.99659, 32.50021], [-110.99468, 32.4993], [-110.99426, 32.5009], [-110.99251, 32.5009], [-110.993, 32.49791], [-110.99411, 32.49845], [-110.99408, 32.49655], [-110.993, 32.49574], [-110.99677, 32.49519], [-110.99653, 32.49357], [-110.99791, 32.49139], [-110.99683, 32.49085], [-110.99744, 32.49058], [-110.99685, 32.48977], [-110.99733, 32.48814], [-110.99819, 32.48738], [-110.99949, 32.48841], [-110.99876, 32.48922], [-110.99947, 32.49069], [-111.00138, 32.48855], [-111.00298, 32.48888], [-111.00394, 32.48688], [-111.00585, 32.48695], [-111.00873, 32.48839], [-111.00905, 32.48981], [-111.00929, 32.48705], [-111.01033, 32.48622], [-111.01288, 32.48899], [-111.01256, 32.48793], [-111.01384, 32.48743], [-111.01448, 32.48793], [-111.01448, 32.48705], [-111.01367, 32.48678], [-111.01369, 32.48597], [-111.01192, 32.48573], [-111.01138, 32.48461], [-111.0148, 32.48123], [-111.01831, 32.48153], [-111.01927, 32.4793], [-111.02055, 32.47961], [-111.02214, 32.47886], [-111.02299, 32.47999], [-111.02319, 32.48108], [-111.02228, 32.48162], [-111.0231, 32.48321], [-111.02566, 32.48233], [-111.02725, 32.48323], [-111.02981, 32.48132], [-111.03428, 32.47966], [-111.03652, 32.47736], [-111.03907, 32.47738], [-111.04003, 32.47422], [-111.04227, 32.47446], [-111.04259, 32.47374], [-111.04354, 32.47436], [-111.04386, 32.46963], [-111.04642, 32.46917], [-111.0477, 32.47131], [-111.04993, 32.46974], [-111.05057, 32.468], [-111.05385, 32.46723], [-111.05568, 32.46586], [-111.05824, 32.46669], [-111.05831, 32.46778], [-111.05716, 32.47049], [-111.05528, 32.47158], [-111.05549, 32.47294], [-111.05408, 32.4737], [-111.05217, 32.47319], [-111.04897, 32.47442], [-111.04884, 32.47619], [-111.04546, 32.47731], [-111.04322, 32.47972], [-111.04099, 32.4799], [-111.03928, 32.47918], [-111.039, 32.48054], [-111.03993, 32.48162], [-111.03939, 32.48227], [-111.03748, 32.48312], [-111.03544, 32.48216], [-111.0353, 32.48407], [-111.03623, 32.48597], [-111.03545, 32.48678], [-111.03875, 32.48689], [-111.03819, 32.48597], [-111.03971, 32.48623], [-111.03971, 32.48469], [-111.04131, 32.48479], [-111.04259, 32.48409], [-111.04418, 32.4847], [-111.04462, 32.48569], [-111.04404, 32.48787], [-111.0429, 32.48835], [-111.04322, 32.48908], [-111.04514, 32.48906], [-111.04642, 32.48832], [-111.04865, 32.48857], [-111.04897, 32.48774], [-111.05153, 32.48653], [-111.05223, 32.48488], [-111.05336, 32.48515], [-111.05376, 32.48601], [-111.05458, 32.48569], [-111.056, 32.48106], [-111.05824, 32.48103], [-111.05919, 32.47995], [-111.06175, 32.47982], [-111.06207, 32.4789], [-111.06621, 32.47728], [-111.06654, 32.47452], [-111.06973, 32.47431]]}}, {"type": "Feature", "properties": {"elev": 1100.0, "index": false}, "geometry": {"type": "LineString", "coordinates": [[-110.97613, 32.57609], [-110.97711, 32.57561], [-110.97737, 32.57609]]}}, {"type": "Feature", "properties": {"elev": 1100.0, "index": false}, "geometry": {"type": "LineString", "coordinates": [[-110.8312, 32.57609], [-110.83274, 32.57533], [-110.83402, 32.57572], [-110.83721, 32.57318], [-110.84009, 32.57456], [-110.84137, 32.57346], [-110.84328, 32.57379], [-110.84424, 32.57331], [-110.84807, 32.57454], [-110.84794, 32.57256], [-110.84903, 32.57322], [-110.84934, 32.57229], [-110.85015, 32.57229], [-110.8499, 32.5712], [-110.85225, 32.57093], [-110.85127, 32.56928], [-110.85363, 32.5693], [-110.85289, 32.56686], [-110.8551, 32.56793], [-110.85536, 32.56713], [-110.85663, 32.56713], [-110.85753, 32.56605], [-110.85477, 32.56414], [-110.85588, 32.56306], [-110.85624, 32.56089], [-110.85686, 32.56034], [-110.85722, 32.56197], [-110.86404, 32.5531], [-110.86544, 32.55383], [-110.86239, 32.55736], [-110.86117, 32.56061], [-110.86277, 32.55944], [-110.86372, 32.55967], [-110.86341, 32.55844], [-110.86468, 32.55753], [-110.86596, 32.55863], [-110.86596, 32.55725], [-110.86724, 32.55806], [-110.8682, 32.5561], [-110.86947, 32.55734], [-110.86979, 32.55674], [-110.87082, 32.55709], [-110.86979, 32.5539], [-110.87171, 32.55456], [-110.87299, 32.55661], [-110.8741, 32.55437], [-110.87522, 32.55675], [-110.87566, 32.55437], [-110.87682, 32.55396], [-110.87649, 32.55274], [-110.8781, 32.5527], [-110.87905, 32.55367], [-110.87969, 32.5519], [-110.88097, 32.5529], [-110.88252, 32.5503], [-110.88417, 32.55042], [-110.88544, 32.54822], [-110.88672, 32.54863], [-110.88736, 32.54686], [-110.88857, 32.5465], [-110.88896, 32.54561], [-110.88848, 32.54786], [-110.89023, 32.54731], [-110.89343, 32.54321], [-110.89228, 32.54596], [-110.89497, 32.54541], [-110.89119, 32.54779], [-110.88693, 32.55166], [-110.89247, 32.5489], [-110.8967, 32.54759], [-110.89678, 32.54867], [-110.89471, 32.5497], [-110.89358, 32.55111], [-110.89694, 32.55022], [-110.89471, 32.55194], [-110.8979, 32.55148], [-110.89694, 32.55275], [-110.90127, 32.55302], [-110.89183, 32.5548], [-110.88971, 32.55573], [-110.89909, 32.55627], [-110.89495, 32.55736], [-110.90195, 32.55926], [-110.89886, 32.56003], [-110.89502, 32.55954], [-110.89702, 32.56116], [-110.89311, 32.56185], [-110.88655, 32.55926], [-110.88869, 32.56089], [-110.88814, 32.5617], [-110.88959, 32.56183], [-110.89003, 32.56252], [-110.88121, 32.56306], [-110.88076, 32.56333], [-110.88286, 32.56442], [-110.88004, 32.56632], [-110.88638, 32.56523], [-110.88178, 32.5693], [-110.8814, 32.57093], [-110.88257, 32.57083], [-110.88289, 32.57176], [-110.8854, 32.5693], [-110.88704, 32.56867], [-110.88792, 32.56903], [-110.88768, 32.57088], [-110.88959, 32.56793], [-110.89375, 32.56651], [-110.89209, 32.5693], [-110.89501, 32.56822], [-110.89449, 32.57012], [-110.89339, 32.57012], [-110.89337, 32.5712], [-110.88982, 32.5731], [-110.89151, 32.57359], [-110.89694, 32.57176], [-110.89797, 32.57229], [-110.89658, 32.57337], [-110.89397, 32.575], [-110.89108, 32.57582], [-110.89566, 32.57566], [-110.8959, 32.57609]]}}, {"type": "Feature", "properties": {"elev": 1100.0, "index": false}, "geometry": {"type": "LineString", "coordinates": [[-110.63121, 32.57609], [-110.62993, 32.5752], [-110.62401, 32.57555], [-110.62559, 32.575], [-110.62446, 32.57392], [-110.62482, 32.57351], [-110.62609, 32.57371], [-110.62641, 32.57306], [-110.63076, 32.57202], [-110.62629, 32.57093], [-110.62793, 32.56903], [-110.62291, 32.5712], [-110.6245, 32.56949], [-110.63269, 32.56577], [-110.63102, 32.56523], [-110.63216, 32.56426], [-110.63472, 32.56343], [-110.63599, 32.56376], [-110.63533, 32.56306], [-110.63663, 32.56224], [-110.63577, 32.56197], [-110.6361, 32.56143], [-110.63759, 32.56198], [-110.63823, 32.56135], [-110.64023, 32.5617], [-110.64008, 32.55899], [-110.6422, 32.55682], [-110.6344, 32.56023], [-110.6312, 32.56079], [-110.62514, 32.56397], [-110.62354, 32.56361], [-110.62335, 32.56469], [-110.62194, 32.56436], [-110.62162, 32.56547], [-110.62027, 32.5655], [-110.62075, 32.56523], [-110.61869, 32.56333], [-110.62042, 32.56333], [-110.61967, 32.56197], [-110.62447, 32.56143], [-110.62194, 32.56041], [-110.62258, 32.55942], [-110.62162, 32.55926], [-110.62066, 32.5601], [-110.61971, 32.55975], [-110.6191, 32.56034], [-110.61722, 32.56007], [-110.61818, 32.55953], [-110.61767, 32.55899], [-110.61843, 32.55818], [-110.61715, 32.55758], [-110.61555, 32.55838], [-110.6163, 32.55682], [-110.61345, 32.55627], [-110.61491, 32.5556], [-110.61683, 32.55574], [-110.61843, 32.55689], [-110.61788, 32.55519], [-110.62162, 32.55521], [-110.62144, 32.55464], [-110.62344, 32.55356], [-110.62354, 32.55285], [-110.61875, 32.5533], [-110.61587, 32.55209], [-110.61279, 32.55274], [-110.61429, 32.55193], [-110.61308, 32.55111], [-110.6146, 32.55009], [-110.61555, 32.55058], [-110.61822, 32.5503], [-110.61651, 32.54912], [-110.62001, 32.54867], [-110.61795, 32.54759], [-110.62016, 32.5465], [-110.61779, 32.54646], [-110.61491, 32.54786], [-110.61191, 32.5484], [-110.6148, 32.54623], [-110.61204, 32.54639], [-110.61228, 32.54541], [-110.60957, 32.54487], [-110.61108, 32.54417], [-110.61236, 32.54472], [-110.61268, 32.54387], [-110.61549, 32.5446], [-110.61525, 32.54379], [-110.61725, 32.54297], [-110.61538, 32.5427], [-110.61774, 32.54134], [-110.61848, 32.53944], [-110.61747, 32.53915], [-110.6146, 32.53991], [-110.61364, 32.53899], [-110.613, 32.53999], [-110.61172, 32.53982], [-110.61192, 32.53836], [-110.61133, 32.53809], [-110.61204, 32.53637], [-110.61012, 32.53771], [-110.60948, 32.53708], [-110.60821, 32.53812], [-110.60605, 32.53781], [-110.60674, 32.53673], [-110.61, 32.53537], [-110.60775, 32.53483], [-110.60785, 32.53374], [-110.613, 32.53307], [-110.61006, 32.53238], [-110.61333, 32.52886], [-110.61268, 32.52858], [-110.6098, 32.53025], [-110.60757, 32.53054], [-110.60569, 32.52886], [-110.6093, 32.52886], [-110.60762, 32.52831], [-110.60879, 32.52777], [-110.60655, 32.52668], [-110.60821, 32.526], [-110.61076, 32.52737], [-110.61151, 32.52668], [-110.61012, 32.52646], [-110.60948, 32.52507], [-110.61166, 32.5237], [-110.61108, 32.52299], [-110.61333, 32.52261], [-110.61203, 32.52234], [-110.61263, 32.52153], [-110.61204, 32.52145], [-110.60757, 32.52409], [-110.60658, 32.52343], [-110.60701, 32.52234], [-110.60853, 32.52233], [-110.60823, 32.52153], [-110.60965, 32.52098], [-110.60917, 32.52005], [-110.60749, 32.52071], [-110.60848, 32.51881], [-110.60661, 32.51853], [-110.60597, 32.5211], [-110.60437, 32.52132], [-110.60535, 32.5199], [-110.60432, 32.51935], [-110.60437, 32.51856], [-110.6031, 32.5189], [-110.60278, 32.5183], [-110.60062, 32.518], [-110.6015, 32.51793], [-110.60214, 32.51689], [-110.60374, 32.51798], [-110.60437, 32.51699], [-110.60533, 32.51753], [-110.60805, 32.51664], [-110.60406, 32.51528], [-110.60501, 32.51448], [-110.60885, 32.51453], [-110.61024, 32.51393], [-110.60696, 32.51284], [-110.61428, 32.50814], [-110.6026, 32.51094], [-110.59831, 32.51121], [-110.60065, 32.51012], [-110.59851, 32.50958], [-110.59863, 32.50896], [-110.60009, 32.50877], [-110.59896, 32.50768], [-110.60118, 32.5092], [-110.60159, 32.50822], [-110.60086, 32.50692], [-110.60374, 32.50806], [-110.60391, 32.50714], [-110.6031, 32.50723], [-110.60265, 32.50632], [-110.60629, 32.50565], [-110.60695, 32.50334], [-110.60982, 32.50198], [-110.60629, 32.5024], [-110.60597, 32.50165], [-110.60565, 32.50392], [-110.60374, 32.50432], [-110.60342, 32.50328], [-110.60278, 32.50472], [-110.60118, 32.50461], [-110.60086, 32.50373], [-110.59831, 32.50484], [-110.5994, 32.5028], [-110.59767, 32.50374], [-110.59671, 32.50297], [-110.59607, 32.50551], [-110.59597, 32.50442], [-110.59486, 32.50388], [-110.59565, 32.50225], [-110.59118, 32.5028], [-110.59352, 32.50105], [-110.59767, 32.50146], [-110.59892, 32.5009], [-110.59488, 32.49954], [-110.59703, 32.49838], [-110.5923, 32.49818], [-110.59288, 32.4967], [-110.59479, 32.49716], [-110.59447, 32.49564], [-110.59679, 32.49628], [-110.59578, 32.49492], [-110.59664, 32.49384], [-110.5987, 32.49411], [-110.59905, 32.49275], [-110.60022, 32.49309], [-110.60086, 32.49214], [-110.60406, 32.49236], [-110.60313, 32.49139], [-110.60661, 32.48935], [-110.60725, 32.48961], [-110.61127, 32.48732], [-110.61204, 32.48779], [-110.61236, 32.4872], [-110.61694, 32.48597], [-110.61869, 32.48461], [-110.60853, 32.4863], [-110.6015, 32.48852], [-110.60086, 32.48794], [-110.60054, 32.48872], [-110.59894, 32.48859], [-110.59543, 32.4903], [-110.59447, 32.49043], [-110.59485, 32.48977], [-110.59415, 32.48967], [-110.59117, 32.49085], [-110.59032, 32.49203], [-110.59, 32.4912], [-110.58822, 32.49221], [-110.59128, 32.48947], [-110.59, 32.48953], [-110.58968, 32.48897], [-110.58777, 32.49074]]}}, {"type": "Feature", "properties": {"elev": 1100.0, "index": false}, "geometry": {"type": "LineString", "coordinates": [[-111.06973, 32.57536], [-111.06941, 32.57457], [-111.06874, 32.57473], [-111.06857, 32.57365], [-111.06526, 32.57133], [-111.06462, 32.57244], [-111.06271, 32.57273], [-111.05947, 32.57229], [-111.05919, 32.57115], [-111.05824, 32.57208], [-111.05705, 32.57175], [-111.05632, 32.5703], [-111.0544, 32.57192], [-111.05249, 32.57049], [-111.05185, 32.57256], [-111.04975, 32.57093], [-111.04929, 32.56916], [-111.04738, 32.5683], [-111.04642, 32.56878], [-111.04418, 32.5663], [-111.04386, 32.56763], [-111.0429, 32.56695], [-111.04207, 32.56876], [-111.04277, 32.5693], [-111.04243, 32.57147], [-111.04342, 32.57609]]}}, {"type": "Feature", "properties": {"elev": 1100.0, "index": false}, "geometry": {"type": "LineString", "coordinates": [[-111.06973, 32.54969], [-111.06723, 32.54921], [-111.06835, 32.55057], [-111.0659, 32.55235], [-111.06462, 32.55228], [-111.06436, 32.55437], [-111.06335, 32.55474], [-111.06175, 32.55409], [-111.05997, 32.55519], [-111.06143, 32.55546], [-111.06207, 32.5545], [-111.06271, 32.55561], [-111.0643, 32.55557], [-111.06622, 32.55338], [-111.06782, 32.55333], [-111.06973, 32.5522]]}}, {"type": "Feature", "properties": {"elev": 1100.0, "index": false}, "geometry": {"type": "LineString", "coordinates": [[-110.58777, 32.48585], [-110.5898, 32.48569], [-110.58777, 32.48501]]}}, {"type": "Feature", "properties": {"elev": 1100.0, "index": false}, "geometry": {"type": "LineString", "coordinates": [[-111.06973, 32.48327], [-111.06846, 32.48606], [-111.06654, 32.48632], [-111.06525, 32.48705], [-111.065, 32.48814], [-111.06217, 32.48895], [-111.06351, 32.49031], [-111.06303, 32.49164], [-111.06047, 32.49087], [-111.06015, 32.49291], [-111.05872, 32.49411], [-111.06047, 32.49419], [-111.06079, 32.49346], [-111.06143, 32.49503], [-111.0633, 32.49465], [-111.0659, 32.49228], [-111.06718, 32.49229], [-111.0671, 32.49329], [-111.06426, 32.49492], [-111.06426, 32.4971], [-111.06303, 32.49728], [-111.06086, 32.49628], [-111.06043, 32.49872], [-111.05919, 32.49958], [-111.05696, 32.49967], [-111.05476, 32.50198], [-111.05664, 32.50248], [-111.05664, 32.50317], [-111.05824, 32.50244], [-111.06143, 32.50338], [-111.06303, 32.50264], [-111.06558, 32.50341], [-111.06516, 32.50198], [-111.06606, 32.49981], [-111.06789, 32.49682], [-111.06973, 32.49577]]}}, {"type": "Feature", "properties": {"elev": 1100.0, "index": false}, "geometry": {"type": "LineString", "coordinates": [[-111.06973, 32.47956], [-111.06794, 32.47999], [-111.06813, 32.48135], [-111.06973, 32.48156]]}}, {"type": "Feature", "properties": {"elev": 1100.0, "index": false}, "geometry": {"type": "LineString", "coordinates": [[-110.58777, 32.45953], [-110.59863, 32.45932], [-110.5999, 32.4601], [-110.60469, 32.45983], [-110.60529, 32.45882], [-110.5932, 32.45636], [-110.58777, 32.45621]]}}, {"type": "Feature", "properties": {"elev": 1100.0, "index": false}, "geometry": {"type": "LineString", "coordinates": [[-110.58777, 32.39103], [-110.5884, 32.38998], [-110.58936, 32.39034], [-110.59, 32.38963], [-110.58936, 32.38843], [-110.59192, 32.38987], [-110.59383, 32.38981], [-110.59447, 32.38892], [-110.59543, 32.39158], [-110.59894, 32.3916], [-110.60154, 32.3934], [-110.59926, 32.39117], [-110.59607, 32.39008], [-110.59735, 32.38845], [-110.59831, 32.38938], [-110.59981, 32.38933], [-110.59863, 32.38914], [-110.59767, 32.38774], [-110.59607, 32.38865], [-110.59415, 32.38809], [-110.59322, 32.38906], [-110.59281, 32.38878], [-110.59383, 32.38587], [-110.59671, 32.38635], [-110.59735, 32.38582], [-110.59415, 32.38513], [-110.5932, 32.38558], [-110.59291, 32.38715], [-110.59192, 32.38794], [-110.58957, 32.38607], [-110.58936, 32.38484], [-110.58777, 32.38638]]}}, {"type": "Feature", "properties": {"elev": 1100.0, "index": false}, "geometry": {"type": "LineString", "coordinates": [[-110.68597, 32.19768], [-110.68439, 32.19849], [-110.68581, 32.19958], [-110.68409, 32.20175], [-110.6871, 32.20252], [-110.6871, 32.20328], [-110.6855, 32.20408], [-110.67975, 32.20337], [-110.67444, 32.20609], [-110.67626, 32.20826], [-110.67531, 32.20962], [-110.676, 32.21044], [-110.6756, 32.21264], [-110.67113, 32.21443], [-110.6696, 32.21641], [-110.66711, 32.21722], [-110.66722, 32.21885], [-110.66654, 32.21939], [-110.66749, 32.22021], [-110.66761, 32.22211], [-110.66671, 32.22265], [-110.66715, 32.22374], [-110.66634, 32.22558], [-110.66188, 32.22645], [-110.66155, 32.22726], [-110.66043, 32.227], [-110.66091, 32.22782], [-110.66378, 32.22773], [-110.66546, 32.2289], [-110.66652, 32.23242], [-110.66378, 32.23321], [-110.66219, 32.23276], [-110.65963, 32.23321], [-110.65899, 32.23427], [-110.65771, 32.23295], [-110.65548, 32.23436], [-110.65465, 32.23351], [-110.6542, 32.23463], [-110.65326, 32.2346], [-110.65324, 32.23568], [-110.65501, 32.23622], [-110.6544, 32.23677], [-110.65819, 32.23975], [-110.65644, 32.24072], [-110.65266, 32.24084], [-110.65307, 32.24274], [-110.65133, 32.24306], [-110.65005, 32.2444], [-110.64676, 32.2441], [-110.65037, 32.24615], [-110.65187, 32.24518], [-110.65261, 32.24681], [-110.6498, 32.25007], [-110.65209, 32.25116], [-110.65005, 32.25193], [-110.64813, 32.25169], [-110.64653, 32.25366], [-110.64398, 32.25453], [-110.64302, 32.25421], [-110.64196, 32.2555], [-110.64368, 32.25577], [-110.64366, 32.25628], [-110.63951, 32.25589], [-110.63663, 32.25397], [-110.63482, 32.2555], [-110.63569, 32.25577], [-110.63603, 32.25794], [-110.63568, 32.25897], [-110.63495, 32.25903], [-110.63504, 32.25996], [-110.63216, 32.25986], [-110.63025, 32.261], [-110.62863, 32.25903], [-110.62705, 32.25857], [-110.62705, 32.25945], [-110.62514, 32.25875], [-110.62482, 32.25957], [-110.62386, 32.25864], [-110.62354, 32.2598], [-110.62226, 32.25946], [-110.61925, 32.26011], [-110.62194, 32.26019], [-110.62493, 32.2612], [-110.62453, 32.26174], [-110.62551, 32.26256], [-110.62535, 32.26337], [-110.62149, 32.26391], [-110.62673, 32.26498], [-110.62705, 32.26414], [-110.62953, 32.26364], [-110.62766, 32.26609], [-110.62862, 32.26636], [-110.62833, 32.26719], [-110.62644, 32.2688], [-110.62514, 32.27136], [-110.62801, 32.27011], [-110.63025, 32.26741], [-110.63408, 32.2666], [-110.63376, 32.2683], [-110.63408, 32.26762], [-110.63631, 32.26708], [-110.63828, 32.26391], [-110.63919, 32.26346], [-110.64015, 32.26414], [-110.64111, 32.26195], [-110.6427, 32.26264], [-110.64649, 32.25957], [-110.64781, 32.25977], [-110.64877, 32.25917], [-110.65196, 32.26122], [-110.65207, 32.26364], [-110.65306, 32.26391], [-110.65337, 32.26527], [-110.65548, 32.26311], [-110.65739, 32.26451], [-110.66187, 32.26506], [-110.66187, 32.26576], [-110.66091, 32.26577], [-110.65899, 32.26748], [-110.65899, 32.26952], [-110.65963, 32.26775], [-110.66106, 32.26799], [-110.66506, 32.26586], [-110.66443, 32.26853], [-110.66531, 32.26934], [-110.6652, 32.27043], [-110.66305, 32.27179], [-110.66219, 32.27363], [-110.66474, 32.27331], [-110.66602, 32.27381], [-110.66889, 32.27027], [-110.66985, 32.27101], [-110.67145, 32.26999], [-110.67368, 32.27052], [-110.67592, 32.27013], [-110.67688, 32.26904], [-110.67784, 32.27011], [-110.67987, 32.2688], [-110.68199, 32.26849], [-110.67975, 32.27028], [-110.67648, 32.27124], [-110.67784, 32.27121], [-110.68007, 32.27246], [-110.68327, 32.2719], [-110.68358, 32.27323], [-110.6839, 32.2727], [-110.68518, 32.27295], [-110.68582, 32.27404], [-110.6887, 32.27316], [-110.69189, 32.27356], [-110.69157, 32.27514], [-110.6889, 32.27613], [-110.68796, 32.27884], [-110.69029, 32.27793], [-110.69221, 32.27882], [-110.69442, 32.27749], [-110.69371, 32.27884], [-110.69431, 32.27966], [-110.69669, 32.27939], [-110.69636, 32.28021], [-110.69253, 32.28199], [-110.69253, 32.28261], [-110.68997, 32.28232], [-110.68754, 32.28346], [-110.69029, 32.28326], [-110.69189, 32.28472], [-110.69349, 32.28479], [-110.69604, 32.28344], [-110.69828, 32.28358], [-110.70136, 32.28264], [-110.70195, 32.28074], [-110.70283, 32.2802], [-110.70294, 32.28183], [-110.70179, 32.28305], [-110.69987, 32.28458], [-110.69828, 32.28464], [-110.69731, 32.28644], [-110.69833, 32.28753], [-110.69639, 32.2897], [-110.69924, 32.28905], [-110.70147, 32.28767], [-110.70435, 32.28759], [-110.70594, 32.28642], [-110.70777, 32.28699], [-110.70562, 32.2897], [-110.70374, 32.29052], [-110.70345, 32.29323], [-110.69944, 32.29459], [-110.69828, 32.29602], [-110.70104, 32.29676], [-110.69741, 32.2973], [-110.69802, 32.29785], [-110.69764, 32.29965], [-110.69572, 32.29945], [-110.69253, 32.29772], [-110.69125, 32.2982], [-110.69115, 32.29893], [-110.69303, 32.30029], [-110.69253, 32.3015], [-110.68901, 32.3017], [-110.6887, 32.30268], [-110.68806, 32.30247], [-110.6871, 32.30361], [-110.68582, 32.30276], [-110.68556, 32.30409], [-110.68295, 32.30549], [-110.68199, 32.30499], [-110.68071, 32.306], [-110.67911, 32.30567], [-110.67688, 32.30753], [-110.67528, 32.30769], [-110.67432, 32.30945], [-110.67528, 32.30839], [-110.67784, 32.30799], [-110.67879, 32.3067], [-110.68295, 32.30672], [-110.68486, 32.30551], [-110.68646, 32.30584], [-110.68965, 32.30515], [-110.68944, 32.30599], [-110.68658, 32.30708], [-110.69093, 32.30708], [-110.69285, 32.3063], [-110.69398, 32.30436], [-110.69764, 32.30349], [-110.69796, 32.30522], [-110.69476, 32.3077], [-110.69381, 32.30724], [-110.69125, 32.30796], [-110.68372, 32.31196], [-110.68838, 32.31113], [-110.69285, 32.30892], [-110.69419, 32.3106], [-110.69312, 32.31332], [-110.69079, 32.3144], [-110.6929, 32.3144], [-110.69796, 32.30938], [-110.69904, 32.30979], [-110.69924, 32.31125], [-110.70211, 32.3092], [-110.70305, 32.31006], [-110.7028, 32.31115], [-110.70403, 32.31149], [-110.70435, 32.30917], [-110.70623, 32.31006], [-110.70607, 32.31196], [-110.70732, 32.3125], [-110.70777, 32.31413], [-110.70655, 32.31495], [-110.7069, 32.31589], [-110.70946, 32.31561], [-110.71054, 32.31468], [-110.71029, 32.31305], [-110.71169, 32.31077], [-110.71457, 32.31026], [-110.71616, 32.3107], [-110.71872, 32.30949], [-110.7201, 32.30979], [-110.72032, 32.31207], [-110.72223, 32.31129], [-110.72543, 32.31243], [-110.72638, 32.31111], [-110.72638, 32.31475], [-110.73022, 32.31153], [-110.73405, 32.31232], [-110.73469, 32.31124], [-110.73565, 32.31115], [-110.73692, 32.31319], [-110.73807, 32.31359], [-110.73788, 32.31606], [-110.74076, 32.31537], [-110.74171, 32.31598], [-110.73926, 32.31739], [-110.73884, 32.32011], [-110.74013, 32.3182], [-110.74299, 32.31732], [-110.74482, 32.31793], [-110.74474, 32.31386], [-110.74619, 32.31199], [-110.7481, 32.31306], [-110.75066, 32.31274], [-110.75066, 32.31412], [-110.75449, 32.31289], [-110.75545, 32.31324], [-110.75705, 32.31224], [-110.7575, 32.31278], [-110.75671, 32.31576], [-110.75737, 32.31641], [-110.7596, 32.31443], [-110.76152, 32.31505], [-110.76279, 32.31341], [-110.76535, 32.31292], [-110.76599, 32.31399], [-110.7695, 32.31297], [-110.7695, 32.31446], [-110.77238, 32.31418], [-110.77238, 32.31616], [-110.77621, 32.31513], [-110.77685, 32.3169], [-110.78118, 32.31549], [-110.78246, 32.3163], [-110.78228, 32.31685], [-110.77972, 32.31756], [-110.77776, 32.32011], [-110.77543, 32.32146], [-110.77238, 32.32465], [-110.76822, 32.32647], [-110.76853, 32.32906], [-110.77014, 32.32859], [-110.77174, 32.3291], [-110.77142, 32.33051], [-110.77289, 32.32933], [-110.77238, 32.3276], [-110.77461, 32.32782], [-110.77653, 32.32655], [-110.77749, 32.32694], [-110.78068, 32.32434], [-110.78643, 32.32145], [-110.78798, 32.32146], [-110.78731, 32.32336], [-110.78835, 32.32385], [-110.79058, 32.32267], [-110.79284, 32.31956], [-110.79473, 32.31985], [-110.79569, 32.31862], [-110.7969, 32.31902], [-110.79569, 32.32099], [-110.80112, 32.31959], [-110.8024, 32.32069], [-110.80368, 32.32021], [-110.80432, 32.32092], [-110.80386, 32.32146], [-110.79827, 32.32526], [-110.7925, 32.32691], [-110.79186, 32.3277], [-110.79026, 32.32757], [-110.78867, 32.3293], [-110.78636, 32.32988], [-110.78579, 32.33164], [-110.78386, 32.33232], [-110.78391, 32.33504], [-110.78133, 32.33585], [-110.78214, 32.33666], [-110.78032, 32.33775], [-110.7799, 32.33911], [-110.78075, 32.33992], [-110.77964, 32.34046], [-110.77969, 32.34236], [-110.77737, 32.34426], [-110.77876, 32.34459], [-110.77972, 32.346], [-110.78062, 32.34589], [-110.77988, 32.34779], [-110.78063, 32.34942], [-110.77887, 32.35187], [-110.78016, 32.35458], [-110.77972, 32.355], [-110.77845, 32.3546], [-110.77723, 32.35621], [-110.77785, 32.35838], [-110.77714, 32.36191], [-110.77776, 32.36327], [-110.77677, 32.36571], [-110.77845, 32.36634], [-110.77753, 32.3649], [-110.77985, 32.35784], [-110.77946, 32.35621], [-110.78139, 32.35485], [-110.78113, 32.35241], [-110.78345, 32.35105], [-110.78363, 32.34752], [-110.78487, 32.34671], [-110.78483, 32.34363], [-110.78675, 32.34201], [-110.78867, 32.34219], [-110.78919, 32.33802], [-110.79061, 32.33829], [-110.79282, 32.33373], [-110.79505, 32.33475], [-110.79697, 32.33291], [-110.79857, 32.33336], [-110.80048, 32.33169], [-110.80048, 32.33439], [-110.80304, 32.33192], [-110.80496, 32.33143], [-110.8066, 32.33178], [-110.80669, 32.33232], [-110.80525, 32.33314], [-110.80591, 32.33466], [-110.80304, 32.3365], [-110.80132, 32.33938], [-110.80176, 32.3408], [-110.80442, 32.33856], [-110.80272, 32.34409], [-110.80591, 32.34168], [-110.80758, 32.33884], [-110.8085, 32.33884], [-110.81166, 32.33524], [-110.81262, 32.33473], [-110.8146, 32.33612], [-110.81581, 32.33434], [-110.81709, 32.33443], [-110.81741, 32.33285], [-110.81965, 32.33392], [-110.81947, 32.33558], [-110.81816, 32.33721], [-110.81844, 32.33856], [-110.8238, 32.33359], [-110.82476, 32.33554], [-110.82604, 32.33391], [-110.82795, 32.33298], [-110.83076, 32.33341], [-110.83006, 32.33558], [-110.83053, 32.33666], [-110.82978, 32.33775], [-110.82987, 32.33821], [-110.83019, 32.33761], [-110.83115, 32.33797], [-110.83222, 32.33694], [-110.83197, 32.33558], [-110.83373, 32.33476], [-110.83424, 32.33368], [-110.83364, 32.33123], [-110.83466, 32.33063], [-110.83982, 32.33259], [-110.83945, 32.33492], [-110.84105, 32.33413], [-110.84275, 32.33476], [-110.84264, 32.33354], [-110.84328, 32.33312], [-110.84488, 32.33403], [-110.84616, 32.33299], [-110.84775, 32.33295], [-110.84431, 32.33721], [-110.84552, 32.33751], [-110.84712, 32.33672], [-110.84743, 32.33871], [-110.84903, 32.33645], [-110.85095, 32.33655], [-110.85178, 32.33531], [-110.85327, 32.33748], [-110.85193, 32.33965], [-110.85338, 32.34046], [-110.85372, 32.34236], [-110.85464, 32.34236], [-110.85528, 32.34318], [-110.85414, 32.34379], [-110.85413, 32.34454], [-110.85606, 32.34699], [-110.85606, 32.34454], [-110.85713, 32.34426], [-110.85778, 32.34182], [-110.85657, 32.34046], [-110.85829, 32.33756], [-110.85925, 32.33765], [-110.85957, 32.33972], [-110.86117, 32.3384], [-110.86277, 32.33852], [-110.86309, 32.34075], [-110.86469, 32.34019], [-110.86596, 32.33753], [-110.86822, 32.33911], [-110.86851, 32.34085], [-110.86947, 32.33953], [-110.87094, 32.33965], [-110.87159, 32.33748], [-110.87299, 32.33811], [-110.87714, 32.33699], [-110.87778, 32.33796], [-110.87937, 32.33603], [-110.88257, 32.33832], [-110.88385, 32.3364], [-110.88448, 32.33683], [-110.88544, 32.33607], [-110.88699, 32.33639], [-110.8866, 32.33721], [-110.88736, 32.33721], [-110.88736, 32.33854], [-110.89023, 32.3381], [-110.89247, 32.33861], [-110.89311, 32.33812], [-110.89439, 32.33861], [-110.89502, 32.33785], [-110.89854, 32.33785], [-110.89873, 32.33884], [-110.89999, 32.33938], [-110.89826, 32.34128], [-110.89388, 32.34399], [-110.89662, 32.34451], [-110.90045, 32.34335], [-110.89886, 32.34641], [-110.90109, 32.34487], [-110.90288, 32.34454], [-110.90269, 32.34413], [-110.90432, 32.34454], [-110.90269, 32.34973], [-110.9062, 32.34707], [-110.91163, 32.34553], [-110.91279, 32.34644], [-110.91479, 32.34616], [-110.91323, 32.34949], [-110.91738, 32.34886], [-110.92058, 32.35067], [-110.92026, 32.34793], [-110.92153, 32.34809], [-110.92249, 32.34911], [-110.92537, 32.34795], [-110.92601, 32.35072], [-110.92856, 32.35005], [-110.9292, 32.35225], [-110.93207, 32.352], [-110.93233, 32.35431], [-110.93166, 32.35539], [-110.93286, 32.35567], [-110.92952, 32.35907], [-110.92601, 32.35986], [-110.92313, 32.35865], [-110.92257, 32.36001], [-110.91832, 32.363], [-110.91866, 32.36385], [-110.92122, 32.36283], [-110.92217, 32.36363], [-110.92473, 32.36327], [-110.92473, 32.36413], [-110.92856, 32.36587], [-110.92936, 32.36354], [-110.93176, 32.36268], [-110.93239, 32.3615], [-110.93686, 32.36028], [-110.93697, 32.35947], [-110.93814, 32.35926], [-110.93974, 32.35716], [-110.94166, 32.35765], [-110.9423, 32.35899], [-110.94357, 32.35775], [-110.94481, 32.35811], [-110.9435, 32.36001], [-110.94325, 32.36322], [-110.94485, 32.36294], [-110.94613, 32.36366], [-110.95124, 32.362], [-110.95188, 32.36257], [-110.95284, 32.36234], [-110.95315, 32.36395], [-110.95424, 32.36408], [-110.95125, 32.3668], [-110.95206, 32.36788], [-110.95173, 32.36951], [-110.95297, 32.3706], [-110.95251, 32.37195], [-110.95034, 32.37358], [-110.949, 32.37211], [-110.94754, 32.37195], [-110.9465, 32.37548], [-110.94382, 32.3763], [-110.94239, 32.37765], [-110.94038, 32.37831], [-110.94006, 32.37918], [-110.93495, 32.37785], [-110.93501, 32.37901], [-110.93363, 32.38064], [-110.9352, 32.38363], [-110.93495, 32.38485], [-110.93303, 32.38508], [-110.9308, 32.38647], [-110.92841, 32.3858], [-110.92735, 32.38851], [-110.9276, 32.3905], [-110.92601, 32.39017], [-110.92313, 32.38819], [-110.92197, 32.38824], [-110.92015, 32.39041], [-110.92223, 32.39476], [-110.92122, 32.39573], [-110.91834, 32.39724], [-110.91738, 32.39706], [-110.9161, 32.39546], [-110.91419, 32.39542], [-110.91131, 32.39641], [-110.9094, 32.39607], [-110.9099, 32.39774], [-110.91237, 32.40073], [-110.91163, 32.40176], [-110.90461, 32.40125], [-110.90269, 32.40041], [-110.90237, 32.39862], [-110.89802, 32.3991], [-110.90065, 32.40018], [-110.90068, 32.40181], [-110.90373, 32.4048], [-110.9042, 32.40697], [-110.90173, 32.407], [-110.89982, 32.40783], [-110.89854, 32.40931], [-110.89642, 32.41023], [-110.89457, 32.41023], [-110.89466, 32.41294], [-110.89306, 32.41403], [-110.89306, 32.41539], [-110.89151, 32.41677], [-110.88959, 32.41588], [-110.88832, 32.41627], [-110.88736, 32.41548], [-110.88576, 32.41553], [-110.88474, 32.41403], [-110.88608, 32.41343], [-110.88463, 32.41267], [-110.88448, 32.41152], [-110.88289, 32.41322], [-110.88126, 32.41349], [-110.87937, 32.41595], [-110.8781, 32.41569], [-110.87682, 32.41425], [-110.8781, 32.41789], [-110.88072, 32.41756], [-110.88193, 32.4157], [-110.88247, 32.4162], [-110.88283, 32.42], [-110.87969, 32.42151], [-110.87885, 32.42082], [-110.87842, 32.41876], [-110.87608, 32.41783], [-110.87759, 32.42], [-110.87731, 32.4219], [-110.8792, 32.4257], [-110.87896, 32.4295], [-110.88023, 32.43032], [-110.87835, 32.4314], [-110.88065, 32.43348], [-110.88055, 32.43439], [-110.87586, 32.43817], [-110.86759, 32.4409], [-110.86674, 32.44253], [-110.86761, 32.44335], [-110.86478, 32.44443], [-110.86436, 32.44721], [-110.8634, 32.44629], [-110.8634, 32.44814], [-110.86213, 32.44715], [-110.86088, 32.44878], [-110.86115, 32.45285], [-110.86288, 32.45366], [-110.86224, 32.45475], [-110.86372, 32.45487], [-110.86436, 32.45584], [-110.86596, 32.45564], [-110.86691, 32.45692], [-110.86672, 32.45855], [-110.86583, 32.45909], [-110.86521, 32.46371], [-110.86245, 32.46645], [-110.86077, 32.46425], [-110.86053, 32.4626], [-110.8581, 32.46262], [-110.85766, 32.46619], [-110.85542, 32.46469], [-110.85574, 32.47306], [-110.8551, 32.47325], [-110.85446, 32.47157], [-110.8535, 32.47183], [-110.85017, 32.47538], [-110.85057, 32.47782], [-110.85112, 32.47755], [-110.85167, 32.47836], [-110.85036, 32.47891], [-110.85189, 32.47918], [-110.85108, 32.48026], [-110.85143, 32.48162], [-110.85318, 32.48132], [-110.85452, 32.48271], [-110.85434, 32.48542], [-110.85367, 32.48569], [-110.85384, 32.48678], [-110.85213, 32.48977], [-110.85391, 32.49004], [-110.8503, 32.49601], [-110.85077, 32.49791], [-110.85159, 32.49647], [-110.85414, 32.49561], [-110.85277, 32.49628], [-110.85191, 32.4994], [-110.85382, 32.5001], [-110.85685, 32.49872], [-110.85581, 32.49981], [-110.85685, 32.50062], [-110.85626, 32.50117], [-110.85724, 32.50225], [-110.85574, 32.50347], [-110.85569, 32.5047], [-110.85702, 32.5037], [-110.85861, 32.50377], [-110.85832, 32.50307], [-110.85893, 32.50277], [-110.86117, 32.50297], [-110.86171, 32.50361], [-110.85918, 32.50442], [-110.85901, 32.50687], [-110.85695, 32.50768], [-110.85726, 32.5085], [-110.85629, 32.50958], [-110.85685, 32.5104], [-110.8556, 32.51121], [-110.85592, 32.51175], [-110.85191, 32.51352], [-110.85231, 32.51257], [-110.85159, 32.51191], [-110.85005, 32.51447], [-110.84844, 32.51528], [-110.84999, 32.51533], [-110.84903, 32.51767], [-110.85101, 32.51555], [-110.8535, 32.5147], [-110.85446, 32.51521], [-110.85542, 32.51404], [-110.85465, 32.51583], [-110.85529, 32.51691], [-110.85432, 32.51854], [-110.85504, 32.51908], [-110.85223, 32.51983], [-110.85078, 32.52098], [-110.85065, 32.52153], [-110.8525, 32.52288], [-110.853, 32.5256], [-110.85223, 32.52698], [-110.85127, 32.52644], [-110.84911, 32.52994], [-110.84919, 32.53184], [-110.84773, 32.53266], [-110.84782, 32.53428], [-110.84505, 32.537], [-110.84376, 32.5408], [-110.84433, 32.54161], [-110.84105, 32.54218], [-110.83967, 32.54324], [-110.84105, 32.54438], [-110.84255, 32.5446], [-110.84297, 32.54541], [-110.84205, 32.5465], [-110.84279, 32.54704], [-110.84232, 32.54813], [-110.84308, 32.5484], [-110.84209, 32.54894], [-110.84164, 32.54976], [-110.84226, 32.55084], [-110.84132, 32.55139], [-110.84169, 32.55244], [-110.84244, 32.55247], [-110.84236, 32.55356], [-110.84168, 32.55356], [-110.84169, 32.55498], [-110.84041, 32.55541], [-110.83977, 32.55686], [-110.84125, 32.55709], [-110.84105, 32.55829], [-110.84232, 32.55832], [-110.84226, 32.55763], [-110.84392, 32.55698], [-110.84648, 32.55709], [-110.84249, 32.5598], [-110.84616, 32.55998], [-110.84589, 32.5617], [-110.84392, 32.56152], [-110.84264, 32.5621], [-110.84386, 32.56279], [-110.8415, 32.56414], [-110.84319, 32.56442], [-110.84192, 32.56605], [-110.84232, 32.56639], [-110.84451, 32.56496], [-110.84585, 32.56496], [-110.84461, 32.56713], [-110.84484, 32.57039], [-110.8436, 32.57106], [-110.842, 32.57014], [-110.84009, 32.57092], [-110.83849, 32.57061], [-110.83849, 32.57111], [-110.83721, 32.57018], [-110.83658, 32.5709], [-110.8337, 32.56983], [-110.82859, 32.57028], [-110.82635, 32.56837], [-110.8254, 32.56831], [-110.82887, 32.57147], [-110.83274, 32.57138], [-110.83501, 32.57229], [-110.83434, 32.5743], [-110.82958, 32.57609]]}}, {"type": "Feature", "properties": {"elev": 1100.0, "index": false}, "geometry": {"type": "LineString", "coordinates": [[-110.61779, 32.56579], [-110.61577, 32.56442], [-110.61619, 32.5638], [-110.61879, 32.56496], [-110.61779, 32.56579]]}}, {"type": "Feature", "properties": {"elev": 1100.0, "index": false}, "geometry": {"type": "LineString", "coordinates": [[-110.84488, 32.56321], [-110.8441, 32.56306], [-110.84488, 32.56321]]}}, {"type": "Feature", "properties": {"elev": 1100.0, "index": false}, "geometry": {"type": "LineString", "coordinates": [[-110.63887, 32.55986], [-110.63928, 32.55953], [-110.63887, 32.55986]]}}, {"type": "Feature", "properties": {"elev": 1100.0, "index": false}, "geometry": {"type": "LineString", "coordinates": [[-110.86596, 32.55707], [-110.86596, 32.5565], [-110.86596, 32.55707]]}}, {"type": "Feature", "properties": {"elev": 1100.0, "index": false}, "geometry": {"type": "LineString", "coordinates": [[-110.61076, 32.55305], [-110.61012, 32.55275], [-110.61076, 32.55305]]}}, {"type": "Feature", "properties": {"elev": 1100.0, "index": false}, "geometry": {"type": "LineString", "coordinates": [[-110.84552, 32.53757], [-110.84552, 32.53689], [-110.84552, 32.53757]]}}, {"type": "Feature", "properties": {"elev": 1100.0, "index": false}, "geometry": {"type": "LineString", "coordinates": [[-110.60437, 32.52216], [-110.60437, 32.52162], [-110.60437, 32.52216]]}}, {"type": "Feature", "properties": {"elev": 1100.0, "index": false}, "geometry": {"type": "LineString", "coordinates": [[-110.60278, 32.52059], [-110.60212, 32.52044], [-110.60278, 32.52015], [-110.60278, 32.52059]]}}, {"type": "Feature", "properties": {"elev": 1100.0, "index": false}, "geometry": {"type": "LineString", "coordinates": [[-110.6015, 32.51122], [-110.6015, 32.51122]]}}, {"type": "Feature", "properties": {"elev": 1100.0, "index": false}, "geometry": {"type": "LineString", "coordinates": [[-110.59128, 32.49878], [-110.59128, 32.49829], [-110.59209, 32.49845], [-110.59128, 32.49878]]}}, {"type": "Feature", "properties": {"elev": 1100.0, "index": false}, "geometry": {"type": "LineString", "coordinates": [[-110.99052, 32.49384], [-110.98989, 32.49248], [-110.99104, 32.49302], [-110.99052, 32.49384]]}}, {"type": "Feature", "properties": {"elev": 1100.0, "index": false}, "geometry": {"type": "LineString", "coordinates": [[-110.99627, 32.49044], [-110.99627, 32.49044]]}}, {"type": "Feature", "properties": {"elev": 1100.0, "index": false}, "geometry": {"type": "LineString", "coordinates": [[-110.6229, 32.48462], [-110.6229, 32.48462]]}}, {"type": "Feature", "properties": {"elev": 1100.0, "index": false}, "geometry": {"type": "LineString", "coordinates": [[-110.62034, 32.48471], [-110.62034, 32.48471]]}}, {"type": "Feature", "properties": {"elev": 1100.0, "index": false}, "geometry": {"type": "LineString", "coordinates": [[-110.61971, 32.48449], [-110.61896, 32.48434], [-110.61971, 32.48449]]}}, {"type": "Feature", "properties": {"elev": 1100.0, "index": false}, "geometry": {"type": "LineString", "coordinates": [[-110.62354, 32.4841], [-110.62354, 32.4841]]}}, {"type": "Feature", "properties": {"elev": 1100.0, "index": false}, "geometry": {"type": "LineString", "coordinates": [[-111.00777, 32.48247], [-111.00522, 32.48125], [-111.0049, 32.48208], [-111.00293, 32.47891], [-111.00426, 32.47892], [-111.00429, 32.47999], [-111.00672, 32.48026], [-111.00777, 32.48247]]}}, {"type": "Feature", "properties": {"elev": 1100.0, "index": false}, "geometry": {"type": "LineString", "coordinates": [[-111.01256, 32.48154], [-111.01114, 32.48081], [-111.01256, 32.48086], [-111.01256, 32.48154]]}}, {"type": "Feature", "properties": {"elev": 1100.0, "index": false}, "geometry": {"type": "LineString", "coordinates": [[-111.01863, 32.47793], [-111.01671, 32.47786], [-111.01651, 32.47674], [-111.01831, 32.47662], [-111.01863, 32.47793]]}}, {"type": "Feature", "properties": {"elev": 1100.0, "index": false}, "geometry": {"type": "LineString", "coordinates": [[-110.8864, 32.42743], [-110.88522, 32.42679], [-110.88512, 32.42585], [-110.8831, 32.42516], [-110.88289, 32.41973], [-110.88353, 32.41919], [-110.88448, 32.41923], [-110.88424, 32.42054], [-110.88645, 32.42163], [-110.8864, 32.42743]]}}, {"type": "Feature", "properties": {"elev": 1100.0, "index": false}, "geometry": {"type": "LineString", "coordinates": [[-110.7711, 32.33083], [-110.7711, 32.33083]]}}, {"type": "Feature", "properties": {"elev": 1100.0, "index": false}, "geometry": {"type": "LineString", "coordinates": [[-110.80368, 32.33017], [-110.80368, 32.33017]]}}, {"type": "Feature", "properties": {"elev": 1100.0, "index": false}, "geometry": {"type": "LineString", "coordinates": [[-110.68327, 32.31254], [-110.68327, 32.31254]]}}, {"type": "Feature", "properties": {"elev": 1100.0, "index": false}, "geometry": {"type": "LineString", "coordinates": [[-110.6839, 32.27162], [-110.68358, 32.27081], [-110.68422, 32.27108], [-110.6839, 32.27162]]}}, {"type": "Feature", "properties": {"elev": 1100.0, "index": false}, "geometry": {"type": "LineString", "coordinates": [[-110.68295, 32.26832], [-110.68235, 32.26826], [-110.68295, 32.26832]]}}, {"type": "Feature", "properties": {"elev": 1100.0, "index": false}, "geometry": {"type": "LineString", "coordinates": [[-110.6344, 32.26352], [-110.63376, 32.26215], [-110.63489, 32.26283], [-110.6344, 32.26352]]}}, {"type": "Feature", "properties": {"elev": 1100.0, "index": false}, "geometry": {"type": "LineString", "coordinates": [[-110.65356, 32.24708], [-110.65301, 32.24708], [-110.65356, 32.24708]]}}, {"type": "Feature", "properties": {"elev": 1200.0, "index": false}, "geometry": {"type": "LineString", "coordinates": [[-111.02186, 32.57609], [-111.02274, 32.57527], [-111.02213, 32.575], [-111.02294, 32.57392], [-111.02238, 32.57337], [-111.0233, 32.57283], [-111.02239, 32.57202], [-111.02214, 32.56841], [-111.01959, 32.5693], [-111.01849, 32.56795], [-111.02058, 32.56632], [-111.01991, 32.56498], [-111.01883, 32.56469], [-111.01854, 32.56306], [-111.01927, 32.56215], [-111.0206, 32.5636], [-111.02214, 32.5635], [-111.02374, 32.56493], [-111.02438, 32.56462], [-111.02566, 32.56534], [-111.02406, 32.56504], [-111.02414, 32.56659], [-111.02648, 32.5693], [-111.0278, 32.56985], [-111.02789, 32.57165], [-111.02925, 32.57175], [-111.03219, 32.57609]]}}, {"type": "Feature", "properties": {"elev": 1200.0, "index": false}, "geometry": {"type": "LineString", "coordinates": [[-110.66319, 32.57609], [-110.66256, 32.57392], [-110.6568, 32.57392], [-110.65707, 32.57262], [-110.66155, 32.57147], [-110.66224, 32.57093], [-110.66169, 32.57039], [-110.65516, 32.57033], [-110.65196, 32.57096], [-110.65142, 32.57012], [-110.65356, 32.5692], [-110.65516, 32.56991], [-110.65612, 32.56881], [-110.65931, 32.56961], [-110.65891, 32.56795], [-110.6641, 32.5669], [-110.66378, 32.56584], [-110.6657, 32.56662], [-110.66626, 32.56605], [-110.66545, 32.56496], [-110.66714, 32.56496], [-110.66788, 32.56306], [-110.66602, 32.56247], [-110.664, 32.5636], [-110.66284, 32.56279], [-110.66241, 32.56062], [-110.66123, 32.56], [-110.65771, 32.5601], [-110.6542, 32.55869], [-110.64861, 32.5579], [-110.6526, 32.5574], [-110.65963, 32.55959], [-110.66282, 32.55847], [-110.66378, 32.55872], [-110.6664, 32.55709], [-110.66666, 32.55616], [-110.66793, 32.55677], [-110.66844, 32.55437], [-110.66674, 32.55383], [-110.66682, 32.55302], [-110.66825, 32.55315], [-110.66944, 32.55247], [-110.66936, 32.55084], [-110.67166, 32.54867], [-110.6673, 32.54949], [-110.66553, 32.55084], [-110.66475, 32.55057], [-110.66442, 32.55151], [-110.66393, 32.55057], [-110.66059, 32.55192], [-110.65963, 32.55108], [-110.65803, 32.55245], [-110.65739, 32.55199], [-110.65548, 32.55259], [-110.65165, 32.55173], [-110.65037, 32.55277], [-110.64909, 32.55216], [-110.6443, 32.55316], [-110.6459, 32.55166], [-110.6405, 32.55111], [-110.64941, 32.55016], [-110.65101, 32.54932], [-110.65145, 32.54894], [-110.65037, 32.54864], [-110.64877, 32.54924], [-110.64717, 32.54855], [-110.64558, 32.549], [-110.64261, 32.5484], [-110.6459, 32.54644], [-110.64781, 32.54625], [-110.64723, 32.54569], [-110.65101, 32.54378], [-110.65196, 32.544], [-110.65228, 32.54334], [-110.65356, 32.54352], [-110.65388, 32.54303], [-110.65069, 32.54279], [-110.63599, 32.54777], [-110.63599, 32.54677], [-110.6398, 32.54623], [-110.63815, 32.5446], [-110.64079, 32.54447], [-110.64494, 32.54318], [-110.64526, 32.54235], [-110.64107, 32.54243], [-110.64703, 32.53971], [-110.63887, 32.54089], [-110.63695, 32.54202], [-110.63516, 32.54189], [-110.63671, 32.53999], [-110.63477, 32.53917], [-110.63568, 32.53804], [-110.63791, 32.53944], [-110.63848, 32.53917], [-110.63823, 32.53817], [-110.64319, 32.53863], [-110.63942, 32.537], [-110.64015, 32.53649], [-110.64392, 32.53646], [-110.64091, 32.53537], [-110.64238, 32.53413], [-110.64941, 32.53467], [-110.65171, 32.53347], [-110.64834, 32.53347], [-110.64845, 32.53255], [-110.64622, 32.53295], [-110.64462, 32.53221], [-110.64462, 32.53155], [-110.64111, 32.53224], [-110.6427, 32.53038], [-110.63887, 32.53227], [-110.64206, 32.52851], [-110.63557, 32.5313], [-110.63755, 32.52886], [-110.64046, 32.5275], [-110.63759, 32.52748], [-110.63408, 32.52925], [-110.63408, 32.5282], [-110.63216, 32.52818], [-110.64241, 32.52234], [-110.63093, 32.52451], [-110.63249, 32.52288], [-110.6307, 32.52288], [-110.63088, 32.52211], [-110.63644, 32.52125], [-110.63233, 32.52017], [-110.63712, 32.518], [-110.63091, 32.51854], [-110.63599, 32.5159], [-110.6392, 32.51583], [-110.63811, 32.51528], [-110.63959, 32.51447], [-110.63791, 32.51406], [-110.6312, 32.51577], [-110.62769, 32.51766], [-110.62667, 32.51691], [-110.62889, 32.5161], [-110.6269, 32.51474], [-110.62833, 32.51392], [-110.62929, 32.51464], [-110.63088, 32.51462], [-110.63144, 32.5142], [-110.63043, 32.51365], [-110.63152, 32.51244], [-110.6328, 32.51316], [-110.63312, 32.51253], [-110.63376, 32.51289], [-110.63405, 32.51175], [-110.63599, 32.51174], [-110.63823, 32.51015], [-110.64155, 32.50931], [-110.63759, 32.5094], [-110.63504, 32.51026], [-110.63088, 32.50985], [-110.62897, 32.51074], [-110.62631, 32.5104], [-110.62949, 32.50985], [-110.62799, 32.50795], [-110.63248, 32.50914], [-110.63631, 32.50864], [-110.63775, 32.50768], [-110.63376, 32.50792], [-110.63118, 32.50632], [-110.63344, 32.50646], [-110.63377, 32.50578], [-110.63599, 32.50595], [-110.63695, 32.50521], [-110.63376, 32.5037], [-110.63568, 32.50293], [-110.63919, 32.50403], [-110.63732, 32.50171], [-110.63887, 32.50094], [-110.64142, 32.50179], [-110.6404, 32.50008], [-110.64302, 32.49896], [-110.64479, 32.49927], [-110.64447, 32.49845], [-110.64731, 32.49655], [-110.65129, 32.49547], [-110.64749, 32.49518], [-110.64047, 32.49698], [-110.62801, 32.50147], [-110.62737, 32.50068], [-110.62865, 32.50047], [-110.62894, 32.49981], [-110.62775, 32.49927], [-110.63188, 32.49954], [-110.63081, 32.49791], [-110.63248, 32.4969], [-110.6344, 32.49722], [-110.63376, 32.4961], [-110.63631, 32.49631], [-110.6351, 32.49547], [-110.63836, 32.49384], [-110.63823, 32.49305], [-110.64142, 32.4904], [-110.63536, 32.49378], [-110.6328, 32.49408], [-110.63184, 32.49489], [-110.63152, 32.49438], [-110.62961, 32.49557], [-110.62641, 32.4962], [-110.62542, 32.49601], [-110.63025, 32.49161], [-110.62514, 32.49383], [-110.62509, 32.49438], [-110.6229, 32.49465], [-110.61971, 32.49665], [-110.61894, 32.49655], [-110.62098, 32.49453], [-110.61508, 32.49601], [-110.61811, 32.49405], [-110.61971, 32.49384], [-110.61937, 32.49302], [-110.62098, 32.4921], [-110.61332, 32.49419], [-110.61203, 32.49384], [-110.61329, 32.49275], [-110.61217, 32.49194], [-110.61268, 32.49152], [-110.61428, 32.49281], [-110.61792, 32.49167], [-110.61666, 32.49085], [-110.61889, 32.48977], [-110.618, 32.48868], [-110.61907, 32.48855], [-110.62034, 32.48948], [-110.62123, 32.48787], [-110.62221, 32.48814], [-110.6229, 32.48711], [-110.62372, 32.48841], [-110.6245, 32.48777], [-110.62545, 32.48838], [-110.62577, 32.48758], [-110.63003, 32.48651], [-110.62708, 32.48569], [-110.63025, 32.48429], [-110.63248, 32.48427], [-110.63376, 32.48292], [-110.63568, 32.48381], [-110.63561, 32.48244], [-110.63951, 32.48178], [-110.64079, 32.48266], [-110.6427, 32.48234], [-110.64366, 32.48352], [-110.64783, 32.48325], [-110.64398, 32.48246], [-110.6443, 32.48189], [-110.65899, 32.47842], [-110.66013, 32.47755], [-110.65324, 32.4783], [-110.65133, 32.47746], [-110.64877, 32.47834], [-110.64771, 32.47728], [-110.64813, 32.47637], [-110.6459, 32.47867], [-110.63663, 32.47818], [-110.63504, 32.47899], [-110.63408, 32.47847], [-110.63344, 32.47932], [-110.63248, 32.4789], [-110.63025, 32.47988], [-110.62961, 32.47949], [-110.62929, 32.48027], [-110.62833, 32.47979], [-110.62705, 32.48065], [-110.62641, 32.48013], [-110.6245, 32.48167], [-110.62354, 32.48095], [-110.62258, 32.48203], [-110.6213, 32.48133], [-110.61971, 32.48238], [-110.6146, 32.48279], [-110.6114, 32.48373], [-110.61087, 32.48352], [-110.61172, 32.48232], [-110.61044, 32.4829], [-110.60821, 32.48201], [-110.60501, 32.48329], [-110.60429, 32.48298], [-110.60629, 32.48228], [-110.60629, 32.48166], [-110.60374, 32.48119], [-110.60182, 32.482], [-110.59824, 32.48135], [-110.59863, 32.48073], [-110.60118, 32.48145], [-110.60501, 32.47982], [-110.60789, 32.48007], [-110.60892, 32.47972], [-110.60693, 32.47909], [-110.60948, 32.47841], [-110.61364, 32.47891], [-110.61428, 32.4783], [-110.61332, 32.47857], [-110.6098, 32.47731], [-110.60214, 32.47829], [-110.59956, 32.47728], [-110.60374, 32.47717], [-110.60437, 32.47642], [-110.60629, 32.47622], [-110.60465, 32.47484], [-110.60533, 32.47437], [-110.60853, 32.47535], [-110.61076, 32.47469], [-110.60885, 32.47449], [-110.60844, 32.47321], [-110.61268, 32.47265], [-110.61555, 32.47136], [-110.62098, 32.47182], [-110.62353, 32.47049], [-110.62034, 32.47064], [-110.62002, 32.46959], [-110.61939, 32.47027], [-110.61405, 32.46968], [-110.61492, 32.46886], [-110.61396, 32.46831], [-110.61204, 32.46972], [-110.61108, 32.46986], [-110.61076, 32.46903], [-110.60789, 32.46999], [-110.60437, 32.46981], [-110.6031, 32.47069], [-110.60086, 32.47074], [-110.59926, 32.47185], [-110.59894, 32.47097], [-110.5972, 32.47076], [-110.59894, 32.47012], [-110.59945, 32.46886], [-110.60449, 32.46805], [-110.60086, 32.46726], [-110.59551, 32.46778], [-110.6015, 32.46403], [-110.60099, 32.46289], [-110.60501, 32.46447], [-110.60705, 32.46425], [-110.61171, 32.46316], [-110.60661, 32.46262], [-110.60557, 32.46208], [-110.60597, 32.46184], [-110.61683, 32.46049], [-110.62002, 32.45923], [-110.62194, 32.4595], [-110.6245, 32.45874], [-110.62514, 32.45922], [-110.62564, 32.45828], [-110.62865, 32.45838], [-110.6328, 32.45717], [-110.64015, 32.45374], [-110.64309, 32.45366], [-110.63695, 32.45276], [-110.6344, 32.45414], [-110.6328, 32.45426], [-110.63248, 32.45329], [-110.63152, 32.45412], [-110.62929, 32.45444], [-110.62897, 32.45401], [-110.62482, 32.45558], [-110.62226, 32.45536], [-110.62194, 32.45448], [-110.62066, 32.45568], [-110.61619, 32.45551], [-110.60629, 32.45654], [-110.59894, 32.45562], [-110.59375, 32.45393], [-110.6031, 32.45485], [-110.60252, 32.45366], [-110.60533, 32.45285], [-110.60725, 32.45258], [-110.60948, 32.45331], [-110.61235, 32.45258], [-110.60948, 32.45261], [-110.60725, 32.45151], [-110.59926, 32.45137], [-110.59635, 32.45013], [-110.59671, 32.44944], [-110.59799, 32.45005], [-110.60437, 32.44948], [-110.61076, 32.44997], [-110.60961, 32.44932], [-110.61158, 32.44823], [-110.60948, 32.4484], [-110.60917, 32.4473], [-110.60757, 32.44855], [-110.60607, 32.44796], [-110.60884, 32.44606], [-110.60744, 32.44552], [-110.60795, 32.44416], [-110.60683, 32.44416], [-110.60693, 32.44274], [-110.60629, 32.44329], [-110.60413, 32.44308], [-110.60512, 32.44172], [-110.60375, 32.44063], [-110.60581, 32.44036], [-110.60481, 32.43955], [-110.60155, 32.43955], [-110.60304, 32.43792], [-110.60636, 32.43683], [-110.60708, 32.43602], [-110.60342, 32.43622], [-110.6059, 32.43466], [-110.60242, 32.43466], [-110.60464, 32.4333], [-110.6031, 32.43273], [-110.60022, 32.43324], [-110.60022, 32.43263], [-110.60195, 32.43195], [-110.60214, 32.4311], [-110.60469, 32.43173], [-110.60565, 32.4308], [-110.60725, 32.43091], [-110.60975, 32.42977], [-110.60376, 32.42977], [-110.60302, 32.42923], [-110.60477, 32.42814], [-110.60118, 32.42872], [-110.60174, 32.4276], [-110.59946, 32.4276], [-110.60054, 32.42642], [-110.60437, 32.42629], [-110.60469, 32.4255], [-110.60565, 32.42566], [-110.60597, 32.42514], [-110.609, 32.42516], [-110.6082, 32.42489], [-110.60821, 32.42355], [-110.60753, 32.42462], [-110.60342, 32.42457], [-110.60031, 32.42326], [-110.60054, 32.42264], [-110.60442, 32.42299], [-110.60193, 32.42136], [-110.60281, 32.42027], [-110.60176, 32.42], [-110.60214, 32.41893], [-110.60047, 32.41837], [-110.6004, 32.41729], [-110.60385, 32.41756], [-110.60118, 32.41578], [-110.59835, 32.41539], [-110.59831, 32.4148], [-110.59894, 32.4144], [-110.60246, 32.41531], [-110.6031, 32.41411], [-110.60513, 32.41349], [-110.60469, 32.41287], [-110.60182, 32.41402], [-110.59926, 32.41192], [-110.59669, 32.41186], [-110.59735, 32.41084], [-110.60157, 32.40941], [-110.60095, 32.4086], [-110.60241, 32.40806], [-110.60005, 32.40534], [-110.6044, 32.40561], [-110.6029, 32.40371], [-110.60294, 32.40263], [-110.60163, 32.40317], [-110.6015, 32.4018], [-110.59914, 32.401], [-110.59936, 32.39964], [-110.60182, 32.39865], [-110.60345, 32.401], [-110.60342, 32.40224], [-110.60971, 32.40263], [-110.61086, 32.40371], [-110.60948, 32.40676], [-110.61044, 32.40663], [-110.61204, 32.40766], [-110.61172, 32.40649], [-110.61253, 32.40534], [-110.61364, 32.40512], [-110.61779, 32.40556], [-110.61779, 32.40688], [-110.61854, 32.40643], [-110.61849, 32.4048], [-110.62002, 32.4054], [-110.62034, 32.40647], [-110.62303, 32.4067], [-110.62116, 32.40589], [-110.62158, 32.40507], [-110.61907, 32.40329], [-110.61761, 32.40344], [-110.61675, 32.40263], [-110.61715, 32.40136], [-110.61428, 32.39959], [-110.6114, 32.39925], [-110.6114, 32.39848], [-110.60985, 32.39747], [-110.61044, 32.39701], [-110.61204, 32.39765], [-110.61268, 32.39686], [-110.61517, 32.39883], [-110.61683, 32.39925], [-110.61816, 32.39828], [-110.6142, 32.3953], [-110.61396, 32.39283], [-110.61555, 32.39321], [-110.61683, 32.39504], [-110.61808, 32.39367], [-110.61641, 32.39231], [-110.61736, 32.39177], [-110.61671, 32.39068], [-110.61747, 32.38954], [-110.61523, 32.39116], [-110.61432, 32.39014], [-110.61483, 32.38878], [-110.61332, 32.38919], [-110.6128, 32.38851], [-110.61441, 32.3877], [-110.61214, 32.38661], [-110.61409, 32.38471], [-110.6114, 32.38569], [-110.61076, 32.3844], [-110.6098, 32.38549], [-110.60725, 32.38419], [-110.60672, 32.38525], [-110.60816, 32.38607], [-110.60661, 32.38703], [-110.6031, 32.38667], [-110.60145, 32.3858], [-110.60471, 32.38498], [-110.60183, 32.38335], [-110.60348, 32.38335], [-110.60315, 32.38145], [-110.60374, 32.38091], [-110.60565, 32.38106], [-110.60752, 32.38037], [-110.60476, 32.37983], [-110.60793, 32.3763], [-110.6067, 32.37521], [-110.60848, 32.37494], [-110.60853, 32.3743], [-110.60597, 32.37487], [-110.60634, 32.37603], [-110.60565, 32.37698], [-110.6031, 32.37731], [-110.60356, 32.37793], [-110.60278, 32.37947], [-110.60086, 32.37936], [-110.59926, 32.37825], [-110.60055, 32.38118], [-110.59803, 32.38227], [-110.59447, 32.38266], [-110.59346, 32.38227], [-110.59352, 32.38114], [-110.58944, 32.38335], [-110.58871, 32.38335], [-110.58876, 32.38254], [-110.58777, 32.38294]]}}, {"type": "Feature", "properties": {"elev": 1200.0, "index": false}, "geometry": {"type": "LineString", "coordinates": [[-111.06973, 32.57063], [-111.06895, 32.57093], [-111.06941, 32.57153], [-111.06792, 32.57093], [-111.06689, 32.56957], [-111.06695, 32.56686], [-111.06526, 32.56679], [-111.06523, 32.5655], [-111.06417, 32.56469], [-111.06536, 32.5636], [-111.06303, 32.56266], [-111.06235, 32.56143], [-111.06494, 32.56209], [-111.06558, 32.56116], [-111.0642, 32.55899], [-111.06558, 32.55859], [-111.06671, 32.55654], [-111.06973, 32.5568]]}}, {"type": "Feature", "properties": {"elev": 1200.0, "index": false}, "geometry": {"type": "LineString", "coordinates": [[-111.06973, 32.56766], [-111.06773, 32.56849], [-111.06973, 32.56913]]}}, {"type": "Feature", "properties": {"elev": 1200.0, "index": false}, "geometry": {"type": "LineString", "coordinates": [[-111.06973, 32.56304], [-111.0675, 32.56229], [-111.06707, 32.56306], [-111.06718, 32.56399], [-111.06973, 32.56411]]}}, {"type": "Feature", "properties": {"elev": 1200.0, "index": false}, "geometry": {"type": "LineString", "coordinates": [[-111.06973, 32.56119], [-111.06814, 32.55986], [-111.06782, 32.55844], [-111.06705, 32.55844], [-111.06814, 32.56089], [-111.06973, 32.56188]]}}, {"type": "Feature", "properties": {"elev": 1200.0, "index": false}, "geometry": {"type": "LineString", "coordinates": [[-111.06973, 32.55824], [-111.06851, 32.5579], [-111.06973, 32.55944]]}}, {"type": "Feature", "properties": {"elev": 1200.0, "index": false}, "geometry": {"type": "LineString", "coordinates": [[-111.06973, 32.54572], [-111.06506, 32.54541], [-111.06642, 32.54677], [-111.06558, 32.54713], [-111.06367, 32.54454], [-111.06079, 32.54634], [-111.06047, 32.5457], [-111.06176, 32.54433], [-111.06015, 32.54412], [-111.05951, 32.54337], [-111.05803, 32.54433], [-111.05887, 32.54209], [-111.06015, 32.54178], [-111.06239, 32.54313], [-111.06271, 32.54164], [-111.06526, 32.54406], [-111.06782, 32.54436], [-111.06973, 32.54538]]}}, {"type": "Feature", "properties": {"elev": 1200.0, "index": false}, "geometry": {"type": "LineString", "coordinates": [[-111.06973, 32.53064], [-111.06855, 32.53021], [-111.06973, 32.53043]]}}, {"type": "Feature", "properties": {"elev": 1200.0, "index": false}, "geometry": {"type": "LineString", "coordinates": [[-111.06973, 32.52603], [-111.06846, 32.52666], [-111.06767, 32.52831], [-111.06654, 32.52837], [-111.06335, 32.52455], [-111.06397, 32.52777], [-111.06312, 32.5294], [-111.06427, 32.53048], [-111.06335, 32.53252], [-111.06202, 32.5313], [-111.06239, 32.52954], [-111.05983, 32.52944], [-111.05586, 32.52777], [-111.05701, 32.52994], [-111.05645, 32.53184], [-111.05824, 32.53237], [-111.05983, 32.53197], [-111.06338, 32.53591], [-111.0643, 32.53638], [-111.06462, 32.53584], [-111.06654, 32.53604], [-111.06629, 32.53727], [-111.06864, 32.5389], [-111.06686, 32.53907], [-111.06494, 32.5374], [-111.06394, 32.53944], [-111.06111, 32.53935], [-111.05981, 32.53809], [-111.06115, 32.53754], [-111.06111, 32.53626], [-111.06047, 32.53585], [-111.05951, 32.53663], [-111.05664, 32.53364], [-111.05515, 32.53537], [-111.05728, 32.53634], [-111.05735, 32.53727], [-111.05615, 32.53727], [-111.05504, 32.53622], [-111.05394, 32.53754], [-111.05454, 32.53781], [-111.05299, 32.53754], [-111.0523, 32.53836], [-111.05344, 32.54014], [-111.05153, 32.53851], [-111.04961, 32.53966], [-111.049, 32.53944], [-111.051, 32.54026], [-111.05145, 32.54216], [-111.05281, 32.5417], [-111.05472, 32.54299], [-111.05574, 32.54433], [-111.05504, 32.54521], [-111.05376, 32.54465], [-111.05344, 32.54622], [-111.05025, 32.54639], [-111.04833, 32.54625], [-111.04738, 32.54471], [-111.04642, 32.54503], [-111.04699, 32.54623], [-111.0461, 32.5465], [-111.04421, 32.54514], [-111.04322, 32.54567], [-111.04403, 32.54759], [-111.0424, 32.54786], [-111.04283, 32.54894], [-111.04149, 32.54949], [-111.0435, 32.54976], [-111.04322, 32.55121], [-111.04548, 32.55193], [-111.04354, 32.55305], [-111.04259, 32.5527], [-111.04238, 32.55329], [-111.04482, 32.55433], [-111.04738, 32.55332], [-111.0477, 32.55496], [-111.04897, 32.5542], [-111.04929, 32.55473], [-111.05089, 32.55464], [-111.05129, 32.55356], [-111.05249, 32.55302], [-111.05344, 32.55332], [-111.05376, 32.55276], [-111.05598, 32.55464], [-111.05281, 32.55643], [-111.05153, 32.55608], [-111.05057, 32.55764], [-111.0465, 32.55817], [-111.0466, 32.55899], [-111.04897, 32.55902], [-111.04948, 32.55953], [-111.04785, 32.56062], [-111.04833, 32.56171], [-111.0502, 32.56224], [-111.04801, 32.5636], [-111.04864, 32.56387], [-111.04833, 32.5648], [-111.04699, 32.56387], [-111.0461, 32.56131], [-111.0445, 32.56037], [-111.04354, 32.56069], [-111.04355, 32.55926], [-111.04181, 32.55682], [-111.04035, 32.55608], [-111.03971, 32.55373], [-111.03684, 32.55148], [-111.03652, 32.55], [-111.03556, 32.55059], [-111.0346, 32.54974], [-111.03425, 32.55111], [-111.03545, 32.55329], [-111.03418, 32.55953], [-111.03461, 32.56116], [-111.03652, 32.56092], [-111.03656, 32.5636], [-111.0346, 32.56417], [-111.0346, 32.56618], [-111.03364, 32.56566], [-111.03332, 32.56606], [-111.03141, 32.56424], [-111.02917, 32.56721], [-111.02661, 32.56659], [-111.02616, 32.56577], [-111.02736, 32.56523], [-111.02662, 32.56306], [-111.02801, 32.56089], [-111.02802, 32.55817], [-111.02633, 32.556], [-111.0258, 32.55329], [-111.0261, 32.5522], [-111.02727, 32.55193], [-111.02686, 32.55139], [-111.02789, 32.5507], [-111.02783, 32.54976], [-111.0263, 32.54878], [-111.02566, 32.54991], [-111.02497, 32.54949], [-111.02129, 32.54433], [-111.02246, 32.54019], [-111.0263, 32.54379], [-111.02682, 32.54243], [-111.02547, 32.54107], [-111.02545, 32.53944], [-111.02662, 32.53763], [-111.02789, 32.53745], [-111.03173, 32.53959], [-111.03238, 32.53836], [-111.03089, 32.53727], [-111.03177, 32.537], [-111.03111, 32.53646], [-111.03183, 32.5351], [-111.0303, 32.53266], [-111.0313, 32.52967], [-111.03042, 32.5294], [-111.03117, 32.52913], [-111.02974, 32.52831], [-111.02982, 32.52668], [-111.02794, 32.52587], [-111.02689, 32.52424], [-111.02794, 32.52288], [-111.02577, 32.52234], [-111.02566, 32.5212], [-111.02693, 32.52057], [-111.02757, 32.52115], [-111.02798, 32.5199], [-111.02649, 32.51827], [-111.02451, 32.51773], [-111.02663, 32.51583], [-111.02552, 32.51501], [-111.02793, 32.51501], [-111.02778, 32.51338], [-111.02642, 32.51148], [-111.02693, 32.50958], [-111.03008, 32.50985], [-111.02781, 32.5047], [-111.02598, 32.50449], [-111.02438, 32.50279], [-111.02278, 32.50381], [-111.01608, 32.50337], [-111.01581, 32.50524], [-111.0148, 32.50524], [-111.015, 32.50225], [-111.0129, 32.49845], [-111.01448, 32.49494], [-111.01544, 32.49542], [-111.01639, 32.49458], [-111.01735, 32.49524], [-111.01853, 32.49221], [-111.01929, 32.49221], [-111.01927, 32.49016], [-111.02119, 32.49089], [-111.02017, 32.48841], [-111.02151, 32.48656], [-111.02438, 32.48578], [-111.02566, 32.48631], [-111.02693, 32.48587], [-111.02789, 32.48676], [-111.02949, 32.48449], [-111.03109, 32.48455], [-111.03134, 32.48352], [-111.03205, 32.48368], [-111.03236, 32.48574], [-111.03109, 32.48516], [-111.02898, 32.49221], [-111.03051, 32.49411], [-111.02958, 32.49465], [-111.0313, 32.49547], [-111.03109, 32.49663], [-111.033, 32.49631], [-111.03524, 32.4974], [-111.03539, 32.49574], [-111.03687, 32.49411], [-111.03971, 32.49279], [-111.04131, 32.49282], [-111.04259, 32.49447], [-111.04689, 32.49411], [-111.0477, 32.49102], [-111.05025, 32.49098], [-111.05185, 32.48829], [-111.05568, 32.48762], [-111.05738, 32.48542], [-111.05765, 32.48379], [-111.06111, 32.48133], [-111.06303, 32.48134], [-111.0643, 32.47996], [-111.06573, 32.47972], [-111.06584, 32.48054], [-111.06349, 32.48379], [-111.06367, 32.48528], [-111.05951, 32.48821], [-111.05856, 32.48762], [-111.05696, 32.48783], [-111.0568, 32.48922], [-111.05779, 32.48977], [-111.0576, 32.49042], [-111.05536, 32.49026], [-111.05281, 32.49293], [-111.05114, 32.49275], [-111.05153, 32.49571], [-111.0477, 32.49536], [-111.04578, 32.49719], [-111.04584, 32.49818], [-111.04764, 32.499], [-111.04802, 32.50103], [-111.04674, 32.50153], [-111.04491, 32.50008], [-111.04451, 32.49872], [-111.04122, 32.49818], [-111.04141, 32.50062], [-111.04244, 32.50171], [-111.04193, 32.5028], [-111.04331, 32.50415], [-111.0429, 32.50541], [-111.03918, 32.50714], [-111.03899, 32.50931], [-111.03977, 32.51012], [-111.03907, 32.51121], [-111.04035, 32.51364], [-111.04119, 32.5104], [-111.04292, 32.50985], [-111.04195, 32.50897], [-111.04482, 32.5085], [-111.04546, 32.50966], [-111.04706, 32.51025], [-111.04833, 32.50831], [-111.04823, 32.51094], [-111.04961, 32.51001], [-111.05057, 32.51024], [-111.05153, 32.5129], [-111.05376, 32.51378], [-111.05401, 32.51284], [-111.05552, 32.51311], [-111.05412, 32.50877], [-111.05472, 32.50849], [-111.05693, 32.50958], [-111.05664, 32.51081], [-111.05856, 32.51071], [-111.05951, 32.51169], [-111.06143, 32.51124], [-111.06207, 32.51166], [-111.05884, 32.5123], [-111.05869, 32.51311], [-111.06047, 32.5149], [-111.06239, 32.51404], [-111.06462, 32.51481], [-111.06558, 32.51401], [-111.06641, 32.5142], [-111.06601, 32.51474], [-111.06654, 32.51498], [-111.06973, 32.51515]]}}, {"type": "Feature", "properties": {"elev": 1200.0, "index": false}, "geometry": {"type": "LineString", "coordinates": [[-111.06973, 32.51659], [-111.06782, 32.5172], [-111.06558, 32.51669], [-111.06451, 32.51854], [-111.06462, 32.51965], [-111.06622, 32.51952], [-111.06622, 32.52067], [-111.06686, 32.52036], [-111.06719, 32.52125], [-111.06825, 32.52153], [-111.06771, 32.52234], [-111.06814, 32.52326], [-111.06878, 32.52386], [-111.06973, 32.52362]]}}, {"type": "Feature", "properties": {"elev": 1200.0, "index": false}, "geometry": {"type": "LineString", "coordinates": [[-111.06973, 32.50925], [-111.06878, 32.50898], [-111.06558, 32.51062], [-111.06428, 32.50795], [-111.0675, 32.50724], [-111.06782, 32.50837], [-111.06973, 32.50817]]}}, {"type": "Feature", "properties": {"elev": 1200.0, "index": false}, "geometry": {"type": "LineString", "coordinates": [[-111.06973, 32.50696], [-111.06973, 32.50648]]}}, {"type": "Feature", "properties": {"elev": 1200.0, "index": false}, "geometry": {"type": "LineString", "coordinates": [[-111.06973, 32.50187], [-111.06925, 32.50117], [-111.06973, 32.50072]]}}, {"type": "Feature", "properties": {"elev": 1200.0, "index": false}, "geometry": {"type": "LineString", "coordinates": [[-111.06973, 32.50051], [-111.06915, 32.49818], [-111.06973, 32.49727]]}}, {"type": "Feature", "properties": {"elev": 1200.0, "index": false}, "geometry": {"type": "LineString", "coordinates": [[-111.06973, 32.47772], [-111.06846, 32.47762], [-111.06786, 32.47674], [-111.06814, 32.47591], [-111.06973, 32.47569]]}}, {"type": "Feature", "properties": {"elev": 1200.0, "index": false}, "geometry": {"type": "LineString", "coordinates": [[-111.06973, 32.47617], [-111.06973, 32.47725]]}}, {"type": "Feature", "properties": {"elev": 1200.0, "index": false}, "geometry": {"type": "LineString", "coordinates": [[-110.58777, 32.39366], [-110.59224, 32.39314], [-110.5939, 32.39394], [-110.59447, 32.39538], [-110.59863, 32.3963], [-110.60108, 32.39801], [-110.59894, 32.39807], [-110.59735, 32.39925], [-110.59703, 32.39782], [-110.59575, 32.39858], [-110.59096, 32.39689], [-110.58872, 32.39677], [-110.58777, 32.39782]]}}, {"type": "Feature", "properties": {"elev": 1200.0, "index": false}, "geometry": {"type": "LineString", "coordinates": [[-110.58777, 32.38133], [-110.58904, 32.3781], [-110.59, 32.37812], [-110.59278, 32.37575], [-110.59128, 32.37646], [-110.58809, 32.37611], [-110.58777, 32.37658]]}}, {"type": "Feature", "properties": {"elev": 1200.0, "index": false}, "geometry": {"type": "LineString", "coordinates": [[-110.58777, 32.36413], [-110.58936, 32.36379], [-110.59032, 32.36435], [-110.59114, 32.36381], [-110.58811, 32.363], [-110.58777, 32.3607]]}}, {"type": "Feature", "properties": {"elev": 1200.0, "index": false}, "geometry": {"type": "LineString", "coordinates": [[-110.58777, 32.36025], [-110.58881, 32.36028], [-110.58777, 32.35959]]}}, {"type": "Feature", "properties": {"elev": 1200.0, "index": false}, "geometry": {"type": "LineString", "coordinates": [[-110.58777, 32.35849], [-110.58904, 32.35867], [-110.5886, 32.35757], [-110.58956, 32.35702], [-110.58936, 32.35594], [-110.59, 32.35564], [-110.59096, 32.35823], [-110.59352, 32.35837], [-110.5932, 32.35689], [-110.59576, 32.35675], [-110.59267, 32.35539], [-110.59415, 32.35494], [-110.59447, 32.35412], [-110.58932, 32.35214], [-110.59224, 32.35], [-110.59352, 32.34994], [-110.59575, 32.35226], [-110.59641, 32.35187], [-110.59606, 32.35105], [-110.59671, 32.35106], [-110.59799, 32.35258], [-110.59926, 32.35222], [-110.5999, 32.35335], [-110.60086, 32.35355], [-110.6015, 32.35255], [-110.60287, 32.35295], [-110.60182, 32.35132], [-110.60086, 32.35182], [-110.59944, 32.35132], [-110.59963, 32.35024], [-110.5988, 32.34997], [-110.59926, 32.34888], [-110.60022, 32.35008], [-110.60054, 32.34929], [-110.60185, 32.34942], [-110.6031, 32.34791], [-110.60258, 32.34969], [-110.60374, 32.35021], [-110.60374, 32.349], [-110.60469, 32.34844], [-110.60629, 32.34866], [-110.60629, 32.34796], [-110.60885, 32.34844], [-110.60917, 32.3493], [-110.60981, 32.34915], [-110.60932, 32.34752], [-110.61012, 32.34721], [-110.6114, 32.34831], [-110.61236, 32.34766], [-110.61642, 32.34725], [-110.60278, 32.34664], [-110.59991, 32.34535], [-110.59941, 32.34318], [-110.60246, 32.34322], [-110.60508, 32.34209], [-110.60228, 32.34182], [-110.6031, 32.3403], [-110.60635, 32.34019], [-110.60501, 32.33953], [-110.60406, 32.33995], [-110.60305, 32.33911], [-110.60398, 32.33775], [-110.60575, 32.33721], [-110.60728, 32.33585], [-110.60684, 32.33558], [-110.60913, 32.33422], [-110.6093, 32.33232], [-110.60725, 32.33318], [-110.60638, 32.33286], [-110.60661, 32.33235], [-110.60469, 32.33338], [-110.60365, 32.33286], [-110.60342, 32.33374], [-110.6015, 32.33454], [-110.59975, 32.33314], [-110.60032, 32.33259], [-110.59894, 32.33022], [-110.59935, 32.33232], [-110.5979, 32.33476], [-110.59958, 32.33498], [-110.59913, 32.33531], [-110.6032, 32.33694], [-110.60171, 32.34046], [-110.59958, 32.34182], [-110.59799, 32.34184], [-110.59883, 32.34101], [-110.59799, 32.34023], [-110.59543, 32.34341], [-110.59427, 32.34291], [-110.59224, 32.34487], [-110.59, 32.34286], [-110.58936, 32.34421], [-110.58777, 32.34398]]}}, {"type": "Feature", "properties": {"elev": 1200.0, "index": false}, "geometry": {"type": "LineString", "coordinates": [[-110.58777, 32.33925], [-110.58884, 32.33911], [-110.58777, 32.33845]]}}, {"type": "Feature", "properties": {"elev": 1200.0, "index": false}, "geometry": {"type": "LineString", "coordinates": [[-110.58777, 32.33718], [-110.58993, 32.33612], [-110.58777, 32.33642]]}}, {"type": "Feature", "properties": {"elev": 1200.0, "index": false}, "geometry": {"type": "LineString", "coordinates": [[-110.58777, 32.27416], [-110.58872, 32.27525], [-110.58968, 32.27429], [-110.59128, 32.2748], [-110.59224, 32.2738], [-110.59376, 32.27423], [-110.59426, 32.27504], [-110.59309, 32.2764], [-110.59511, 32.27721], [-110.59466, 32.27776], [-110.59519, 32.2783], [-110.59415, 32.27884], [-110.59447, 32.27952], [-110.59572, 32.27939], [-110.59735, 32.27553], [-110.59863, 32.27678], [-110.60039, 32.27667], [-110.59981, 32.2783], [-110.59831, 32.27876], [-110.59757, 32.27993], [-110.59865, 32.2802], [-110.59885, 32.28129], [-110.59831, 32.28232], [-110.59704, 32.28264], [-110.59799, 32.28396], [-110.59958, 32.28227], [-110.60054, 32.28288], [-110.6015, 32.2823], [-110.60246, 32.28332], [-110.60342, 32.28129], [-110.60533, 32.28298], [-110.60661, 32.28162], [-110.60708, 32.28183], [-110.60821, 32.28384], [-110.60917, 32.28025], [-110.6114, 32.28104], [-110.61428, 32.2802], [-110.61364, 32.2816], [-110.61044, 32.28341], [-110.61112, 32.28427], [-110.61043, 32.28454], [-110.61085, 32.2859], [-110.6101, 32.28672], [-110.60865, 32.28617], [-110.60885, 32.28509], [-110.60597, 32.28618], [-110.60437, 32.28594], [-110.60387, 32.28672], [-110.60688, 32.28699], [-110.60661, 32.28873], [-110.60853, 32.2876], [-110.60948, 32.28895], [-110.61012, 32.28825], [-110.61012, 32.2891], [-110.61236, 32.28929], [-110.61268, 32.28825], [-110.6146, 32.28797], [-110.61491, 32.28845], [-110.61747, 32.28725], [-110.61749, 32.28997], [-110.61939, 32.29157], [-110.61989, 32.29106], [-110.61947, 32.2897], [-110.6204, 32.28916], [-110.6213, 32.28663], [-110.62203, 32.28943], [-110.6229, 32.28947], [-110.62322, 32.29083], [-110.62463, 32.29024], [-110.62422, 32.28916], [-110.62482, 32.2885], [-110.62879, 32.28753], [-110.6279, 32.28699], [-110.62899, 32.28563], [-110.62847, 32.28427], [-110.63057, 32.28551], [-110.6317, 32.284], [-110.63216, 32.28163], [-110.63025, 32.28266], [-110.62892, 32.28237], [-110.63024, 32.28156], [-110.63121, 32.27884], [-110.63228, 32.2783], [-110.63177, 32.27721], [-110.63248, 32.27504], [-110.63064, 32.27369], [-110.6344, 32.2731], [-110.63504, 32.27423], [-110.63695, 32.27474], [-110.63773, 32.27341], [-110.63711, 32.27097], [-110.63935, 32.26799], [-110.64142, 32.26746], [-110.6427, 32.26619], [-110.6443, 32.26601], [-110.64653, 32.26445], [-110.64638, 32.26636], [-110.64494, 32.26677], [-110.6443, 32.26809], [-110.64526, 32.26733], [-110.64749, 32.26796], [-110.64941, 32.26747], [-110.64846, 32.26907], [-110.65292, 32.26874], [-110.65484, 32.26917], [-110.65525, 32.26989], [-110.65005, 32.27237], [-110.64749, 32.27269], [-110.64546, 32.27423], [-110.64528, 32.27559], [-110.64717, 32.27621], [-110.6427, 32.2764], [-110.64174, 32.27525], [-110.64079, 32.27599], [-110.63855, 32.27349], [-110.63739, 32.27559], [-110.63376, 32.27641], [-110.6336, 32.27721], [-110.63536, 32.27678], [-110.63797, 32.27749], [-110.63581, 32.27993], [-110.63756, 32.28102], [-110.63568, 32.28154], [-110.63536, 32.28065], [-110.63376, 32.28032], [-110.63344, 32.28113], [-110.63341, 32.2821], [-110.63435, 32.28264], [-110.63359, 32.28346], [-110.63454, 32.284], [-110.63472, 32.28718], [-110.63611, 32.28319], [-110.63949, 32.28346], [-110.64047, 32.28608], [-110.64174, 32.28485], [-110.6427, 32.28525], [-110.64322, 32.28292], [-110.64462, 32.28226], [-110.6454, 32.284], [-110.64737, 32.28536], [-110.64723, 32.28672], [-110.6459, 32.28746], [-110.64494, 32.28917], [-110.64298, 32.28997], [-110.64526, 32.29028], [-110.64653, 32.2916], [-110.64653, 32.28912], [-110.64845, 32.28882], [-110.65112, 32.28454], [-110.65072, 32.28183], [-110.65343, 32.28183], [-110.65238, 32.27939], [-110.65323, 32.27884], [-110.65228, 32.27721], [-110.65324, 32.27771], [-110.65484, 32.27711], [-110.65707, 32.27875], [-110.65828, 32.27667], [-110.65931, 32.27698], [-110.66027, 32.27551], [-110.66219, 32.2755], [-110.6645, 32.2764], [-110.66474, 32.27747], [-110.66634, 32.27678], [-110.66587, 32.27749], [-110.66666, 32.2783], [-110.66819, 32.27749], [-110.66831, 32.27559], [-110.66953, 32.27462], [-110.67081, 32.27639], [-110.67348, 32.2745], [-110.67336, 32.27392], [-110.67592, 32.2756], [-110.67752, 32.27381], [-110.68135, 32.27475], [-110.68167, 32.27559], [-110.68422, 32.27525], [-110.68629, 32.2764], [-110.6864, 32.27803], [-110.68486, 32.27936], [-110.68327, 32.27935], [-110.68358, 32.28138], [-110.68135, 32.28194], [-110.68093, 32.28292], [-110.67879, 32.28373], [-110.67816, 32.28509], [-110.67624, 32.28624], [-110.68135, 32.28615], [-110.68454, 32.28418], [-110.68614, 32.28534], [-110.68901, 32.28461], [-110.69157, 32.28613], [-110.6942, 32.2859], [-110.68933, 32.2884], [-110.68857, 32.28943], [-110.6895, 32.29079], [-110.68742, 32.29121], [-110.6864, 32.29242], [-110.68806, 32.29192], [-110.69061, 32.29289], [-110.69285, 32.2912], [-110.69604, 32.29154], [-110.69645, 32.29215], [-110.69381, 32.29506], [-110.69253, 32.29441], [-110.68997, 32.29474], [-110.69061, 32.29623], [-110.6873, 32.29703], [-110.68857, 32.29785], [-110.6892, 32.29975], [-110.68678, 32.29945], [-110.68614, 32.301], [-110.68366, 32.3011], [-110.68358, 32.30248], [-110.68263, 32.3026], [-110.68103, 32.30159], [-110.68081, 32.30246], [-110.67943, 32.30243], [-110.67879, 32.30333], [-110.67464, 32.30212], [-110.67649, 32.3049], [-110.67304, 32.30505], [-110.67049, 32.30818], [-110.66985, 32.30833], [-110.66921, 32.30751], [-110.66761, 32.30964], [-110.66612, 32.30925], [-110.66586, 32.31169], [-110.6641, 32.3124], [-110.66346, 32.31151], [-110.66155, 32.31397], [-110.66027, 32.31402], [-110.65963, 32.31306], [-110.65852, 32.31359], [-110.65953, 32.3144], [-110.65843, 32.31495], [-110.65899, 32.31559], [-110.66091, 32.31593], [-110.66314, 32.31438], [-110.66634, 32.3134], [-110.66793, 32.31323], [-110.66793, 32.31421], [-110.65931, 32.31831], [-110.6557, 32.31766], [-110.65556, 32.31576], [-110.65292, 32.31664], [-110.65292, 32.31557], [-110.65101, 32.31586], [-110.64973, 32.31492], [-110.64882, 32.31576], [-110.64909, 32.31632], [-110.64758, 32.31685], [-110.64877, 32.31735], [-110.64877, 32.31806], [-110.64526, 32.31651], [-110.64557, 32.31739], [-110.64445, 32.3182], [-110.64584, 32.31848], [-110.64543, 32.31956], [-110.64622, 32.32011], [-110.64398, 32.32097], [-110.64111, 32.32023], [-110.6402, 32.32146], [-110.64263, 32.32228], [-110.64019, 32.32309], [-110.64059, 32.32363], [-110.63951, 32.32463], [-110.63663, 32.32452], [-110.63568, 32.32392], [-110.63551, 32.32472], [-110.63472, 32.32473], [-110.63387, 32.32391], [-110.63457, 32.32309], [-110.63408, 32.32243], [-110.63376, 32.32348], [-110.63344, 32.32278], [-110.63298, 32.32391], [-110.63226, 32.32391], [-110.63248, 32.32485], [-110.63408, 32.32516], [-110.63088, 32.32589], [-110.62968, 32.32472], [-110.62985, 32.32336], [-110.62865, 32.32301], [-110.62949, 32.32363], [-110.62894, 32.32499], [-110.62947, 32.32716], [-110.63065, 32.32716], [-110.62966, 32.32852], [-110.62884, 32.32825], [-110.62897, 32.33005], [-110.62993, 32.3291], [-110.63152, 32.32917], [-110.63248, 32.32769], [-110.63472, 32.32696], [-110.6351, 32.32771], [-110.63329, 32.33069], [-110.63568, 32.33058], [-110.63448, 32.32961], [-110.63536, 32.32842], [-110.63727, 32.32905], [-110.638, 32.32798], [-110.63771, 32.32662], [-110.6389, 32.32608], [-110.6387, 32.32716], [-110.63951, 32.32778], [-110.64079, 32.32599], [-110.64206, 32.32591], [-110.64238, 32.32671], [-110.64302, 32.32546], [-110.6443, 32.32557], [-110.64494, 32.32486], [-110.64572, 32.32581], [-110.6441, 32.32662], [-110.64462, 32.32722], [-110.64494, 32.32665], [-110.64653, 32.32676], [-110.6474, 32.32418], [-110.64813, 32.32441], [-110.64909, 32.32373], [-110.64975, 32.32391], [-110.64939, 32.32526], [-110.65008, 32.32743], [-110.65004, 32.32581], [-110.65165, 32.32423], [-110.6526, 32.32612], [-110.65324, 32.32458], [-110.6558, 32.32615], [-110.65571, 32.32472], [-110.65806, 32.32445], [-110.65356, 32.32363], [-110.65337, 32.32255], [-110.65037, 32.32144], [-110.65038, 32.32065], [-110.6526, 32.31911], [-110.6542, 32.31901], [-110.65612, 32.32109], [-110.65771, 32.32101], [-110.65803, 32.32286], [-110.66123, 32.32214], [-110.66378, 32.32035], [-110.6657, 32.32003], [-110.6673, 32.32079], [-110.6714, 32.3163], [-110.67082, 32.3144], [-110.67145, 32.31332], [-110.67368, 32.3116], [-110.67592, 32.31148], [-110.67847, 32.30997], [-110.67931, 32.31006], [-110.67957, 32.31088], [-110.67816, 32.31196], [-110.67815, 32.31294], [-110.67496, 32.31512], [-110.67847, 32.31383], [-110.67943, 32.31283], [-110.67992, 32.31359], [-110.67815, 32.31529], [-110.67464, 32.31619], [-110.67414, 32.3182], [-110.66921, 32.32063], [-110.6695, 32.32282], [-110.67049, 32.3208], [-110.67752, 32.32046], [-110.67804, 32.31902], [-110.67984, 32.31875], [-110.6855, 32.31352], [-110.69029, 32.31243], [-110.68475, 32.31576], [-110.68561, 32.31712], [-110.68384, 32.31902], [-110.68486, 32.31987], [-110.68518, 32.31915], [-110.68774, 32.31817], [-110.68901, 32.31943], [-110.69125, 32.31757], [-110.69253, 32.31902], [-110.69476, 32.31644], [-110.6954, 32.31705], [-110.69764, 32.31655], [-110.69892, 32.31723], [-110.70041, 32.31685], [-110.70051, 32.31512], [-110.70243, 32.3159], [-110.70498, 32.31504], [-110.70681, 32.31875], [-110.70598, 32.32119], [-110.70275, 32.32586], [-110.70562, 32.32431], [-110.7061, 32.32282], [-110.7085, 32.3208], [-110.70986, 32.31848], [-110.70957, 32.31685], [-110.71169, 32.3159], [-110.71212, 32.31468], [-110.71393, 32.31379], [-110.7152, 32.31438], [-110.71552, 32.31379], [-110.71744, 32.3143], [-110.71872, 32.3138], [-110.71904, 32.3164], [-110.72191, 32.31442], [-110.72479, 32.31475], [-110.72511, 32.31771], [-110.7299, 32.31455], [-110.73149, 32.31506], [-110.73341, 32.31419], [-110.73349, 32.31603], [-110.73437, 32.31675], [-110.73469, 32.31591], [-110.73628, 32.31527], [-110.73641, 32.31712], [-110.73767, 32.31766], [-110.73609, 32.32146], [-110.73816, 32.32201], [-110.73737, 32.32282], [-110.73724, 32.3252], [-110.73898, 32.32418], [-110.74083, 32.31983], [-110.74331, 32.31862], [-110.74523, 32.32025], [-110.74683, 32.31551], [-110.75066, 32.31713], [-110.75162, 32.31535], [-110.75545, 32.31502], [-110.75561, 32.31712], [-110.75439, 32.31983], [-110.75481, 32.32106], [-110.75896, 32.31742], [-110.75979, 32.31875], [-110.7612, 32.31842], [-110.76311, 32.31603], [-110.76695, 32.31767], [-110.77046, 32.31637], [-110.77191, 32.31766], [-110.77397, 32.31775], [-110.77522, 32.31929], [-110.77721, 32.31929], [-110.7766, 32.32038], [-110.77461, 32.32082], [-110.77164, 32.32391], [-110.77013, 32.32391], [-110.77014, 32.32503], [-110.76535, 32.32599], [-110.76401, 32.32798], [-110.76697, 32.32743], [-110.76647, 32.32879], [-110.76762, 32.33042], [-110.76647, 32.33232], [-110.76704, 32.33314], [-110.76619, 32.33476], [-110.76674, 32.33558], [-110.76503, 32.34058], [-110.76631, 32.33995], [-110.76944, 32.33368], [-110.77078, 32.33234], [-110.7727, 32.33145], [-110.77365, 32.33217], [-110.77512, 32.33151], [-110.77541, 32.32988], [-110.77459, 32.32879], [-110.77845, 32.32813], [-110.781, 32.32548], [-110.78228, 32.32543], [-110.78324, 32.32407], [-110.78483, 32.32334], [-110.78499, 32.32418], [-110.78643, 32.32432], [-110.78771, 32.32562], [-110.79154, 32.3236], [-110.79218, 32.32132], [-110.79314, 32.32275], [-110.79996, 32.32146], [-110.80013, 32.32391], [-110.78835, 32.32674], [-110.78528, 32.32906], [-110.78483, 32.33042], [-110.78356, 32.33036], [-110.78199, 32.33178], [-110.78154, 32.33422], [-110.78009, 32.33449], [-110.77884, 32.33802], [-110.77794, 32.33829], [-110.77813, 32.34107], [-110.7756, 32.34426], [-110.77589, 32.34616], [-110.77749, 32.34573], [-110.77849, 32.34671], [-110.77882, 32.34915], [-110.7768, 32.35377], [-110.77557, 32.35427], [-110.77461, 32.35243], [-110.77323, 32.35567], [-110.7745, 32.35757], [-110.77339, 32.35892], [-110.77419, 32.35947], [-110.77505, 32.36381], [-110.77369, 32.36381], [-110.7695, 32.36047], [-110.76918, 32.36165], [-110.76822, 32.36089], [-110.76783, 32.36245], [-110.76982, 32.36431], [-110.76886, 32.36415], [-110.76727, 32.36526], [-110.76535, 32.3649], [-110.76596, 32.36598], [-110.76754, 32.36652], [-110.76764, 32.36761], [-110.76659, 32.36815], [-110.76738, 32.36842], [-110.76759, 32.36989], [-110.7695, 32.36828], [-110.77078, 32.36813], [-110.7711, 32.36887], [-110.77333, 32.3685], [-110.77525, 32.37114], [-110.77685, 32.36909], [-110.77785, 32.36951], [-110.77749, 32.3708], [-110.78132, 32.37138], [-110.7826, 32.37188], [-110.7826, 32.37259], [-110.78451, 32.37316], [-110.78675, 32.37279], [-110.79154, 32.37432], [-110.79218, 32.37699], [-110.7941, 32.37821], [-110.79297, 32.37657], [-110.79354, 32.37521], [-110.79277, 32.37521], [-110.79317, 32.3744], [-110.7925, 32.37295], [-110.78764, 32.37141], [-110.78961, 32.3706], [-110.78962, 32.37002], [-110.78739, 32.37018], [-110.78228, 32.36611], [-110.781, 32.36662], [-110.78037, 32.36137], [-110.78164, 32.35627], [-110.78372, 32.35512], [-110.78356, 32.35451], [-110.7822, 32.35431], [-110.78181, 32.35295], [-110.7826, 32.35217], [-110.78371, 32.35241], [-110.78483, 32.35077], [-110.7879, 32.35159], [-110.78581, 32.34752], [-110.78611, 32.34349], [-110.78707, 32.34287], [-110.78835, 32.34384], [-110.78947, 32.34372], [-110.79055, 32.34182], [-110.78961, 32.34128], [-110.79038, 32.33965], [-110.79154, 32.33912], [-110.79232, 32.33721], [-110.79355, 32.33666], [-110.79378, 32.33538], [-110.79441, 32.33629], [-110.79697, 32.33598], [-110.79761, 32.33419], [-110.79908, 32.33531], [-110.79761, 32.33833], [-110.79953, 32.33707], [-110.80019, 32.33748], [-110.80006, 32.34019], [-110.79858, 32.34264], [-110.80158, 32.34264], [-110.80104, 32.34698], [-110.80023, 32.34807], [-110.80112, 32.34927], [-110.80176, 32.34792], [-110.80294, 32.34807], [-110.80282, 32.34698], [-110.80397, 32.34562], [-110.80567, 32.34535], [-110.80473, 32.34426], [-110.80687, 32.34275], [-110.80815, 32.3427], [-110.80871, 32.34019], [-110.81038, 32.33933], [-110.81198, 32.33671], [-110.81262, 32.33641], [-110.81355, 32.33775], [-110.8146, 32.33802], [-110.81677, 32.33575], [-110.81735, 32.33585], [-110.81675, 32.33694], [-110.81711, 32.33802], [-110.81602, 32.34128], [-110.81741, 32.34405], [-110.81816, 32.34074], [-110.81933, 32.34034], [-110.82011, 32.33829], [-110.82188, 32.33671], [-110.82316, 32.33627], [-110.82443, 32.33992], [-110.82604, 32.34033], [-110.82514, 32.33856], [-110.82605, 32.33775], [-110.82604, 32.33614], [-110.82795, 32.33505], [-110.82923, 32.33537], [-110.82851, 32.33965], [-110.82994, 32.34264], [-110.82923, 32.34553], [-110.83103, 32.34399], [-110.83114, 32.34209], [-110.82996, 32.33992], [-110.83083, 32.33905], [-110.83146, 32.33966], [-110.83329, 32.33829], [-110.8333, 32.33639], [-110.83434, 32.33578], [-110.8353, 32.33294], [-110.83689, 32.33313], [-110.83817, 32.33416], [-110.83783, 32.33721], [-110.83986, 32.33639], [-110.84105, 32.33773], [-110.84296, 32.3383], [-110.8436, 32.34003], [-110.84616, 32.33891], [-110.84616, 32.34079], [-110.84903, 32.34016], [-110.85017, 32.33829], [-110.85194, 32.34209], [-110.85187, 32.34345], [-110.85278, 32.34372], [-110.85318, 32.34645], [-110.8546, 32.34698], [-110.85286, 32.34834], [-110.85334, 32.34888], [-110.85281, 32.34942], [-110.85424, 32.34969], [-110.85478, 32.35056], [-110.8551, 32.34831], [-110.85849, 32.34942], [-110.85774, 32.34535], [-110.85861, 32.34456], [-110.85816, 32.34372], [-110.85896, 32.34264], [-110.85829, 32.3408], [-110.85957, 32.34172], [-110.86149, 32.34026], [-110.86149, 32.34337], [-110.8666, 32.34093], [-110.86724, 32.34449], [-110.87043, 32.34122], [-110.87235, 32.34216], [-110.87327, 32.33965], [-110.87426, 32.33906], [-110.87586, 32.33933], [-110.87682, 32.33881], [-110.87746, 32.34069], [-110.87874, 32.33846], [-110.87969, 32.33826], [-110.88129, 32.34122], [-110.88288, 32.34101], [-110.88448, 32.33929], [-110.8848, 32.33993], [-110.88608, 32.33964], [-110.88736, 32.34064], [-110.89055, 32.33959], [-110.89279, 32.34015], [-110.89343, 32.33936], [-110.89439, 32.33988], [-110.89621, 32.33938], [-110.89629, 32.34074], [-110.89119, 32.34354], [-110.88941, 32.34535], [-110.89183, 32.3459], [-110.89375, 32.34559], [-110.89594, 32.34644], [-110.89425, 32.34834], [-110.89407, 32.35004], [-110.89726, 32.3488], [-110.89822, 32.34926], [-110.9006, 32.34752], [-110.90109, 32.34633], [-110.90173, 32.34659], [-110.90213, 32.34834], [-110.90045, 32.34944], [-110.90016, 32.35187], [-110.89863, 32.35349], [-110.89918, 32.35369], [-110.90173, 32.35238], [-110.90274, 32.35268], [-110.90269, 32.35132], [-110.90716, 32.34791], [-110.91067, 32.34731], [-110.91154, 32.34779], [-110.91124, 32.34888], [-110.90844, 32.35099], [-110.90812, 32.35217], [-110.91004, 32.35199], [-110.91163, 32.35311], [-110.91579, 32.3502], [-110.92058, 32.35343], [-110.92217, 32.35294], [-110.92238, 32.35078], [-110.92313, 32.35034], [-110.92473, 32.35181], [-110.92728, 32.35212], [-110.9276, 32.3536], [-110.93001, 32.35458], [-110.92841, 32.35648], [-110.93046, 32.35702], [-110.92728, 32.35883], [-110.92549, 32.35838], [-110.92326, 32.35567], [-110.92185, 32.35522], [-110.92097, 32.35919], [-110.91519, 32.36327], [-110.91519, 32.36408], [-110.91104, 32.36815], [-110.91515, 32.36834], [-110.91642, 32.36675], [-110.91994, 32.36495], [-110.9209, 32.36543], [-110.9209, 32.36629], [-110.92217, 32.36571], [-110.92377, 32.36611], [-110.92888, 32.36939], [-110.92952, 32.36891], [-110.9308, 32.36923], [-110.93037, 32.36435], [-110.93271, 32.36402], [-110.93399, 32.36247], [-110.93711, 32.36191], [-110.9391, 32.35979], [-110.94038, 32.35934], [-110.94102, 32.36052], [-110.9423, 32.36051], [-110.94146, 32.36408], [-110.94261, 32.36482], [-110.94613, 32.36538], [-110.94741, 32.3643], [-110.9506, 32.36338], [-110.95203, 32.36408], [-110.95239, 32.3649], [-110.9496, 32.3668], [-110.9497, 32.36978], [-110.95112, 32.37114], [-110.95092, 32.37173], [-110.94741, 32.36973], [-110.94562, 32.37114], [-110.94645, 32.37418], [-110.94517, 32.37489], [-110.94315, 32.37467], [-110.9391, 32.3771], [-110.93591, 32.375], [-110.93326, 32.37494], [-110.93358, 32.37657], [-110.93164, 32.3782], [-110.93104, 32.38064], [-110.93304, 32.38335], [-110.93112, 32.38487], [-110.92672, 32.38308], [-110.92569, 32.38783], [-110.92185, 32.38415], [-110.92026, 32.38371], [-110.91994, 32.38496], [-110.91738, 32.38652], [-110.91688, 32.3877], [-110.9178, 32.38878], [-110.91727, 32.39014], [-110.9198, 32.39421], [-110.91898, 32.39495], [-110.91483, 32.39332], [-110.91099, 32.39476], [-110.91067, 32.39174], [-110.90812, 32.39211], [-110.90512, 32.39096], [-110.9055, 32.39421], [-110.90667, 32.39476], [-110.90776, 32.39801], [-110.90914, 32.39937], [-110.90588, 32.40009], [-110.90397, 32.39801], [-110.90301, 32.39495], [-110.90077, 32.39473], [-110.90013, 32.39617], [-110.8963, 32.39708], [-110.89407, 32.39666], [-110.89279, 32.39568], [-110.89259, 32.3972], [-110.89438, 32.39856], [-110.89439, 32.4006], [-110.89854, 32.4011], [-110.90156, 32.40534], [-110.89854, 32.40653], [-110.89726, 32.40813], [-110.89343, 32.40847], [-110.89256, 32.40996], [-110.89309, 32.41213], [-110.89074, 32.41403], [-110.88859, 32.4143], [-110.88799, 32.41159], [-110.88704, 32.41065], [-110.8864, 32.41112], [-110.88627, 32.40969], [-110.88512, 32.40897], [-110.88193, 32.41178], [-110.87969, 32.41242], [-110.87902, 32.41159], [-110.87982, 32.40969], [-110.87746, 32.40798], [-110.87843, 32.40969], [-110.87682, 32.41104], [-110.87554, 32.41389], [-110.87108, 32.4124], [-110.86883, 32.41045], [-110.86749, 32.41077], [-110.86844, 32.41131], [-110.86897, 32.41376], [-110.87307, 32.41783], [-110.87158, 32.41892], [-110.87593, 32.42109], [-110.87539, 32.42326], [-110.87664, 32.42407], [-110.87741, 32.42624], [-110.87714, 32.42949], [-110.87035, 32.43195], [-110.87778, 32.43315], [-110.8786, 32.43493], [-110.87299, 32.43741], [-110.87043, 32.43698], [-110.86851, 32.43868], [-110.85957, 32.4381], [-110.85829, 32.43728], [-110.85861, 32.43916], [-110.85734, 32.43857], [-110.85567, 32.43955], [-110.85581, 32.44226], [-110.85489, 32.44389], [-110.85437, 32.44796], [-110.8535, 32.44917], [-110.85253, 32.44905], [-110.85171, 32.45095], [-110.85191, 32.45262], [-110.853, 32.45285], [-110.85215, 32.45393], [-110.85293, 32.45448], [-110.85246, 32.45502], [-110.85327, 32.45719], [-110.84895, 32.46343], [-110.84922, 32.46561], [-110.84667, 32.46995], [-110.84648, 32.47761], [-110.8445, 32.47972], [-110.84494, 32.48135], [-110.84344, 32.48597], [-110.84379, 32.48705], [-110.84264, 32.48949], [-110.84138, 32.49031], [-110.84267, 32.49194], [-110.84179, 32.49275], [-110.84137, 32.49574], [-110.842, 32.4962], [-110.84584, 32.49527], [-110.84605, 32.49655], [-110.84468, 32.49927], [-110.8448, 32.50171], [-110.84377, 32.50307], [-110.84073, 32.50485], [-110.84009, 32.50449], [-110.83839, 32.50714], [-110.84376, 32.50687], [-110.84349, 32.50877], [-110.84199, 32.50904], [-110.84247, 32.5104], [-110.84121, 32.51121], [-110.8414, 32.51257], [-110.83817, 32.5135], [-110.83989, 32.51447], [-110.83963, 32.51637], [-110.83902, 32.51664], [-110.83944, 32.51718], [-110.8386, 32.518], [-110.83873, 32.51881], [-110.83966, 32.51908], [-110.83762, 32.52098], [-110.84009, 32.52122], [-110.84169, 32.52286], [-110.84264, 32.52291], [-110.84296, 32.52196], [-110.84376, 32.52234], [-110.84197, 32.5256], [-110.84292, 32.52614], [-110.84174, 32.52668], [-110.84285, 32.52886], [-110.84214, 32.52913], [-110.84228, 32.53021], [-110.83887, 32.5313], [-110.83838, 32.53456], [-110.83739, 32.5351], [-110.83747, 32.537], [-110.83594, 32.53697], [-110.8353, 32.53586], [-110.83527, 32.54053], [-110.83377, 32.54053], [-110.83216, 32.54161], [-110.83218, 32.5427], [-110.83129, 32.54297], [-110.83201, 32.54406], [-110.82955, 32.54474], [-110.82444, 32.55073], [-110.82347, 32.55084], [-110.82511, 32.55302], [-110.8238, 32.55415], [-110.82674, 32.55437], [-110.8254, 32.55574], [-110.82635, 32.55695], [-110.82731, 32.55587], [-110.82833, 32.55627], [-110.82785, 32.55844], [-110.83177, 32.56252], [-110.83087, 32.56469], [-110.83306, 32.56352], [-110.8353, 32.56357], [-110.83754, 32.56577], [-110.83799, 32.56713], [-110.83658, 32.56764], [-110.8321, 32.56622], [-110.83051, 32.56877], [-110.82787, 32.56713], [-110.82827, 32.566], [-110.82604, 32.56658], [-110.82354, 32.56496], [-110.82329, 32.56442], [-110.82444, 32.5632], [-110.8222, 32.56448], [-110.82092, 32.56418], [-110.81933, 32.56232], [-110.81772, 32.56197], [-110.81741, 32.56288], [-110.81645, 32.56189], [-110.81454, 32.56182], [-110.81581, 32.56095], [-110.8152, 32.56034], [-110.81647, 32.55844], [-110.81486, 32.5593], [-110.81341, 32.55736], [-110.81569, 32.55627], [-110.8155, 32.55556], [-110.81216, 32.55709], [-110.81276, 32.55872], [-110.81166, 32.55937], [-110.81106, 32.56197], [-110.80911, 32.56101], [-110.80847, 32.56141], [-110.80775, 32.55926], [-110.80432, 32.55909], [-110.80261, 32.55763], [-110.80432, 32.55543], [-110.80176, 32.55672], [-110.79953, 32.55627], [-110.79825, 32.55674], [-110.79739, 32.55573], [-110.79783, 32.55383], [-110.79698, 32.55302], [-110.79441, 32.55156], [-110.79272, 32.55166], [-110.79313, 32.5522], [-110.79441, 32.55204], [-110.79709, 32.5541], [-110.79608, 32.55546], [-110.79634, 32.55654], [-110.79473, 32.55544], [-110.79378, 32.55581], [-110.79469, 32.55709], [-110.79186, 32.55927], [-110.79473, 32.55828], [-110.79537, 32.5574], [-110.79857, 32.55917], [-110.79894, 32.55817], [-110.80016, 32.55806], [-110.80227, 32.56143], [-110.80573, 32.56116], [-110.80559, 32.56224], [-110.8036, 32.56306], [-110.80464, 32.56386], [-110.80623, 32.56369], [-110.80719, 32.56456], [-110.80943, 32.56396], [-110.80986, 32.56442], [-110.80911, 32.56555], [-110.81166, 32.56483], [-110.814, 32.5655], [-110.81262, 32.56696], [-110.81166, 32.56652], [-110.80879, 32.56725], [-110.80989, 32.56795], [-110.80943, 32.56849], [-110.80297, 32.57039], [-110.80151, 32.57365], [-110.8024, 32.57339], [-110.80368, 32.57114], [-110.80559, 32.57142], [-110.81102, 32.56941], [-110.81358, 32.57038], [-110.81581, 32.56873], [-110.81488, 32.57093], [-110.81811, 32.57093], [-110.81486, 32.57289], [-110.81261, 32.57283], [-110.81422, 32.57381], [-110.81454, 32.57488], [-110.81677, 32.57424], [-110.81773, 32.57479], [-110.81865, 32.57419], [-110.81872, 32.575], [-110.81684, 32.57609]]}}, {"type": "Feature", "properties": {"elev": 1200.0, "index": false}, "geometry": {"type": "LineString", "coordinates": [[-110.68239, 32.19768], [-110.68101, 32.19768]]}}, {"type": "Feature", "properties": {"elev": 1200.0, "index": false}, "geometry": {"type": "LineString", "coordinates": [[-110.68066, 32.19768], [-110.6798, 32.19876], [-110.67784, 32.19893], [-110.67893, 32.20039], [-110.67776, 32.20202], [-110.67528, 32.2032], [-110.67506, 32.20419], [-110.67273, 32.20539], [-110.6697, 32.20582], [-110.67314, 32.20799], [-110.6731, 32.20989], [-110.67051, 32.21179], [-110.67049, 32.21245], [-110.66857, 32.21378], [-110.6657, 32.21429], [-110.66282, 32.21749], [-110.66155, 32.21698], [-110.66157, 32.21831], [-110.66041, 32.21994], [-110.65739, 32.22042], [-110.65639, 32.22129], [-110.65612, 32.22308], [-110.65608, 32.22184], [-110.65516, 32.22102], [-110.65268, 32.22265], [-110.65069, 32.22655], [-110.64975, 32.22645], [-110.64965, 32.22727], [-110.64803, 32.22835], [-110.64813, 32.22956], [-110.64941, 32.23009], [-110.64877, 32.23039], [-110.64781, 32.22976], [-110.64505, 32.23188], [-110.64623, 32.2346], [-110.64383, 32.23677], [-110.64499, 32.23704], [-110.64558, 32.23906], [-110.64302, 32.23858], [-110.64238, 32.23724], [-110.64015, 32.23762], [-110.63599, 32.23679], [-110.63532, 32.23731], [-110.63632, 32.23758], [-110.63536, 32.2403], [-110.63699, 32.2422], [-110.63855, 32.24282], [-110.63048, 32.24247], [-110.63548, 32.24518], [-110.63431, 32.24654], [-110.63445, 32.24844], [-110.63568, 32.24871], [-110.6364, 32.25061], [-110.63773, 32.25143], [-110.63599, 32.25179], [-110.63376, 32.25087], [-110.63449, 32.25306], [-110.63312, 32.25352], [-110.62993, 32.25254], [-110.62673, 32.25329], [-110.62978, 32.25333], [-110.63171, 32.25496], [-110.63152, 32.25601], [-110.62897, 32.25629], [-110.62705, 32.25476], [-110.62418, 32.25447], [-110.62034, 32.25799], [-110.61902, 32.25686], [-110.61715, 32.25691], [-110.61428, 32.2554], [-110.61349, 32.25686], [-110.61426, 32.2593], [-110.61574, 32.26038], [-110.61432, 32.26093], [-110.61403, 32.26228], [-110.6114, 32.26334], [-110.6098, 32.26254], [-110.60821, 32.2654], [-110.60661, 32.26473], [-110.60753, 32.2631], [-110.60713, 32.26174], [-110.60586, 32.2612], [-110.6063, 32.25984], [-110.60374, 32.25933], [-110.60398, 32.25848], [-110.60314, 32.2574], [-110.60214, 32.25702], [-110.60226, 32.25957], [-110.60054, 32.26037], [-110.59894, 32.25892], [-110.59735, 32.25939], [-110.59543, 32.25818], [-110.59511, 32.25918], [-110.59737, 32.26147], [-110.59639, 32.26242], [-110.59383, 32.2626], [-110.59326, 32.26337], [-110.59447, 32.26443], [-110.59767, 32.26479], [-110.5979, 32.26527], [-110.59368, 32.26554], [-110.59497, 32.26826], [-110.5932, 32.26816], [-110.59256, 32.26922], [-110.59096, 32.26867], [-110.59064, 32.26999], [-110.58777, 32.27132]]}}, {"type": "Feature", "properties": {"elev": 1200.0, "index": false}, "geometry": {"type": "LineString", "coordinates": [[-110.65516, 32.57478], [-110.6542, 32.57481], [-110.65378, 32.57392], [-110.6559, 32.57419], [-110.65516, 32.57478]]}}, {"type": "Feature", "properties": {"elev": 1200.0, "index": false}, "geometry": {"type": "LineString", "coordinates": [[-110.82604, 32.57448], [-110.82635, 32.57335], [-110.82678, 32.57392], [-110.82604, 32.57448]]}}, {"type": "Feature", "properties": {"elev": 1200.0, "index": false}, "geometry": {"type": "LineString", "coordinates": [[-111.03907, 32.57444], [-111.03746, 32.57365], [-111.03843, 32.57137], [-111.03937, 32.57256], [-111.03907, 32.57444]]}}, {"type": "Feature", "properties": {"elev": 1200.0, "index": false}, "geometry": {"type": "LineString", "coordinates": [[-110.81997, 32.5708], [-110.81824, 32.57066], [-110.81965, 32.57014], [-110.81997, 32.5708]]}}, {"type": "Feature", "properties": {"elev": 1200.0, "index": false}, "geometry": {"type": "LineString", "coordinates": [[-110.64973, 32.57014], [-110.64973, 32.57014]]}}, {"type": "Feature", "properties": {"elev": 1200.0, "index": false}, "geometry": {"type": "LineString", "coordinates": [[-110.81613, 32.56849], [-110.81677, 32.5681], [-110.81613, 32.56849]]}}, {"type": "Feature", "properties": {"elev": 1200.0, "index": false}, "geometry": {"type": "LineString", "coordinates": [[-111.0544, 32.5639], [-111.05099, 32.56333], [-111.05281, 32.5623], [-111.05536, 32.56294], [-111.0544, 32.5639]]}}, {"type": "Feature", "properties": {"elev": 1200.0, "index": false}, "geometry": {"type": "LineString", "coordinates": [[-111.06015, 32.56228], [-111.05962, 32.56143], [-111.06019, 32.56143], [-111.06015, 32.56228]]}}, {"type": "Feature", "properties": {"elev": 1200.0, "index": false}, "geometry": {"type": "LineString", "coordinates": [[-111.05632, 32.5619], [-111.056, 32.56129], [-111.05726, 32.56143], [-111.05632, 32.5619]]}}, {"type": "Feature", "properties": {"elev": 1200.0, "index": false}, "geometry": {"type": "LineString", "coordinates": [[-111.05153, 32.56095], [-111.04961, 32.56062], [-111.05153, 32.56025], [-111.05153, 32.56095]]}}, {"type": "Feature", "properties": {"elev": 1200.0, "index": false}, "geometry": {"type": "LineString", "coordinates": [[-110.65676, 32.56089], [-110.65409, 32.56034], [-110.65707, 32.5604], [-110.65676, 32.56089]]}}, {"type": "Feature", "properties": {"elev": 1200.0, "index": false}, "geometry": {"type": "LineString", "coordinates": [[-111.04897, 32.56036], [-111.04897, 32.56036]]}}, {"type": "Feature", "properties": {"elev": 1200.0, "index": false}, "geometry": {"type": "LineString", "coordinates": [[-111.05281, 32.55902], [-111.05198, 32.55844], [-111.05281, 32.55902]]}}, {"type": "Feature", "properties": {"elev": 1200.0, "index": false}, "geometry": {"type": "LineString", "coordinates": [[-110.66314, 32.55683], [-110.66314, 32.55683]]}}, {"type": "Feature", "properties": {"elev": 1200.0, "index": false}, "geometry": {"type": "LineString", "coordinates": [[-110.64047, 32.55464], [-110.63718, 32.55356], [-110.63951, 32.55332], [-110.64047, 32.55464]]}}, {"type": "Feature", "properties": {"elev": 1200.0, "index": false}, "geometry": {"type": "LineString", "coordinates": [[-110.66442, 32.55458], [-110.66335, 32.55437], [-110.66442, 32.55379], [-110.66442, 32.55458]]}}, {"type": "Feature", "properties": {"elev": 1200.0, "index": false}, "geometry": {"type": "LineString", "coordinates": [[-110.64238, 32.55388], [-110.64174, 32.55353], [-110.64294, 32.55329], [-110.64238, 32.55388]]}}, {"type": "Feature", "properties": {"elev": 1200.0, "index": false}, "geometry": {"type": "LineString", "coordinates": [[-111.06271, 32.55095], [-111.06079, 32.54914], [-111.06232, 32.54921], [-111.06202, 32.54976], [-111.06343, 32.55057], [-111.06271, 32.55095]]}}, {"type": "Feature", "properties": {"elev": 1200.0, "index": false}, "geometry": {"type": "LineString", "coordinates": [[-111.05856, 32.55019], [-111.05824, 32.54961], [-111.05856, 32.55019]]}}, {"type": "Feature", "properties": {"elev": 1200.0, "index": false}, "geometry": {"type": "LineString", "coordinates": [[-110.67177, 32.54852], [-110.67177, 32.54807], [-110.67177, 32.54852]]}}, {"type": "Feature", "properties": {"elev": 1200.0, "index": false}, "geometry": {"type": "LineString", "coordinates": [[-111.05824, 32.54679], [-111.05824, 32.54679]]}}, {"type": "Feature", "properties": {"elev": 1200.0, "index": false}, "geometry": {"type": "LineString", "coordinates": [[-110.83466, 32.54661], [-110.83434, 32.54594], [-110.83466, 32.54661]]}}, {"type": "Feature", "properties": {"elev": 1200.0, "index": false}, "geometry": {"type": "LineString", "coordinates": [[-111.05856, 32.54578], [-111.05856, 32.54525], [-111.05856, 32.54578]]}}, {"type": "Feature", "properties": {"elev": 1200.0, "index": false}, "geometry": {"type": "LineString", "coordinates": [[-111.05728, 32.54258], [-111.05669, 32.54216], [-111.05728, 32.54258]]}}, {"type": "Feature", "properties": {"elev": 1200.0, "index": false}, "geometry": {"type": "LineString", "coordinates": [[-111.05824, 32.53989], [-111.05568, 32.53937], [-111.05504, 32.53821], [-111.05632, 32.53875], [-111.05728, 32.53835], [-111.05824, 32.53989]]}}, {"type": "Feature", "properties": {"elev": 1200.0, "index": false}, "geometry": {"type": "LineString", "coordinates": [[-110.63695, 32.53566], [-110.63577, 32.53537], [-110.63663, 32.53505], [-110.63695, 32.53566]]}}, {"type": "Feature", "properties": {"elev": 1200.0, "index": false}, "geometry": {"type": "LineString", "coordinates": [[-110.64334, 32.53022], [-110.64334, 32.53022]]}}, {"type": "Feature", "properties": {"elev": 1200.0, "index": false}, "geometry": {"type": "LineString", "coordinates": [[-111.05568, 32.52727], [-111.05568, 32.52727]]}}, {"type": "Feature", "properties": {"elev": 1200.0, "index": false}, "geometry": {"type": "LineString", "coordinates": [[-110.84488, 32.52372], [-110.84418, 32.5237], [-110.84488, 32.52372]]}}, {"type": "Feature", "properties": {"elev": 1200.0, "index": false}, "geometry": {"type": "LineString", "coordinates": [[-111.02023, 32.51992], [-111.01951, 32.5199], [-111.02023, 32.51992]]}}, {"type": "Feature", "properties": {"elev": 1200.0, "index": false}, "geometry": {"type": "LineString", "coordinates": [[-110.83881, 32.51642], [-110.83881, 32.51642]]}}, {"type": "Feature", "properties": {"elev": 1200.0, "index": false}, "geometry": {"type": "LineString", "coordinates": [[-111.06079, 32.51094], [-111.05958, 32.50904], [-111.06143, 32.50747], [-111.06141, 32.5085], [-111.06263, 32.50904], [-111.06175, 32.51062], [-111.06079, 32.51094]]}}, {"type": "Feature", "properties": {"elev": 1200.0, "index": false}, "geometry": {"type": "LineString", "coordinates": [[-111.05951, 32.50824], [-111.05814, 32.50822], [-111.057, 32.5066], [-111.05856, 32.50605], [-111.05951, 32.50824]]}}, {"type": "Feature", "properties": {"elev": 1200.0, "index": false}, "geometry": {"type": "LineString", "coordinates": [[-110.84807, 32.50803], [-110.84712, 32.50718], [-110.84648, 32.50771], [-110.84457, 32.50741], [-110.8462, 32.50415], [-110.84839, 32.50363], [-110.85127, 32.50437], [-110.8517, 32.50578], [-110.85095, 32.50687], [-110.84807, 32.50803]]}}, {"type": "Feature", "properties": {"elev": 1200.0, "index": false}, "geometry": {"type": "LineString", "coordinates": [[-111.0445, 32.50474], [-111.04386, 32.50399], [-111.04514, 32.50441], [-111.0445, 32.50474]]}}, {"type": "Feature", "properties": {"elev": 1200.0, "index": false}, "geometry": {"type": "LineString", "coordinates": [[-110.62609, 32.50202], [-110.62551, 32.50171], [-110.62609, 32.50202]]}}, {"type": "Feature", "properties": {"elev": 1200.0, "index": false}, "geometry": {"type": "LineString", "coordinates": [[-111.05376, 32.49906], [-111.05376, 32.49861], [-111.05376, 32.49906]]}}, {"type": "Feature", "properties": {"elev": 1200.0, "index": false}, "geometry": {"type": "LineString", "coordinates": [[-111.05281, 32.49768], [-111.05281, 32.49768]]}}, {"type": "Feature", "properties": {"elev": 1200.0, "index": false}, "geometry": {"type": "LineString", "coordinates": [[-111.05728, 32.48306], [-111.05728, 32.48306]]}}, {"type": "Feature", "properties": {"elev": 1200.0, "index": false}, "geometry": {"type": "LineString", "coordinates": [[-111.03716, 32.48087], [-111.0361, 32.47999], [-111.03652, 32.47931], [-111.03716, 32.48087]]}}, {"type": "Feature", "properties": {"elev": 1200.0, "index": false}, "geometry": {"type": "LineString", "coordinates": [[-110.64781, 32.47625], [-110.64781, 32.47625]]}}, {"type": "Feature", "properties": {"elev": 1200.0, "index": false}, "geometry": {"type": "LineString", "coordinates": [[-111.05376, 32.47158], [-111.05135, 32.47158], [-111.05169, 32.46886], [-111.05344, 32.46857], [-111.05408, 32.46908], [-111.05536, 32.46752], [-111.05609, 32.46832], [-111.0557, 32.46968], [-111.05391, 32.47076], [-111.05376, 32.47158]]}}, {"type": "Feature", "properties": {"elev": 1200.0, "index": false}, "geometry": {"type": "LineString", "coordinates": [[-110.86117, 32.46025], [-110.85858, 32.45936], [-110.85829, 32.45794], [-110.86085, 32.45764], [-110.86213, 32.45812], [-110.86231, 32.45909], [-110.86117, 32.46025]]}}, {"type": "Feature", "properties": {"elev": 1200.0, "index": false}, "geometry": {"type": "LineString", "coordinates": [[-110.8551, 32.45842], [-110.85433, 32.45773], [-110.8551, 32.45703], [-110.85558, 32.45773], [-110.8551, 32.45842]]}}, {"type": "Feature", "properties": {"elev": 1200.0, "index": false}, "geometry": {"type": "LineString", "coordinates": [[-110.58968, 32.42382], [-110.58872, 32.42359], [-110.58809, 32.42222], [-110.59096, 32.42222], [-110.59071, 32.42326], [-110.58968, 32.42382]]}}, {"type": "Feature", "properties": {"elev": 1200.0, "index": false}, "geometry": {"type": "LineString", "coordinates": [[-110.59352, 32.40725], [-110.5932, 32.40654], [-110.59352, 32.40725]]}}, {"type": "Feature", "properties": {"elev": 1200.0, "index": false}, "geometry": {"type": "LineString", "coordinates": [[-110.59671, 32.40323], [-110.59607, 32.40263], [-110.59671, 32.40323]]}}, {"type": "Feature", "properties": {"elev": 1200.0, "index": false}, "geometry": {"type": "LineString", "coordinates": [[-110.59, 32.40212], [-110.58962, 32.40154], [-110.59064, 32.40115], [-110.59, 32.40212]]}}, {"type": "Feature", "properties": {"elev": 1200.0, "index": false}, "geometry": {"type": "LineString", "coordinates": [[-110.61939, 32.39342], [-110.61825, 32.3934], [-110.61939, 32.39342]]}}, {"type": "Feature", "properties": {"elev": 1200.0, "index": false}, "geometry": {"type": "LineString", "coordinates": [[-110.60469, 32.39236], [-110.60399, 32.3915], [-110.60469, 32.39236]]}}, {"type": "Feature", "properties": {"elev": 1200.0, "index": false}, "geometry": {"type": "LineString", "coordinates": [[-110.613, 32.39224], [-110.61151, 32.39068], [-110.61259, 32.39096], [-110.613, 32.39224]]}}, {"type": "Feature", "properties": {"elev": 1200.0, "index": false}, "geometry": {"type": "LineString", "coordinates": [[-110.60917, 32.3904], [-110.60885, 32.38976], [-110.60917, 32.3904]]}}, {"type": "Feature", "properties": {"elev": 1200.0, "index": false}, "geometry": {"type": "LineString", "coordinates": [[-110.6114, 32.38773], [-110.6114, 32.38773]]}}, {"type": "Feature", "properties": {"elev": 1200.0, "index": false}, "geometry": {"type": "LineString", "coordinates": [[-110.60054, 32.38625], [-110.59979, 32.38607], [-110.60054, 32.38625]]}}, {"type": "Feature", "properties": {"elev": 1200.0, "index": false}, "geometry": {"type": "LineString", "coordinates": [[-110.59894, 32.38354], [-110.59791, 32.38335], [-110.59894, 32.38252], [-110.59894, 32.38354]]}}, {"type": "Feature", "properties": {"elev": 1200.0, "index": false}, "geometry": {"type": "LineString", "coordinates": [[-110.59032, 32.3554], [-110.59115, 32.35485], [-110.59032, 32.3554]]}}, {"type": "Feature", "properties": {"elev": 1200.0, "index": false}, "geometry": {"type": "LineString", "coordinates": [[-110.60437, 32.35053], [-110.60437, 32.35053]]}}, {"type": "Feature", "properties": {"elev": 1200.0, "index": false}, "geometry": {"type": "LineString", "coordinates": [[-110.59799, 32.34536], [-110.59703, 32.34553], [-110.59631, 32.34481], [-110.59799, 32.3444], [-110.59799, 32.34536]]}}, {"type": "Feature", "properties": {"elev": 1200.0, "index": false}, "geometry": {"type": "LineString", "coordinates": [[-110.59543, 32.34552], [-110.59543, 32.34552]]}}, {"type": "Feature", "properties": {"elev": 1200.0, "index": false}, "geometry": {"type": "LineString", "coordinates": [[-110.59735, 32.34266], [-110.59767, 32.34209], [-110.59735, 32.34266]]}}, {"type": "Feature", "properties": {"elev": 1200.0, "index": false}, "geometry": {"type": "LineString", "coordinates": [[-110.76471, 32.34102], [-110.76471, 32.34056], [-110.76471, 32.34102]]}}, {"type": "Feature", "properties": {"elev": 1200.0, "index": false}, "geometry": {"type": "LineString", "coordinates": [[-110.8666, 32.34061], [-110.8666, 32.34005], [-110.8666, 32.34061]]}}, {"type": "Feature", "properties": {"elev": 1200.0, "index": false}, "geometry": {"type": "LineString", "coordinates": [[-110.84424, 32.33589], [-110.84392, 32.33536], [-110.84464, 32.33558], [-110.84424, 32.33589]]}}, {"type": "Feature", "properties": {"elev": 1200.0, "index": false}, "geometry": {"type": "LineString", "coordinates": [[-110.59064, 32.3359], [-110.59013, 32.33585], [-110.59064, 32.3359]]}}, {"type": "Feature", "properties": {"elev": 1200.0, "index": false}, "geometry": {"type": "LineString", "coordinates": [[-110.60406, 32.33561], [-110.60354, 32.33504], [-110.60406, 32.33561]]}}, {"type": "Feature", "properties": {"elev": 1200.0, "index": false}, "geometry": {"type": "LineString", "coordinates": [[-110.80208, 32.33552], [-110.80197, 32.33476], [-110.80368, 32.33302], [-110.80336, 32.3344], [-110.80208, 32.33552]]}}, {"type": "Feature", "properties": {"elev": 1200.0, "index": false}, "geometry": {"type": "LineString", "coordinates": [[-110.60693, 32.33398], [-110.60725, 32.33356], [-110.60693, 32.33398]]}}, {"type": "Feature", "properties": {"elev": 1200.0, "index": false}, "geometry": {"type": "LineString", "coordinates": [[-110.63695, 32.33259], [-110.63695, 32.33259]]}}, {"type": "Feature", "properties": {"elev": 1200.0, "index": false}, "geometry": {"type": "LineString", "coordinates": [[-110.60693, 32.33233], [-110.60693, 32.33233]]}}, {"type": "Feature", "properties": {"elev": 1200.0, "index": false}, "geometry": {"type": "LineString", "coordinates": [[-110.63631, 32.33168], [-110.63599, 32.33063], [-110.63631, 32.33168]]}}, {"type": "Feature", "properties": {"elev": 1200.0, "index": false}, "geometry": {"type": "LineString", "coordinates": [[-110.63759, 32.32647], [-110.63672, 32.32608], [-110.63759, 32.32647]]}}, {"type": "Feature", "properties": {"elev": 1200.0, "index": false}, "geometry": {"type": "LineString", "coordinates": [[-110.64334, 32.32473], [-110.64302, 32.32425], [-110.64334, 32.32473]]}}, {"type": "Feature", "properties": {"elev": 1200.0, "index": false}, "geometry": {"type": "LineString", "coordinates": [[-110.62801, 32.32272], [-110.62801, 32.32272]]}}, {"type": "Feature", "properties": {"elev": 1200.0, "index": false}, "geometry": {"type": "LineString", "coordinates": [[-110.68199, 32.31121], [-110.68138, 32.31115], [-110.68263, 32.31014], [-110.68368, 32.31006], [-110.68199, 32.31121]]}}, {"type": "Feature", "properties": {"elev": 1200.0, "index": false}, "geometry": {"type": "LineString", "coordinates": [[-110.69764, 32.29243], [-110.69828, 32.29152], [-110.70019, 32.29133], [-110.69987, 32.29194], [-110.69764, 32.29243]]}}, {"type": "Feature", "properties": {"elev": 1200.0, "index": false}, "geometry": {"type": "LineString", "coordinates": [[-110.60757, 32.28703], [-110.6071, 32.28672], [-110.60757, 32.28703]]}}, {"type": "Feature", "properties": {"elev": 1200.0, "index": false}, "geometry": {"type": "LineString", "coordinates": [[-110.6146, 32.28676], [-110.61493, 32.28563], [-110.61637, 32.28536], [-110.6146, 32.28676]]}}, {"type": "Feature", "properties": {"elev": 1200.0, "index": false}, "geometry": {"type": "LineString", "coordinates": [[-110.60342, 32.28646], [-110.60342, 32.28646]]}}, {"type": "Feature", "properties": {"elev": 1200.0, "index": false}, "geometry": {"type": "LineString", "coordinates": [[-110.62002, 32.28449], [-110.62002, 32.28368], [-110.62002, 32.28449]]}}, {"type": "Feature", "properties": {"elev": 1200.0, "index": false}, "geometry": {"type": "LineString", "coordinates": [[-110.61236, 32.28445], [-110.61159, 32.284], [-110.61268, 32.28393], [-110.61236, 32.28445]]}}, {"type": "Feature", "properties": {"elev": 1200.0, "index": false}, "geometry": {"type": "LineString", "coordinates": [[-110.69029, 32.28103], [-110.68759, 32.28102], [-110.68997, 32.27957], [-110.69183, 32.28047], [-110.69029, 32.28103]]}}, {"type": "Feature", "properties": {"elev": 1200.0, "index": false}, "geometry": {"type": "LineString", "coordinates": [[-110.6871, 32.28107], [-110.68547, 32.28102], [-110.6871, 32.28107]]}}, {"type": "Feature", "properties": {"elev": 1200.0, "index": false}, "geometry": {"type": "LineString", "coordinates": [[-110.613, 32.27275], [-110.613, 32.27175], [-110.61428, 32.27194], [-110.613, 32.27275]]}}, {"type": "Feature", "properties": {"elev": 1200.0, "index": false}, "geometry": {"type": "LineString", "coordinates": [[-110.61779, 32.26964], [-110.61587, 32.26884], [-110.61523, 32.26655], [-110.62062, 32.2669], [-110.62092, 32.26853], [-110.61779, 32.26964]]}}, {"type": "Feature", "properties": {"elev": 1200.0, "index": false}, "geometry": {"type": "LineString", "coordinates": [[-110.60054, 32.26153], [-110.59978, 32.26147], [-110.60054, 32.26044], [-110.60054, 32.26153]]}}, {"type": "Feature", "properties": {"elev": 1200.0, "index": false}, "geometry": {"type": "LineString", "coordinates": [[-110.64749, 32.24068], [-110.64781, 32.24028], [-110.64749, 32.24068]]}}, {"type": "Feature", "properties": {"elev": 1200.0, "index": false}, "geometry": {"type": "LineString", "coordinates": [[-110.66027, 32.23108], [-110.65963, 32.23093], [-110.65963, 32.23007], [-110.66146, 32.22998], [-110.66027, 32.23108]]}}, {"type": "Feature", "properties": {"elev": 1300.0, "index": false}, "geometry": {"type": "LineString", "coordinates": [[-111.02773, 32.57609], [-111.02789, 32.57531], [-111.02885, 32.5752], [-111.02981, 32.57609]]}}, {"type": "Feature", "properties": {"elev": 1300.0, "index": false}, "geometry": {"type": "LineString", "coordinates": [[-110.70013, 32.57609], [-110.70029, 32.57555], [-110.69917, 32.57527], [-110.69951, 32.57419], [-110.69803, 32.57392], [-110.69811, 32.57229], [-110.6973, 32.57175], [-110.69818, 32.57093], [-110.69729, 32.57066], [-110.69793, 32.57012], [-110.69578, 32.5693], [-110.6972, 32.56767], [-110.6968, 32.56713], [-110.69796, 32.56709], [-110.69928, 32.5655], [-110.70041, 32.56523], [-110.69945, 32.56414], [-110.70066, 32.56252], [-110.69794, 32.5636], [-110.69838, 32.56252], [-110.69796, 32.56204], [-110.69657, 32.56224], [-110.69587, 32.56089], [-110.69685, 32.56034], [-110.6948, 32.55899], [-110.69588, 32.55844], [-110.69534, 32.5579], [-110.69589, 32.55736], [-110.69451, 32.55736], [-110.69444, 32.55639], [-110.69221, 32.55668], [-110.69157, 32.55588], [-110.69093, 32.55658], [-110.6889, 32.55464], [-110.6887, 32.55359], [-110.68362, 32.55383], [-110.68614, 32.55091], [-110.6807, 32.55111], [-110.68199, 32.54966], [-110.68567, 32.54813], [-110.68616, 32.54677], [-110.68231, 32.5476], [-110.67839, 32.54704], [-110.68007, 32.54578], [-110.68358, 32.54582], [-110.68422, 32.54365], [-110.68646, 32.54253], [-110.68726, 32.54161], [-110.68678, 32.54121], [-110.68921, 32.53999], [-110.68888, 32.53944], [-110.69008, 32.53863], [-110.69275, 32.53754], [-110.68806, 32.53745], [-110.6883, 32.53564], [-110.68915, 32.53483], [-110.68838, 32.53481], [-110.68742, 32.53526], [-110.68486, 32.54015], [-110.68263, 32.5401], [-110.68071, 32.54147], [-110.67049, 32.54474], [-110.67004, 32.54433], [-110.67113, 32.54263], [-110.67796, 32.5408], [-110.67402, 32.54053], [-110.67614, 32.53971], [-110.67528, 32.53885], [-110.67273, 32.53962], [-110.66765, 32.53944], [-110.66825, 32.53826], [-110.67358, 32.53754], [-110.66911, 32.53591], [-110.67645, 32.53347], [-110.67049, 32.53406], [-110.66717, 32.53374], [-110.66908, 32.53293], [-110.66889, 32.53205], [-110.67258, 32.5313], [-110.66953, 32.52968], [-110.67528, 32.52915], [-110.67911, 32.53123], [-110.6779, 32.52913], [-110.67918, 32.52831], [-110.67728, 32.52777], [-110.67838, 32.52668], [-110.67528, 32.52737], [-110.67668, 32.52641], [-110.67432, 32.52612], [-110.67464, 32.52471], [-110.66985, 32.52638], [-110.66766, 32.52614], [-110.66863, 32.52533], [-110.66655, 32.52506], [-110.6673, 32.52422], [-110.67366, 32.52234], [-110.67017, 32.52205], [-110.66634, 32.52221], [-110.65995, 32.52653], [-110.66123, 32.52419], [-110.6633, 32.52315], [-110.66219, 32.52267], [-110.65771, 32.52415], [-110.6559, 32.5218], [-110.65803, 32.51912], [-110.66921, 32.519], [-110.67286, 32.518], [-110.67109, 32.51745], [-110.67145, 32.51712], [-110.66953, 32.51766], [-110.66091, 32.51668], [-110.65553, 32.5142], [-110.65676, 32.51309], [-110.66229, 32.51257], [-110.65936, 32.51203], [-110.66295, 32.51067], [-110.65513, 32.51094], [-110.65745, 32.50931], [-110.6564, 32.5085], [-110.65914, 32.50795], [-110.65582, 32.50714], [-110.6558, 32.5066], [-110.65867, 32.50574], [-110.66704, 32.50605], [-110.65874, 32.50388], [-110.66027, 32.50382], [-110.66279, 32.50225], [-110.66123, 32.50221], [-110.66205, 32.50117], [-110.65973, 32.50062], [-110.65905, 32.49954], [-110.66227, 32.49954], [-110.66889, 32.50163], [-110.66609, 32.49927], [-110.66924, 32.499], [-110.66195, 32.4971], [-110.66634, 32.49626], [-110.67304, 32.49779], [-110.66947, 32.49547], [-110.67049, 32.49469], [-110.67273, 32.49571], [-110.67752, 32.4964], [-110.67911, 32.49705], [-110.67975, 32.49828], [-110.68022, 32.49764], [-110.67964, 32.49574], [-110.68051, 32.49574], [-110.6794, 32.49465], [-110.68224, 32.49411], [-110.68167, 32.49312], [-110.68103, 32.4941], [-110.68039, 32.49346], [-110.67847, 32.49377], [-110.67547, 32.49275], [-110.67683, 32.49194], [-110.67376, 32.49139], [-110.67368, 32.48878], [-110.67273, 32.48989], [-110.66985, 32.49015], [-110.66889, 32.48859], [-110.66634, 32.48978], [-110.66348, 32.49004], [-110.66468, 32.48895], [-110.66734, 32.48814], [-110.66219, 32.48759], [-110.66506, 32.48683], [-110.66538, 32.48613], [-110.66761, 32.48702], [-110.66889, 32.48587], [-110.67209, 32.48573], [-110.67334, 32.48488], [-110.67049, 32.4845], [-110.6673, 32.48507], [-110.66506, 32.48416], [-110.65867, 32.48519], [-110.65771, 32.48451], [-110.64983, 32.48542], [-110.65324, 32.48401], [-110.66059, 32.48396], [-110.6625, 32.48297], [-110.66442, 32.4837], [-110.66632, 32.48352], [-110.66442, 32.48291], [-110.6641, 32.48221], [-110.66602, 32.48187], [-110.66793, 32.48005], [-110.66123, 32.48121], [-110.65989, 32.48054], [-110.66282, 32.47985], [-110.66921, 32.47674], [-110.66894, 32.47619], [-110.67046, 32.47592], [-110.67197, 32.47348], [-110.67624, 32.47133], [-110.68213, 32.47022], [-110.67704, 32.47022], [-110.6798, 32.46588], [-110.67883, 32.46588], [-110.67592, 32.47027], [-110.67209, 32.47127], [-110.66973, 32.47239], [-110.66921, 32.47332], [-110.66871, 32.47239], [-110.66921, 32.47158], [-110.66823, 32.47185], [-110.66666, 32.47378], [-110.66634, 32.47318], [-110.66538, 32.4735], [-110.66474, 32.47224], [-110.6641, 32.4742], [-110.66155, 32.47488], [-110.66064, 32.47429], [-110.66056, 32.47266], [-110.66141, 32.47212], [-110.66059, 32.47162], [-110.65901, 32.47538], [-110.65835, 32.47453], [-110.65739, 32.4757], [-110.65644, 32.4751], [-110.65548, 32.47581], [-110.65502, 32.47511], [-110.65383, 32.47511], [-110.65423, 32.47402], [-110.65366, 32.47321], [-110.65644, 32.47286], [-110.65686, 32.47212], [-110.6551, 32.47212], [-110.65559, 32.47076], [-110.65484, 32.46919], [-110.6542, 32.47076], [-110.65356, 32.4705], [-110.65319, 32.46968], [-110.65429, 32.46832], [-110.65324, 32.46774], [-110.65037, 32.46981], [-110.64909, 32.46854], [-110.64804, 32.46913], [-110.64717, 32.46723], [-110.64558, 32.46765], [-110.64526, 32.46696], [-110.64608, 32.46588], [-110.64429, 32.46588], [-110.64549, 32.46425], [-110.64363, 32.46398], [-110.64431, 32.46289], [-110.64371, 32.46153], [-110.64497, 32.46126], [-110.64323, 32.46045], [-110.64313, 32.45963], [-110.64168, 32.46018], [-110.64275, 32.45882], [-110.64111, 32.45857], [-110.64095, 32.45801], [-110.64283, 32.45692], [-110.64101, 32.45556], [-110.6427, 32.45541], [-110.64446, 32.4542], [-110.64472, 32.45285], [-110.64685, 32.45113], [-110.64866, 32.45149], [-110.64841, 32.45068], [-110.64973, 32.44902], [-110.65548, 32.44825], [-110.65548, 32.44643], [-110.65771, 32.44669], [-110.66006, 32.4447], [-110.65739, 32.44596], [-110.65516, 32.44569], [-110.6542, 32.44662], [-110.65101, 32.44523], [-110.65069, 32.4462], [-110.65037, 32.44505], [-110.64877, 32.44655], [-110.64859, 32.44552], [-110.64781, 32.44536], [-110.64685, 32.44724], [-110.6443, 32.4482], [-110.64338, 32.44633], [-110.64174, 32.44609], [-110.64142, 32.44506], [-110.64129, 32.44606], [-110.64219, 32.44715], [-110.64174, 32.45109], [-110.63791, 32.45169], [-110.63759, 32.44915], [-110.63568, 32.45231], [-110.63396, 32.45149], [-110.6341, 32.44905], [-110.63376, 32.44842], [-110.63312, 32.44914], [-110.63152, 32.44552], [-110.63071, 32.44552], [-110.63191, 32.45013], [-110.63088, 32.4514], [-110.62993, 32.44985], [-110.62673, 32.44968], [-110.62676, 32.44823], [-110.62577, 32.44739], [-110.62545, 32.44856], [-110.62367, 32.44796], [-110.62421, 32.44715], [-110.6229, 32.44559], [-110.6213, 32.44468], [-110.62066, 32.44506], [-110.61959, 32.44416], [-110.62007, 32.44362], [-110.61811, 32.4421], [-110.61683, 32.44316], [-110.6161, 32.4428], [-110.61619, 32.44163], [-110.61426, 32.44172], [-110.6139, 32.44117], [-110.61736, 32.43955], [-110.61428, 32.43959], [-110.61113, 32.43819], [-110.61172, 32.4372], [-110.61454, 32.4371], [-110.61441, 32.43547], [-110.61319, 32.43493], [-110.61434, 32.43303], [-110.61316, 32.43249], [-110.61701, 32.4314], [-110.61632, 32.43005], [-110.61411, 32.42896], [-110.61491, 32.4282], [-110.61651, 32.42823], [-110.61907, 32.42981], [-110.62184, 32.42814], [-110.62002, 32.42848], [-110.62002, 32.42734], [-110.61824, 32.42733], [-110.61842, 32.42543], [-110.61587, 32.42694], [-110.61396, 32.42624], [-110.61396, 32.42494], [-110.61555, 32.42479], [-110.61697, 32.42244], [-110.61816, 32.42244], [-110.61683, 32.4213], [-110.6146, 32.42218], [-110.61364, 32.4194], [-110.61268, 32.41913], [-110.61204, 32.41982], [-110.60917, 32.41783], [-110.61236, 32.4162], [-110.61131, 32.41457], [-110.61272, 32.41349], [-110.61108, 32.41259], [-110.61076, 32.41163], [-110.61204, 32.41095], [-110.61236, 32.41226], [-110.61396, 32.4105], [-110.61539, 32.41213], [-110.61411, 32.41484], [-110.61555, 32.41376], [-110.61627, 32.4143], [-110.61587, 32.41541], [-110.61683, 32.41633], [-110.61811, 32.41632], [-110.6185, 32.4143], [-110.62322, 32.41522], [-110.62455, 32.41294], [-110.62408, 32.41159], [-110.62034, 32.40846], [-110.62737, 32.40979], [-110.62993, 32.4118], [-110.63024, 32.41403], [-110.6312, 32.41485], [-110.63152, 32.41131], [-110.63248, 32.41059], [-110.63851, 32.41104], [-110.63631, 32.40983], [-110.63509, 32.40996], [-110.63376, 32.4076], [-110.63365, 32.4086], [-110.63218, 32.4086], [-110.63373, 32.40616], [-110.63057, 32.40754], [-110.62936, 32.40697], [-110.63251, 32.40426], [-110.63055, 32.40344], [-110.63328, 32.40209], [-110.62908, 32.39991], [-110.62993, 32.39914], [-110.63126, 32.39937], [-110.63112, 32.39801], [-110.62966, 32.39801], [-110.62932, 32.39747], [-110.63026, 32.3953], [-110.62705, 32.39343], [-110.62485, 32.39313], [-110.62542, 32.39068], [-110.62376, 32.38933], [-110.6255, 32.382], [-110.62226, 32.38271], [-110.62034, 32.38139], [-110.61939, 32.37926], [-110.61875, 32.37987], [-110.61779, 32.37901], [-110.61491, 32.37856], [-110.61514, 32.37793], [-110.61408, 32.37684], [-110.61236, 32.37666], [-110.61171, 32.37575], [-110.61204, 32.3748], [-110.61117, 32.37413], [-110.61236, 32.3724], [-110.61715, 32.37305], [-110.61597, 32.37168], [-110.61801, 32.37141], [-110.61875, 32.36966], [-110.6213, 32.3682], [-110.6221, 32.3668], [-110.61811, 32.36873], [-110.61683, 32.37021], [-110.6146, 32.36924], [-110.613, 32.37007], [-110.60968, 32.36734], [-110.60789, 32.36695], [-110.60717, 32.36734], [-110.6091, 32.36897], [-110.60404, 32.37277], [-110.60379, 32.3744], [-110.60437, 32.37467], [-110.60374, 32.37533], [-110.60182, 32.3754], [-110.60118, 32.37473], [-110.5999, 32.37556], [-110.59863, 32.37428], [-110.59671, 32.37445], [-110.59447, 32.37143], [-110.59264, 32.37277], [-110.59128, 32.37276], [-110.59032, 32.37425], [-110.58844, 32.37195], [-110.58842, 32.3706], [-110.58904, 32.36886], [-110.59224, 32.3689], [-110.59447, 32.36729], [-110.59703, 32.36789], [-110.59831, 32.36663], [-110.59894, 32.36737], [-110.60214, 32.36786], [-110.60401, 32.36435], [-110.60501, 32.36364], [-110.60533, 32.36451], [-110.6061, 32.36435], [-110.60597, 32.36327], [-110.60671, 32.36327], [-110.60498, 32.36218], [-110.60527, 32.36137], [-110.60693, 32.36094], [-110.60831, 32.36137], [-110.606, 32.35865], [-110.6063, 32.35729], [-110.60725, 32.35714], [-110.60957, 32.35838], [-110.61, 32.35702], [-110.60881, 32.35621], [-110.60923, 32.35512], [-110.61222, 32.35567], [-110.61172, 32.35236], [-110.61364, 32.35323], [-110.61428, 32.35444], [-110.61447, 32.35322], [-110.61361, 32.35187], [-110.61491, 32.34996], [-110.61587, 32.35018], [-110.61651, 32.35208], [-110.6151, 32.35485], [-110.61619, 32.3556], [-110.61747, 32.35361], [-110.61875, 32.35406], [-110.61907, 32.35349], [-110.61907, 32.35039], [-110.62002, 32.35273], [-110.62258, 32.35368], [-110.6229, 32.35448], [-110.62397, 32.35214], [-110.62267, 32.35132], [-110.62311, 32.35051], [-110.62514, 32.35135], [-110.62641, 32.34934], [-110.62769, 32.3508], [-110.62897, 32.34853], [-110.62961, 32.3506], [-110.6328, 32.35109], [-110.6328, 32.34986], [-110.63536, 32.35123], [-110.63611, 32.35105], [-110.63536, 32.35048], [-110.63737, 32.34915], [-110.63633, 32.34725], [-110.63663, 32.34658], [-110.64015, 32.34674], [-110.64079, 32.3476], [-110.64238, 32.34631], [-110.64781, 32.34608], [-110.64813, 32.34791], [-110.64844, 32.34698], [-110.6499, 32.34644], [-110.64845, 32.34483], [-110.64717, 32.34461], [-110.64739, 32.34372], [-110.64653, 32.34301], [-110.64466, 32.34209], [-110.64646, 32.34128], [-110.64764, 32.33992], [-110.64726, 32.33911], [-110.64973, 32.33799], [-110.65069, 32.33666], [-110.65356, 32.33645], [-110.6542, 32.337], [-110.65506, 32.33558], [-110.65292, 32.33571], [-110.65133, 32.33487], [-110.64837, 32.33639], [-110.64743, 32.33449], [-110.64973, 32.33336], [-110.65324, 32.33292], [-110.65476, 32.33205], [-110.65676, 32.33217], [-110.65867, 32.3311], [-110.65963, 32.33239], [-110.6603, 32.33151], [-110.66442, 32.33094], [-110.66477, 32.33151], [-110.6634, 32.33232], [-110.66474, 32.3331], [-110.66704, 32.33232], [-110.6673, 32.32993], [-110.66985, 32.33061], [-110.67081, 32.3297], [-110.6723, 32.33096], [-110.6697, 32.33368], [-110.66875, 32.33666], [-110.6673, 32.33822], [-110.66883, 32.33748], [-110.67104, 32.33422], [-110.67336, 32.3332], [-110.67496, 32.33152], [-110.67493, 32.33368], [-110.67663, 32.33449], [-110.67783, 32.33286], [-110.67688, 32.3325], [-110.67686, 32.33178], [-110.6782, 32.33069], [-110.67737, 32.32933], [-110.68358, 32.32868], [-110.68497, 32.32716], [-110.68167, 32.32664], [-110.67943, 32.32547], [-110.67592, 32.32552], [-110.67368, 32.32478], [-110.67271, 32.32363], [-110.67432, 32.32367], [-110.68071, 32.32113], [-110.68263, 32.32218], [-110.68327, 32.32096], [-110.6845, 32.32146], [-110.68486, 32.3229], [-110.68678, 32.32129], [-110.6887, 32.32351], [-110.69093, 32.32034], [-110.69221, 32.32144], [-110.69636, 32.32031], [-110.697, 32.31907], [-110.70179, 32.31863], [-110.70435, 32.31743], [-110.70519, 32.31875], [-110.70329, 32.32255], [-110.70147, 32.32415], [-110.69871, 32.32499], [-110.69732, 32.32706], [-110.69285, 32.32891], [-110.69269, 32.32961], [-110.69371, 32.32988], [-110.69412, 32.33253], [-110.69652, 32.32961], [-110.69828, 32.32909], [-110.69955, 32.32966], [-110.69947, 32.32852], [-110.70019, 32.32811], [-110.70275, 32.32779], [-110.70658, 32.32852], [-110.70573, 32.32608], [-110.70795, 32.32553], [-110.70708, 32.32391], [-110.70786, 32.32265], [-110.70984, 32.32228], [-110.71015, 32.32038], [-110.71127, 32.31902], [-110.71105, 32.31787], [-110.7168, 32.31673], [-110.71732, 32.31739], [-110.7168, 32.32028], [-110.72159, 32.31732], [-110.72351, 32.3172], [-110.72319, 32.32207], [-110.72447, 32.32151], [-110.72637, 32.31848], [-110.72894, 32.31735], [-110.73022, 32.31771], [-110.73213, 32.31721], [-110.73268, 32.31766], [-110.73147, 32.31929], [-110.73213, 32.31964], [-110.73361, 32.31902], [-110.73405, 32.32198], [-110.73547, 32.32363], [-110.73245, 32.32515], [-110.73237, 32.32581], [-110.73373, 32.32589], [-110.73469, 32.32758], [-110.73533, 32.32663], [-110.73852, 32.32635], [-110.73916, 32.32785], [-110.74171, 32.32662], [-110.74244, 32.32472], [-110.74126, 32.32445], [-110.74095, 32.32363], [-110.74231, 32.32255], [-110.74192, 32.32092], [-110.74331, 32.32041], [-110.74587, 32.32171], [-110.7474, 32.31848], [-110.74874, 32.31792], [-110.7497, 32.31969], [-110.75257, 32.3175], [-110.75377, 32.31793], [-110.75173, 32.32065], [-110.75289, 32.32081], [-110.75301, 32.32309], [-110.75425, 32.32391], [-110.75417, 32.32529], [-110.75545, 32.32421], [-110.7566, 32.32146], [-110.75832, 32.32022], [-110.75928, 32.32083], [-110.76216, 32.31992], [-110.76471, 32.31994], [-110.76631, 32.32062], [-110.76822, 32.31875], [-110.7695, 32.31845], [-110.77189, 32.31983], [-110.77218, 32.32201], [-110.76918, 32.32266], [-110.76791, 32.32434], [-110.76471, 32.32452], [-110.76077, 32.32879], [-110.76407, 32.32899], [-110.76587, 32.33069], [-110.76458, 32.33205], [-110.76531, 32.33341], [-110.76368, 32.33449], [-110.76461, 32.33585], [-110.76311, 32.33883], [-110.76088, 32.33772], [-110.76088, 32.33923], [-110.7596, 32.33907], [-110.75975, 32.33992], [-110.75857, 32.34046], [-110.75899, 32.34155], [-110.75768, 32.34171], [-110.75713, 32.34291], [-110.75596, 32.34318], [-110.75577, 32.34442], [-110.75498, 32.34399], [-110.75257, 32.34671], [-110.75009, 32.34725], [-110.75098, 32.34775], [-110.75321, 32.34745], [-110.75513, 32.346], [-110.75992, 32.3451], [-110.76184, 32.34399], [-110.76311, 32.34459], [-110.76599, 32.34272], [-110.76761, 32.34264], [-110.76759, 32.33921], [-110.76985, 32.33748], [-110.76974, 32.33585], [-110.77174, 32.33344], [-110.7727, 32.33299], [-110.77333, 32.33391], [-110.77589, 32.33348], [-110.7772, 32.33042], [-110.77667, 32.32906], [-110.77845, 32.32931], [-110.781, 32.32665], [-110.78324, 32.32556], [-110.78451, 32.32637], [-110.78611, 32.32537], [-110.78601, 32.32716], [-110.78164, 32.33038], [-110.77855, 32.33422], [-110.77845, 32.33604], [-110.77685, 32.33668], [-110.77622, 32.33911], [-110.77704, 32.34019], [-110.77464, 32.34345], [-110.77425, 32.34671], [-110.77461, 32.34735], [-110.77717, 32.34707], [-110.77792, 32.34915], [-110.77653, 32.35079], [-110.77333, 32.35071], [-110.77238, 32.35123], [-110.77224, 32.35404], [-110.77138, 32.35458], [-110.77216, 32.35675], [-110.77142, 32.35831], [-110.77078, 32.35891], [-110.7695, 32.35753], [-110.76886, 32.35856], [-110.76695, 32.35919], [-110.76439, 32.35741], [-110.76347, 32.35784], [-110.76484, 32.36137], [-110.76248, 32.36132], [-110.76216, 32.36326], [-110.76056, 32.36332], [-110.75832, 32.3623], [-110.75733, 32.36272], [-110.76088, 32.36625], [-110.76184, 32.36584], [-110.76279, 32.36625], [-110.76279, 32.36704], [-110.76495, 32.36734], [-110.76394, 32.36924], [-110.76542, 32.37005], [-110.76627, 32.3725], [-110.76409, 32.37358], [-110.76599, 32.37378], [-110.76822, 32.37498], [-110.76787, 32.37141], [-110.7695, 32.37008], [-110.77014, 32.37105], [-110.77206, 32.37013], [-110.77358, 32.37114], [-110.77392, 32.37467], [-110.77339, 32.37575], [-110.77397, 32.37669], [-110.77429, 32.37567], [-110.77672, 32.37521], [-110.77653, 32.37381], [-110.77717, 32.37449], [-110.781, 32.37358], [-110.78419, 32.37522], [-110.78643, 32.37447], [-110.78803, 32.37464], [-110.78899, 32.37718], [-110.79017, 32.37684], [-110.79058, 32.37593], [-110.79184, 32.37874], [-110.79175, 32.382], [-110.79265, 32.38254], [-110.79218, 32.38427], [-110.79345, 32.38281], [-110.795, 32.38227], [-110.79392, 32.38091], [-110.79556, 32.38037], [-110.79601, 32.37924], [-110.80286, 32.37901], [-110.80112, 32.37765], [-110.79953, 32.37815], [-110.79805, 32.37738], [-110.80007, 32.3763], [-110.79825, 32.37516], [-110.79793, 32.37422], [-110.79633, 32.37489], [-110.79514, 32.37467], [-110.79378, 32.37168], [-110.79156, 32.3706], [-110.79086, 32.36761], [-110.79154, 32.36703], [-110.78739, 32.36792], [-110.78336, 32.36544], [-110.78233, 32.36354], [-110.78183, 32.36137], [-110.78655, 32.35485], [-110.7861, 32.35322], [-110.7893, 32.35511], [-110.79131, 32.35241], [-110.79025, 32.35187], [-110.78958, 32.34888], [-110.7881, 32.34834], [-110.7877, 32.34644], [-110.78849, 32.34508], [-110.79058, 32.34471], [-110.79207, 32.34236], [-110.79218, 32.34028], [-110.79307, 32.34155], [-110.79314, 32.34369], [-110.79378, 32.34283], [-110.79483, 32.34291], [-110.79441, 32.34081], [-110.79697, 32.34087], [-110.79591, 32.34426], [-110.7991, 32.34426], [-110.79989, 32.34698], [-110.79764, 32.34834], [-110.79767, 32.34942], [-110.79984, 32.35017], [-110.80112, 32.35324], [-110.80176, 32.35158], [-110.80474, 32.34915], [-110.80527, 32.34748], [-110.80751, 32.34767], [-110.80703, 32.34481], [-110.80949, 32.34345], [-110.80975, 32.3416], [-110.8107, 32.34129], [-110.81134, 32.33905], [-110.8123, 32.33839], [-110.81399, 32.33992], [-110.81403, 32.34182], [-110.81629, 32.34508], [-110.81694, 32.34752], [-110.81645, 32.34821], [-110.81805, 32.34958], [-110.81886, 32.34291], [-110.82188, 32.33796], [-110.82297, 32.34155], [-110.82541, 32.34182], [-110.82496, 32.34345], [-110.82635, 32.34374], [-110.82814, 32.34128], [-110.82878, 32.34345], [-110.82711, 32.34481], [-110.82647, 32.34644], [-110.82827, 32.3478], [-110.83083, 32.34847], [-110.83011, 32.34752], [-110.83053, 32.34616], [-110.83306, 32.34525], [-110.83332, 32.34426], [-110.83218, 32.34074], [-110.83402, 32.3395], [-110.83468, 32.33612], [-110.83594, 32.33587], [-110.8366, 32.33694], [-110.8355, 32.33911], [-110.83649, 32.34019], [-110.83881, 32.33795], [-110.83977, 32.33946], [-110.84152, 32.33965], [-110.84137, 32.34152], [-110.84392, 32.34151], [-110.84552, 32.34356], [-110.8468, 32.34255], [-110.8498, 32.34209], [-110.85203, 32.34589], [-110.85085, 32.35051], [-110.8542, 32.35159], [-110.85641, 32.35377], [-110.85606, 32.35458], [-110.85766, 32.35495], [-110.8584, 32.35377], [-110.85893, 32.35525], [-110.85913, 32.35241], [-110.85823, 32.35132], [-110.85861, 32.35076], [-110.85999, 32.35078], [-110.85919, 32.34698], [-110.85989, 32.34305], [-110.86181, 32.34528], [-110.86436, 32.34352], [-110.86552, 32.34372], [-110.86564, 32.34559], [-110.8682, 32.34701], [-110.86947, 32.34379], [-110.87107, 32.3434], [-110.87299, 32.34402], [-110.87399, 32.34291], [-110.87426, 32.34074], [-110.87615, 32.34155], [-110.87746, 32.34312], [-110.87937, 32.34027], [-110.87969, 32.34215], [-110.88097, 32.3432], [-110.88193, 32.34254], [-110.88353, 32.34312], [-110.88417, 32.3417], [-110.88544, 32.34141], [-110.88736, 32.34174], [-110.89215, 32.34091], [-110.89116, 32.34264], [-110.88832, 32.34494], [-110.88735, 32.34725], [-110.89023, 32.34663], [-110.89119, 32.34747], [-110.89302, 32.34752], [-110.89183, 32.35271], [-110.89343, 32.35157], [-110.89854, 32.35059], [-110.89611, 32.35458], [-110.89598, 32.35663], [-110.89662, 32.35686], [-110.89694, 32.35608], [-110.89846, 32.35567], [-110.89854, 32.3548], [-110.90013, 32.35487], [-110.90173, 32.35347], [-110.90269, 32.3551], [-110.90397, 32.35468], [-110.90439, 32.35268], [-110.90357, 32.35187], [-110.9062, 32.34966], [-110.90726, 32.34997], [-110.90627, 32.35322], [-110.90684, 32.3552], [-110.90812, 32.3537], [-110.9094, 32.35338], [-110.91131, 32.35497], [-110.91259, 32.35337], [-110.91387, 32.35325], [-110.91547, 32.35074], [-110.91688, 32.35322], [-110.91966, 32.35485], [-110.91881, 32.35675], [-110.9205, 32.35702], [-110.91979, 32.35892], [-110.91738, 32.35978], [-110.91516, 32.36191], [-110.91323, 32.3626], [-110.91259, 32.36478], [-110.91163, 32.36458], [-110.90908, 32.36649], [-110.90744, 32.36625], [-110.90744, 32.37087], [-110.90556, 32.37291], [-110.90876, 32.37295], [-110.91323, 32.36919], [-110.91419, 32.37012], [-110.91579, 32.37011], [-110.91738, 32.36755], [-110.92441, 32.36809], [-110.92792, 32.37194], [-110.92888, 32.37079], [-110.93279, 32.37087], [-110.93176, 32.36663], [-110.93442, 32.36462], [-110.93495, 32.3633], [-110.93718, 32.36261], [-110.93857, 32.36137], [-110.93974, 32.36144], [-110.94058, 32.363], [-110.93966, 32.36354], [-110.93897, 32.36571], [-110.93974, 32.36674], [-110.94102, 32.36593], [-110.94645, 32.3667], [-110.94804, 32.36576], [-110.94901, 32.36598], [-110.94824, 32.36707], [-110.94836, 32.36851], [-110.94709, 32.36809], [-110.94418, 32.37114], [-110.94517, 32.37446], [-110.9423, 32.37349], [-110.94107, 32.37521], [-110.9391, 32.37601], [-110.93623, 32.37388], [-110.93232, 32.37331], [-110.93106, 32.37494], [-110.93224, 32.37657], [-110.93027, 32.37738], [-110.92976, 32.37901], [-110.92988, 32.38173], [-110.93123, 32.38363], [-110.92696, 32.38131], [-110.92601, 32.38142], [-110.92473, 32.38505], [-110.92126, 32.38173], [-110.9193, 32.3812], [-110.91835, 32.382], [-110.91866, 32.38368], [-110.91731, 32.3839], [-110.91547, 32.38552], [-110.91417, 32.38553], [-110.91431, 32.3877], [-110.91694, 32.39231], [-110.91291, 32.3919], [-110.91264, 32.39014], [-110.91131, 32.38878], [-110.91036, 32.38861], [-110.90972, 32.3899], [-110.90716, 32.3892], [-110.90556, 32.38971], [-110.90429, 32.38769], [-110.9036, 32.38906], [-110.90045, 32.38906], [-110.90173, 32.39037], [-110.90347, 32.39096], [-110.90301, 32.39323], [-110.89886, 32.39246], [-110.89903, 32.39476], [-110.8979, 32.39535], [-110.8963, 32.39428], [-110.89407, 32.3946], [-110.89279, 32.39223], [-110.89085, 32.39367], [-110.89051, 32.39448], [-110.89133, 32.39611], [-110.89003, 32.39774], [-110.89239, 32.3991], [-110.89247, 32.4016], [-110.89343, 32.40242], [-110.89726, 32.40194], [-110.89943, 32.40453], [-110.89662, 32.40673], [-110.89509, 32.4067], [-110.89311, 32.40503], [-110.89087, 32.40694], [-110.88959, 32.40647], [-110.88864, 32.40747], [-110.88576, 32.4066], [-110.88577, 32.40779], [-110.88388, 32.40751], [-110.88366, 32.40887], [-110.88211, 32.40941], [-110.88097, 32.41079], [-110.88077, 32.40887], [-110.87904, 32.40806], [-110.87945, 32.40724], [-110.8781, 32.40691], [-110.87778, 32.40569], [-110.87606, 32.40534], [-110.87586, 32.40437], [-110.87517, 32.40534], [-110.87603, 32.40616], [-110.87539, 32.40724], [-110.87652, 32.40941], [-110.87543, 32.41023], [-110.8749, 32.41225], [-110.87203, 32.41137], [-110.86947, 32.40809], [-110.86692, 32.40892], [-110.86053, 32.40886], [-110.85957, 32.40794], [-110.85989, 32.40967], [-110.86187, 32.41104], [-110.86372, 32.41129], [-110.865, 32.41276], [-110.86645, 32.41267], [-110.86649, 32.41349], [-110.87018, 32.41702], [-110.86947, 32.41784], [-110.86692, 32.41727], [-110.86528, 32.4181], [-110.8673, 32.41892], [-110.86808, 32.42054], [-110.87011, 32.42158], [-110.87331, 32.42171], [-110.87379, 32.42244], [-110.87323, 32.42299], [-110.87591, 32.42652], [-110.87554, 32.42842], [-110.87299, 32.42979], [-110.86979, 32.42829], [-110.86897, 32.42869], [-110.86851, 32.43039], [-110.8666, 32.43002], [-110.86539, 32.43059], [-110.87011, 32.43424], [-110.87107, 32.43365], [-110.87549, 32.43439], [-110.87394, 32.43629], [-110.86979, 32.43546], [-110.86788, 32.437], [-110.86596, 32.436], [-110.86372, 32.4369], [-110.86053, 32.43526], [-110.85022, 32.43439], [-110.85095, 32.43602], [-110.85264, 32.43683], [-110.85363, 32.44199], [-110.85254, 32.443], [-110.85229, 32.44552], [-110.84839, 32.44631], [-110.84552, 32.44823], [-110.84511, 32.4504], [-110.84594, 32.45203], [-110.84487, 32.45502], [-110.84588, 32.45638], [-110.84578, 32.45773], [-110.84839, 32.45809], [-110.84874, 32.45909], [-110.84326, 32.46262], [-110.84125, 32.46886], [-110.84249, 32.47158], [-110.84424, 32.47254], [-110.84466, 32.47456], [-110.84328, 32.47683], [-110.83977, 32.47864], [-110.83817, 32.48026], [-110.83853, 32.48244], [-110.83697, 32.48407], [-110.83562, 32.48851], [-110.83327, 32.49112], [-110.83406, 32.49139], [-110.8353, 32.49461], [-110.83859, 32.49465], [-110.83787, 32.49601], [-110.83817, 32.49756], [-110.84264, 32.49781], [-110.84302, 32.49954], [-110.83945, 32.50071], [-110.83689, 32.50059], [-110.83466, 32.50336], [-110.83394, 32.50307], [-110.83426, 32.50252], [-110.83283, 32.50225], [-110.8321, 32.50463], [-110.83057, 32.5047], [-110.83036, 32.50578], [-110.82882, 32.50632], [-110.82859, 32.50805], [-110.82635, 32.51028], [-110.82579, 32.51012], [-110.82593, 32.51148], [-110.82397, 32.51311], [-110.8254, 32.51443], [-110.82523, 32.5161], [-110.82621, 32.51718], [-110.83006, 32.51908], [-110.82931, 32.5199], [-110.82988, 32.52261], [-110.82932, 32.5256], [-110.83199, 32.52668], [-110.83201, 32.53103], [-110.83115, 32.5312], [-110.83011, 32.53048], [-110.83027, 32.52967], [-110.82857, 32.52886], [-110.82775, 32.53076], [-110.8286, 32.5332], [-110.82759, 32.53347], [-110.82735, 32.53781], [-110.82351, 32.54053], [-110.82067, 32.54406], [-110.8192, 32.5446], [-110.8189, 32.54731], [-110.81784, 32.54759], [-110.81741, 32.54978], [-110.81627, 32.54786], [-110.81722, 32.54569], [-110.81581, 32.54582], [-110.81422, 32.54474], [-110.813, 32.54596], [-110.81289, 32.54759], [-110.81226, 32.54786], [-110.81294, 32.55003], [-110.81159, 32.55057], [-110.81362, 32.5522], [-110.81258, 32.55383], [-110.8138, 32.55492], [-110.80897, 32.5541], [-110.81007, 32.55889], [-110.80847, 32.5576], [-110.80553, 32.55736], [-110.80687, 32.55546], [-110.80555, 32.55437], [-110.80799, 32.55329], [-110.80799, 32.5522], [-110.80591, 32.55234], [-110.8039, 32.55003], [-110.80546, 32.54867], [-110.80559, 32.54738], [-110.80464, 32.54856], [-110.80242, 32.54813], [-110.80322, 32.54921], [-110.80214, 32.5503], [-110.803, 32.55329], [-110.8024, 32.55471], [-110.80144, 32.55403], [-110.80059, 32.55437], [-110.79761, 32.55096], [-110.79217, 32.54976], [-110.78984, 32.54704], [-110.79112, 32.54569], [-110.78994, 32.54423], [-110.78867, 32.5437], [-110.78738, 32.54406], [-110.78739, 32.54323], [-110.79046, 32.54243], [-110.79058, 32.54035], [-110.78962, 32.54186], [-110.78707, 32.54154], [-110.78673, 32.5389], [-110.78483, 32.53727], [-110.7859, 32.53564], [-110.78483, 32.53364], [-110.78447, 32.53428], [-110.78525, 32.53564], [-110.78409, 32.537], [-110.78425, 32.53781], [-110.783, 32.5389], [-110.78131, 32.5389], [-110.78547, 32.53952], [-110.78515, 32.54086], [-110.78388, 32.54161], [-110.78451, 32.54408], [-110.7826, 32.54342], [-110.78228, 32.54434], [-110.781, 32.54398], [-110.78098, 32.54487], [-110.7826, 32.54637], [-110.78437, 32.54596], [-110.78384, 32.54867], [-110.78565, 32.54731], [-110.78735, 32.54949], [-110.78656, 32.55084], [-110.78777, 32.55247], [-110.78702, 32.55274], [-110.78387, 32.551], [-110.78306, 32.55166], [-110.78434, 32.55302], [-110.78324, 32.55388], [-110.78504, 32.5541], [-110.78675, 32.55553], [-110.78771, 32.55492], [-110.7893, 32.55543], [-110.78899, 32.55611], [-110.78499, 32.55627], [-110.78739, 32.55753], [-110.78962, 32.55733], [-110.79001, 32.5579], [-110.7893, 32.55875], [-110.78739, 32.55806], [-110.78651, 32.55872], [-110.78643, 32.55993], [-110.78451, 32.56055], [-110.78677, 32.5617], [-110.78722, 32.56252], [-110.78643, 32.56353], [-110.78535, 32.56414], [-110.78356, 32.56341], [-110.78036, 32.56424], [-110.78075, 32.56496], [-110.77984, 32.56577], [-110.77784, 32.56605], [-110.77798, 32.56767], [-110.77665, 32.56822], [-110.77749, 32.56853], [-110.77844, 32.56795], [-110.77876, 32.56654], [-110.78004, 32.56689], [-110.78228, 32.5658], [-110.7826, 32.56662], [-110.78483, 32.56586], [-110.78356, 32.56731], [-110.78515, 32.56707], [-110.78662, 32.56795], [-110.78657, 32.56686], [-110.788, 32.56659], [-110.78873, 32.56442], [-110.79218, 32.5621], [-110.7925, 32.56122], [-110.79441, 32.56124], [-110.79499, 32.56252], [-110.79436, 32.56333], [-110.79505, 32.56358], [-110.79697, 32.56266], [-110.79761, 32.56321], [-110.79953, 32.56202], [-110.79984, 32.56286], [-110.79422, 32.5655], [-110.79663, 32.56577], [-110.79658, 32.56713], [-110.79793, 32.56673], [-110.79825, 32.56724], [-110.79889, 32.56635], [-110.80048, 32.56736], [-110.80192, 32.5674], [-110.80042, 32.56903], [-110.80166, 32.56957], [-110.79997, 32.57147], [-110.79697, 32.57001], [-110.7909, 32.56975], [-110.79061, 32.5712], [-110.78867, 32.57059], [-110.78743, 32.57147], [-110.78813, 32.57229], [-110.78649, 32.5731], [-110.78867, 32.57352], [-110.7883, 32.57283], [-110.7893, 32.57233], [-110.79117, 32.5731], [-110.79208, 32.57446], [-110.79326, 32.57473], [-110.79327, 32.57609]]}}, {"type": "Feature", "properties": {"elev": 1300.0, "index": false}, "geometry": {"type": "LineString", "coordinates": [[-110.58777, 32.3254], [-110.59032, 32.32591], [-110.59069, 32.32662], [-110.58777, 32.32599]]}}, {"type": "Feature", "properties": {"elev": 1300.0, "index": false}, "geometry": {"type": "LineString", "coordinates": [[-110.58777, 32.31339], [-110.58906, 32.31359], [-110.58904, 32.31533], [-110.58968, 32.31414], [-110.59096, 32.3145], [-110.5916, 32.31379], [-110.59415, 32.31558], [-110.59564, 32.31522], [-110.59599, 32.31685], [-110.59479, 32.317], [-110.59415, 32.31593], [-110.59321, 32.31712], [-110.59461, 32.3182], [-110.59355, 32.31929], [-110.5932, 32.31844], [-110.5916, 32.31854], [-110.59032, 32.32008], [-110.58909, 32.32038], [-110.59064, 32.32131], [-110.59294, 32.32146], [-110.59357, 32.32282], [-110.59288, 32.32405], [-110.58777, 32.32429]]}}, {"type": "Feature", "properties": {"elev": 1300.0, "index": false}, "geometry": {"type": "LineString", "coordinates": [[-110.58777, 32.30436], [-110.58872, 32.30511], [-110.58977, 32.30382], [-110.58777, 32.30333]]}}, {"type": "Feature", "properties": {"elev": 1300.0, "index": false}, "geometry": {"type": "LineString", "coordinates": [[-110.58777, 32.30318], [-110.58943, 32.30246], [-110.58904, 32.302], [-110.58777, 32.30232]]}}, {"type": "Feature", "properties": {"elev": 1300.0, "index": false}, "geometry": {"type": "LineString", "coordinates": [[-110.58777, 32.30188], [-110.59064, 32.30083], [-110.5932, 32.30128], [-110.59447, 32.30075], [-110.59383, 32.30193], [-110.59096, 32.30229], [-110.59192, 32.30474], [-110.59288, 32.30312], [-110.59379, 32.30327], [-110.59415, 32.30466], [-110.59479, 32.30317], [-110.59671, 32.30352], [-110.59735, 32.30287], [-110.59782, 32.30517], [-110.59894, 32.30541], [-110.59926, 32.30345], [-110.60022, 32.30382], [-110.60195, 32.30327], [-110.59735, 32.30132], [-110.59735, 32.30031], [-110.59926, 32.30131], [-110.60374, 32.30086], [-110.60469, 32.30137], [-110.60629, 32.30069], [-110.60629, 32.30129], [-110.60485, 32.30192], [-110.60533, 32.30283], [-110.60629, 32.30281], [-110.60757, 32.30511], [-110.60876, 32.30517], [-110.60948, 32.30398], [-110.61108, 32.30371], [-110.61273, 32.30463], [-110.61198, 32.30517], [-110.61268, 32.30606], [-110.61332, 32.30496], [-110.61428, 32.30518], [-110.61428, 32.30364], [-110.61779, 32.30446], [-110.61762, 32.30653], [-110.61566, 32.30762], [-110.61683, 32.3104], [-110.61715, 32.30828], [-110.61779, 32.30821], [-110.61811, 32.30907], [-110.61939, 32.30832], [-110.61978, 32.30952], [-110.62226, 32.30935], [-110.6235, 32.30735], [-110.6245, 32.30719], [-110.62577, 32.30575], [-110.62993, 32.30401], [-110.63088, 32.30468], [-110.63312, 32.30303], [-110.63823, 32.30309], [-110.64015, 32.30124], [-110.64206, 32.30163], [-110.64161, 32.30273], [-110.64302, 32.30375], [-110.64462, 32.30363], [-110.64685, 32.29903], [-110.64727, 32.3011], [-110.64909, 32.3018], [-110.65037, 32.30165], [-110.64998, 32.30002], [-110.65133, 32.29939], [-110.65165, 32.3028], [-110.65355, 32.30056], [-110.65307, 32.29866], [-110.65489, 32.29893], [-110.65247, 32.29676], [-110.65491, 32.29296], [-110.6541, 32.29187], [-110.65143, 32.29106], [-110.65218, 32.28997], [-110.65094, 32.28889], [-110.65218, 32.28672], [-110.65452, 32.28539], [-110.65548, 32.28624], [-110.65597, 32.28346], [-110.65739, 32.28294], [-110.65741, 32.28183], [-110.65867, 32.28153], [-110.65931, 32.28206], [-110.65963, 32.28139], [-110.66155, 32.28211], [-110.66187, 32.28018], [-110.66506, 32.28021], [-110.6673, 32.28138], [-110.66889, 32.27988], [-110.67017, 32.28033], [-110.67247, 32.27912], [-110.67304, 32.27748], [-110.67496, 32.27785], [-110.67567, 32.27884], [-110.67503, 32.27966], [-110.67668, 32.2802], [-110.67462, 32.28292], [-110.67573, 32.28319], [-110.67545, 32.28427], [-110.67177, 32.28512], [-110.67094, 32.2859], [-110.67406, 32.2878], [-110.67368, 32.2892], [-110.67432, 32.28994], [-110.67592, 32.28929], [-110.67815, 32.28983], [-110.67847, 32.2886], [-110.67975, 32.28887], [-110.68071, 32.28778], [-110.68199, 32.28824], [-110.68422, 32.28599], [-110.68619, 32.28672], [-110.68704, 32.28753], [-110.68546, 32.28889], [-110.68516, 32.29079], [-110.68066, 32.29459], [-110.6839, 32.29499], [-110.68614, 32.29398], [-110.68744, 32.29432], [-110.68614, 32.29493], [-110.68468, 32.29703], [-110.68529, 32.29785], [-110.68486, 32.29908], [-110.68295, 32.29898], [-110.68167, 32.30026], [-110.68007, 32.29955], [-110.67656, 32.30068], [-110.674, 32.30016], [-110.67113, 32.30058], [-110.67289, 32.303], [-110.66985, 32.30509], [-110.66889, 32.30457], [-110.66698, 32.30506], [-110.66663, 32.30653], [-110.66378, 32.30707], [-110.66282, 32.30841], [-110.66087, 32.30816], [-110.66165, 32.30979], [-110.66084, 32.31088], [-110.65867, 32.30969], [-110.65484, 32.31302], [-110.65228, 32.31266], [-110.65101, 32.31059], [-110.6459, 32.31174], [-110.64561, 32.31359], [-110.64238, 32.31448], [-110.64047, 32.3144], [-110.63901, 32.31305], [-110.63727, 32.31255], [-110.63472, 32.31273], [-110.63472, 32.31389], [-110.6328, 32.31388], [-110.63025, 32.31518], [-110.6298, 32.31468], [-110.6312, 32.31278], [-110.63025, 32.3123], [-110.62865, 32.31243], [-110.62897, 32.31376], [-110.62673, 32.31508], [-110.62609, 32.31399], [-110.62386, 32.31452], [-110.6245, 32.31309], [-110.62034, 32.31184], [-110.61811, 32.31364], [-110.61715, 32.31301], [-110.6146, 32.31417], [-110.61204, 32.31423], [-110.61012, 32.3127], [-110.60789, 32.31379], [-110.60768, 32.31305], [-110.60629, 32.31252], [-110.60922, 32.31033], [-110.60533, 32.31066], [-110.60501, 32.31237], [-110.60469, 32.31159], [-110.60406, 32.3122], [-110.6031, 32.31178], [-110.6039, 32.31088], [-110.60214, 32.31088], [-110.60651, 32.30816], [-110.60501, 32.30802], [-110.60469, 32.30742], [-110.60214, 32.30867], [-110.59831, 32.30895], [-110.59703, 32.31021], [-110.59438, 32.3106], [-110.59702, 32.31142], [-110.59607, 32.31257], [-110.59415, 32.31215], [-110.58968, 32.31288], [-110.58904, 32.31168], [-110.58884, 32.31278], [-110.58777, 32.31329]]}}, {"type": "Feature", "properties": {"elev": 1300.0, "index": false}, "geometry": {"type": "LineString", "coordinates": [[-110.58777, 32.28656], [-110.58904, 32.28761], [-110.59069, 32.2878], [-110.58777, 32.28829]]}}, {"type": "Feature", "properties": {"elev": 1300.0, "index": false}, "geometry": {"type": "LineString", "coordinates": [[-110.67365, 32.19768], [-110.67368, 32.20064], [-110.67196, 32.20094], [-110.66944, 32.20365], [-110.6673, 32.20468], [-110.66634, 32.20352], [-110.66538, 32.20506], [-110.66357, 32.20582], [-110.66538, 32.20854], [-110.6641, 32.21065], [-110.66346, 32.21046], [-110.66244, 32.21152], [-110.66274, 32.21207], [-110.66155, 32.21373], [-110.66059, 32.21329], [-110.65899, 32.21505], [-110.65803, 32.2145], [-110.65664, 32.21587], [-110.65724, 32.21695], [-110.65644, 32.21789], [-110.65516, 32.2182], [-110.65324, 32.21717], [-110.65292, 32.21797], [-110.65196, 32.2179], [-110.65137, 32.21994], [-110.64999, 32.22021], [-110.64895, 32.22292], [-110.64933, 32.22347], [-110.64685, 32.22353], [-110.64476, 32.22455], [-110.64565, 32.2251], [-110.64334, 32.22846], [-110.63916, 32.2289], [-110.63937, 32.23052], [-110.63815, 32.23188], [-110.63957, 32.2327], [-110.63835, 32.23432], [-110.63388, 32.23487], [-110.63163, 32.23731], [-110.63075, 32.23731], [-110.63057, 32.23941], [-110.62545, 32.23948], [-110.62682, 32.23975], [-110.62536, 32.24274], [-110.62533, 32.24518], [-110.62162, 32.24741], [-110.6213, 32.24866], [-110.61964, 32.24898], [-110.62126, 32.25007], [-110.61907, 32.2517], [-110.61907, 32.2525], [-110.61713, 32.25251], [-110.61683, 32.25379], [-110.61587, 32.25408], [-110.61378, 32.25306], [-110.61212, 32.24953], [-110.60885, 32.25017], [-110.6081, 32.24817], [-110.60975, 32.24681], [-110.60917, 32.24533], [-110.60693, 32.2447], [-110.60747, 32.24545], [-110.60565, 32.24714], [-110.60175, 32.24654], [-110.60543, 32.24898], [-110.60396, 32.25251], [-110.60501, 32.25367], [-110.60704, 32.25441], [-110.60597, 32.25552], [-110.60278, 32.25188], [-110.60086, 32.25228], [-110.59958, 32.25169], [-110.59511, 32.25263], [-110.5932, 32.25201], [-110.59192, 32.25339], [-110.59109, 32.25224], [-110.58968, 32.25176], [-110.58968, 32.25333], [-110.58825, 32.25441], [-110.58777, 32.25399]]}}, {"type": "Feature", "properties": {"elev": 1300.0, "index": false}, "geometry": {"type": "LineString", "coordinates": [[-110.79441, 32.57314], [-110.79378, 32.57263], [-110.79441, 32.57314]]}}, {"type": "Feature", "properties": {"elev": 1300.0, "index": false}, "geometry": {"type": "LineString", "coordinates": [[-110.7826, 32.56585], [-110.7826, 32.56508], [-110.7826, 32.56585]]}}, {"type": "Feature", "properties": {"elev": 1300.0, "index": false}, "geometry": {"type": "LineString", "coordinates": [[-110.82859, 32.56262], [-110.82817, 32.56224], [-110.82859, 32.56262]]}}, {"type": "Feature", "properties": {"elev": 1300.0, "index": false}, "geometry": {"type": "LineString", "coordinates": [[-110.82795, 32.56205], [-110.82795, 32.56205]]}}, {"type": "Feature", "properties": {"elev": 1300.0, "index": false}, "geometry": {"type": "LineString", "coordinates": [[-110.82667, 32.56136], [-110.82252, 32.55946], [-110.81965, 32.55682], [-110.82348, 32.55852], [-110.82667, 32.56136]]}}, {"type": "Feature", "properties": {"elev": 1300.0, "index": false}, "geometry": {"type": "LineString", "coordinates": [[-111.03141, 32.5547], [-111.03109, 32.55403], [-111.03141, 32.5547]]}}, {"type": "Feature", "properties": {"elev": 1300.0, "index": false}, "geometry": {"type": "LineString", "coordinates": [[-110.78675, 32.55488], [-110.78675, 32.55424], [-110.78763, 32.55437], [-110.78675, 32.55488]]}}, {"type": "Feature", "properties": {"elev": 1300.0, "index": false}, "geometry": {"type": "LineString", "coordinates": [[-110.81773, 32.55061], [-110.81716, 32.5503], [-110.81773, 32.55061]]}}, {"type": "Feature", "properties": {"elev": 1300.0, "index": false}, "geometry": {"type": "LineString", "coordinates": [[-111.03045, 32.54681], [-111.02899, 32.54541], [-111.02977, 32.54433], [-111.02853, 32.54033], [-111.03141, 32.54173], [-111.03236, 32.54352], [-111.03364, 32.54188], [-111.03428, 32.54234], [-111.03377, 32.54514], [-111.03266, 32.54487], [-111.03045, 32.54681]]}}, {"type": "Feature", "properties": {"elev": 1300.0, "index": false}, "geometry": {"type": "LineString", "coordinates": [[-110.78643, 32.54653], [-110.78611, 32.54622], [-110.78643, 32.54653]]}}, {"type": "Feature", "properties": {"elev": 1300.0, "index": false}, "geometry": {"type": "LineString", "coordinates": [[-111.03971, 32.53548], [-111.039, 32.53537], [-111.03716, 32.5311], [-111.03588, 32.53008], [-111.03492, 32.53207], [-111.03415, 32.53076], [-111.0356, 32.52831], [-111.03671, 32.52777], [-111.03534, 32.52641], [-111.0363, 32.52533], [-111.03588, 32.52469], [-111.03443, 32.52533], [-111.03336, 32.52288], [-111.03385, 32.52234], [-111.03317, 32.52071], [-111.03346, 32.51854], [-111.03141, 32.51757], [-111.02996, 32.51773], [-111.03098, 32.51555], [-111.03045, 32.51335], [-111.03428, 32.5137], [-111.03497, 32.51447], [-111.03433, 32.51474], [-111.03556, 32.51544], [-111.03652, 32.51507], [-111.03761, 32.51555], [-111.03684, 32.5163], [-111.03556, 32.51607], [-111.03439, 32.51773], [-111.03548, 32.5199], [-111.0362, 32.51803], [-111.03794, 32.5199], [-111.03748, 32.5211], [-111.03843, 32.52156], [-111.03855, 32.52044], [-111.04003, 32.52009], [-111.0435, 32.52343], [-111.04276, 32.52478], [-111.04322, 32.52541], [-111.041, 32.5256], [-111.04365, 32.52723], [-111.04386, 32.52851], [-111.0445, 32.52895], [-111.04578, 32.52825], [-111.04642, 32.52906], [-111.04833, 32.52919], [-111.05134, 32.53157], [-111.05109, 32.53456], [-111.05025, 32.53487], [-111.05043, 32.5332], [-111.0477, 32.52914], [-111.04578, 32.53024], [-111.04482, 32.52986], [-111.04441, 32.53211], [-111.04322, 32.53325], [-111.04195, 32.53317], [-111.04163, 32.53417], [-111.03987, 32.5332], [-111.03971, 32.53548]]}}, {"type": "Feature", "properties": {"elev": 1300.0, "index": false}, "geometry": {"type": "LineString", "coordinates": [[-110.78419, 32.53356], [-110.78419, 32.53312], [-110.78419, 32.53356]]}}, {"type": "Feature", "properties": {"elev": 1300.0, "index": false}, "geometry": {"type": "LineString", "coordinates": [[-111.05376, 32.5297], [-111.0511, 32.52831], [-111.05313, 32.52853], [-111.05376, 32.5297]]}}, {"type": "Feature", "properties": {"elev": 1300.0, "index": false}, "geometry": {"type": "LineString", "coordinates": [[-111.06079, 32.52727], [-111.05951, 32.52715], [-111.05887, 32.52502], [-111.06111, 32.52595], [-111.06079, 32.52727]]}}, {"type": "Feature", "properties": {"elev": 1300.0, "index": false}, "geometry": {"type": "LineString", "coordinates": [[-111.04738, 32.52375], [-111.04525, 32.52343], [-111.04585, 32.52153], [-111.0447, 32.52098], [-111.04487, 32.51745], [-111.0461, 32.51657], [-111.04833, 32.51794], [-111.04897, 32.51682], [-111.05217, 32.51956], [-111.05171, 32.518], [-111.05281, 32.51565], [-111.0544, 32.51699], [-111.05429, 32.518], [-111.05623, 32.51854], [-111.05571, 32.52125], [-111.0544, 32.52077], [-111.05408, 32.52208], [-111.05249, 32.52188], [-111.05057, 32.52289], [-111.04869, 32.52207], [-111.04738, 32.52375]]}}, {"type": "Feature", "properties": {"elev": 1300.0, "index": false}, "geometry": {"type": "LineString", "coordinates": [[-111.03939, 32.51974], [-111.03824, 32.51827], [-111.03946, 32.51827], [-111.03939, 32.51974]]}}, {"type": "Feature", "properties": {"elev": 1300.0, "index": false}, "geometry": {"type": "LineString", "coordinates": [[-111.06143, 32.51856], [-111.06053, 32.51854], [-111.06111, 32.51811], [-111.06143, 32.51856]]}}, {"type": "Feature", "properties": {"elev": 1300.0, "index": false}, "geometry": {"type": "LineString", "coordinates": [[-111.05824, 32.51818], [-111.05674, 32.518], [-111.05664, 32.51688], [-111.05824, 32.51818]]}}, {"type": "Feature", "properties": {"elev": 1300.0, "index": false}, "geometry": {"type": "LineString", "coordinates": [[-111.03396, 32.50915], [-111.033, 32.50801], [-111.03121, 32.50741], [-111.03147, 32.50497], [-111.03022, 32.50442], [-111.02981, 32.50304], [-111.02814, 32.50252], [-111.02853, 32.50132], [-111.03259, 32.50171], [-111.03332, 32.49937], [-111.0363, 32.49981], [-111.03748, 32.50224], [-111.03939, 32.50282], [-111.04003, 32.50388], [-111.03907, 32.50505], [-111.03684, 32.50557], [-111.03509, 32.50334], [-111.033, 32.503], [-111.03264, 32.50415], [-111.03361, 32.5047], [-111.03532, 32.50795], [-111.03396, 32.50915]]}}, {"type": "Feature", "properties": {"elev": 1300.0, "index": false}, "geometry": {"type": "LineString", "coordinates": [[-110.66761, 32.50633], [-110.66761, 32.50633]]}}, {"type": "Feature", "properties": {"elev": 1300.0, "index": false}, "geometry": {"type": "LineString", "coordinates": [[-110.6558, 32.50225], [-110.65484, 32.50185], [-110.6558, 32.50225]]}}, {"type": "Feature", "properties": {"elev": 1300.0, "index": false}, "geometry": {"type": "LineString", "coordinates": [[-111.02023, 32.5018], [-111.01671, 32.50123], [-111.01535, 32.49954], [-111.01608, 32.49723], [-111.01959, 32.49858], [-111.02094, 32.49764], [-111.02011, 32.49601], [-111.02048, 32.49411], [-111.02151, 32.49402], [-111.02342, 32.49553], [-111.02438, 32.49451], [-111.02598, 32.49464], [-111.02855, 32.49737], [-111.02762, 32.5009], [-111.02598, 32.49933], [-111.02246, 32.50027], [-111.02151, 32.49964], [-111.02023, 32.5018]]}}, {"type": "Feature", "properties": {"elev": 1300.0, "index": false}, "geometry": {"type": "LineString", "coordinates": [[-111.03843, 32.49902], [-111.0377, 32.49872], [-111.03811, 32.49727], [-111.03843, 32.49902]]}}, {"type": "Feature", "properties": {"elev": 1300.0, "index": false}, "geometry": {"type": "LineString", "coordinates": [[-111.04865, 32.49384], [-111.04865, 32.49334], [-111.04865, 32.49384]]}}, {"type": "Feature", "properties": {"elev": 1300.0, "index": false}, "geometry": {"type": "LineString", "coordinates": [[-110.67273, 32.49088], [-110.67273, 32.49088]]}}, {"type": "Feature", "properties": {"elev": 1300.0, "index": false}, "geometry": {"type": "LineString", "coordinates": [[-110.65931, 32.49062], [-110.65899, 32.48913], [-110.66271, 32.48977], [-110.65931, 32.49062]]}}, {"type": "Feature", "properties": {"elev": 1300.0, "index": false}, "geometry": {"type": "LineString", "coordinates": [[-111.06047, 32.48583], [-111.05908, 32.48488], [-111.06079, 32.48333], [-111.06155, 32.48407], [-111.06047, 32.48583]]}}, {"type": "Feature", "properties": {"elev": 1300.0, "index": false}, "geometry": {"type": "LineString", "coordinates": [[-110.64973, 32.4857], [-110.64846, 32.48569], [-110.64973, 32.4857]]}}, {"type": "Feature", "properties": {"elev": 1300.0, "index": false}, "geometry": {"type": "LineString", "coordinates": [[-110.64717, 32.47321], [-110.64629, 32.47321], [-110.64694, 32.47212], [-110.64643, 32.47104], [-110.64949, 32.47022], [-110.64941, 32.47111], [-110.64767, 32.47212], [-110.64717, 32.47321]]}}, {"type": "Feature", "properties": {"elev": 1300.0, "index": false}, "geometry": {"type": "LineString", "coordinates": [[-110.63887, 32.45804], [-110.63807, 32.45746], [-110.63955, 32.45746], [-110.63887, 32.45804]]}}, {"type": "Feature", "properties": {"elev": 1300.0, "index": false}, "geometry": {"type": "LineString", "coordinates": [[-110.87714, 32.4347], [-110.87682, 32.43421], [-110.87714, 32.4347]]}}, {"type": "Feature", "properties": {"elev": 1300.0, "index": false}, "geometry": {"type": "LineString", "coordinates": [[-110.61108, 32.42121], [-110.61049, 32.42082], [-110.6114, 32.42039], [-110.61108, 32.42121]]}}, {"type": "Feature", "properties": {"elev": 1300.0, "index": false}, "geometry": {"type": "LineString", "coordinates": [[-110.62194, 32.41231], [-110.62034, 32.4124], [-110.61858, 32.4105], [-110.62098, 32.4113], [-110.62194, 32.41231]]}}, {"type": "Feature", "properties": {"elev": 1300.0, "index": false}, "geometry": {"type": "LineString", "coordinates": [[-110.60278, 32.41135], [-110.60219, 32.41131], [-110.60278, 32.41135]]}}, {"type": "Feature", "properties": {"elev": 1300.0, "index": false}, "geometry": {"type": "LineString", "coordinates": [[-110.60821, 32.40427], [-110.60757, 32.40399], [-110.60821, 32.40427]]}}, {"type": "Feature", "properties": {"elev": 1300.0, "index": false}, "geometry": {"type": "LineString", "coordinates": [[-110.59639, 32.37859], [-110.59671, 32.37781], [-110.59639, 32.37859]]}}, {"type": "Feature", "properties": {"elev": 1300.0, "index": false}, "geometry": {"type": "LineString", "coordinates": [[-110.79729, 32.37715], [-110.79679, 32.37711], [-110.79729, 32.37715]]}}, {"type": "Feature", "properties": {"elev": 1300.0, "index": false}, "geometry": {"type": "LineString", "coordinates": [[-110.79026, 32.37579], [-110.79026, 32.37534], [-110.79026, 32.37579]]}}, {"type": "Feature", "properties": {"elev": 1300.0, "index": false}, "geometry": {"type": "LineString", "coordinates": [[-110.62258, 32.36655], [-110.62258, 32.36655]]}}, {"type": "Feature", "properties": {"elev": 1300.0, "index": false}, "geometry": {"type": "LineString", "coordinates": [[-110.92696, 32.35823], [-110.92312, 32.35458], [-110.92345, 32.3531], [-110.92583, 32.35485], [-110.92696, 32.35823]]}}, {"type": "Feature", "properties": {"elev": 1300.0, "index": false}, "geometry": {"type": "LineString", "coordinates": [[-110.90812, 32.34971], [-110.9078, 32.34933], [-110.90862, 32.34942], [-110.90812, 32.34971]]}}, {"type": "Feature", "properties": {"elev": 1300.0, "index": false}, "geometry": {"type": "LineString", "coordinates": [[-110.62705, 32.34595], [-110.62705, 32.34532], [-110.62705, 32.34595]]}}, {"type": "Feature", "properties": {"elev": 1300.0, "index": false}, "geometry": {"type": "LineString", "coordinates": [[-110.79282, 32.33957], [-110.79378, 32.33842], [-110.79282, 32.33957]]}}, {"type": "Feature", "properties": {"elev": 1300.0, "index": false}, "geometry": {"type": "LineString", "coordinates": [[-110.82763, 32.33855], [-110.82763, 32.33748], [-110.82763, 32.33855]]}}, {"type": "Feature", "properties": {"elev": 1300.0, "index": false}, "geometry": {"type": "LineString", "coordinates": [[-110.65548, 32.33538], [-110.65548, 32.33538]]}}, {"type": "Feature", "properties": {"elev": 1300.0, "index": false}, "geometry": {"type": "LineString", "coordinates": [[-110.79154, 32.32531], [-110.79053, 32.32526], [-110.79126, 32.32445], [-110.7941, 32.32375], [-110.79495, 32.32418], [-110.79154, 32.32531]]}}, {"type": "Feature", "properties": {"elev": 1300.0, "index": false}, "geometry": {"type": "LineString", "coordinates": [[-110.60885, 32.32476], [-110.60597, 32.32466], [-110.6057, 32.32391], [-110.60687, 32.32336], [-110.6059, 32.32228], [-110.60661, 32.32167], [-110.60757, 32.32327], [-110.60943, 32.32418], [-110.60885, 32.32476]]}}, {"type": "Feature", "properties": {"elev": 1300.0, "index": false}, "geometry": {"type": "LineString", "coordinates": [[-110.59447, 32.32354], [-110.59447, 32.32305], [-110.59447, 32.32354]]}}, {"type": "Feature", "properties": {"elev": 1300.0, "index": false}, "geometry": {"type": "LineString", "coordinates": [[-110.60214, 32.31672], [-110.6018, 32.3163], [-110.60246, 32.31599], [-110.60214, 32.31672]]}}, {"type": "Feature", "properties": {"elev": 1300.0, "index": false}, "geometry": {"type": "LineString", "coordinates": [[-110.60374, 32.31581], [-110.60305, 32.31549], [-110.60374, 32.31474], [-110.60374, 32.31581]]}}, {"type": "Feature", "properties": {"elev": 1300.0, "index": false}, "geometry": {"type": "LineString", "coordinates": [[-110.61939, 32.30746], [-110.61888, 32.3068], [-110.62034, 32.30635], [-110.6207, 32.30708], [-110.61939, 32.30746]]}}, {"type": "Feature", "properties": {"elev": 1300.0, "index": false}, "geometry": {"type": "LineString", "coordinates": [[-110.62066, 32.30599], [-110.61968, 32.30517], [-110.62034, 32.30476], [-110.62109, 32.30572], [-110.62066, 32.30599]]}}, {"type": "Feature", "properties": {"elev": 1300.0, "index": false}, "geometry": {"type": "LineString", "coordinates": [[-110.61364, 32.30382], [-110.61288, 32.30382], [-110.61364, 32.30382]]}}, {"type": "Feature", "properties": {"elev": 1300.0, "index": false}, "geometry": {"type": "LineString", "coordinates": [[-110.61555, 32.30301], [-110.61407, 32.30219], [-110.6146, 32.30068], [-110.61332, 32.30101], [-110.61236, 32.30258], [-110.60853, 32.3], [-110.60833, 32.29893], [-110.60968, 32.29893], [-110.61172, 32.29627], [-110.61348, 32.29622], [-110.61332, 32.30006], [-110.61428, 32.29931], [-110.61534, 32.29947], [-110.61587, 32.29871], [-110.61715, 32.29927], [-110.61779, 32.29865], [-110.61869, 32.29893], [-110.61818, 32.30029], [-110.61943, 32.30056], [-110.61811, 32.30083], [-110.61555, 32.30301]]}}, {"type": "Feature", "properties": {"elev": 1300.0, "index": false}, "geometry": {"type": "LineString", "coordinates": [[-110.63408, 32.30213], [-110.63346, 32.30137], [-110.63379, 32.29975], [-110.63599, 32.2983], [-110.63791, 32.29883], [-110.63791, 32.29948], [-110.63536, 32.30058], [-110.63408, 32.30213]]}}, {"type": "Feature", "properties": {"elev": 1300.0, "index": false}, "geometry": {"type": "LineString", "coordinates": [[-110.62418, 32.30171], [-110.62322, 32.30178], [-110.62256, 32.30083], [-110.62482, 32.30073], [-110.62418, 32.30171]]}}, {"type": "Feature", "properties": {"elev": 1300.0, "index": false}, "geometry": {"type": "LineString", "coordinates": [[-110.62098, 32.30168], [-110.62036, 32.30137], [-110.62179, 32.3011], [-110.62098, 32.30168]]}}, {"type": "Feature", "properties": {"elev": 1300.0, "index": false}, "geometry": {"type": "LineString", "coordinates": [[-110.60853, 32.30143], [-110.60811, 32.3011], [-110.60853, 32.30143]]}}, {"type": "Feature", "properties": {"elev": 1300.0, "index": false}, "geometry": {"type": "LineString", "coordinates": [[-110.59128, 32.30036], [-110.59057, 32.30029], [-110.59079, 32.29947], [-110.59128, 32.30036]]}}, {"type": "Feature", "properties": {"elev": 1300.0, "index": false}, "geometry": {"type": "LineString", "coordinates": [[-110.65133, 32.29875], [-110.65133, 32.29834], [-110.65133, 32.29875]]}}, {"type": "Feature", "properties": {"elev": 1300.0, "index": false}, "geometry": {"type": "LineString", "coordinates": [[-110.65037, 32.2975], [-110.65049, 32.29649], [-110.64941, 32.29511], [-110.65071, 32.2954], [-110.65037, 32.2975]]}}, {"type": "Feature", "properties": {"elev": 1300.0, "index": false}, "geometry": {"type": "LineString", "coordinates": [[-110.64111, 32.28928], [-110.64174, 32.28858], [-110.64111, 32.28928]]}}, {"type": "Feature", "properties": {"elev": 1300.0, "index": false}, "geometry": {"type": "LineString", "coordinates": [[-110.65612, 32.28099], [-110.6558, 32.28045], [-110.65612, 32.28099]]}}, {"type": "Feature", "properties": {"elev": 1300.0, "index": false}, "geometry": {"type": "LineString", "coordinates": [[-110.61044, 32.25962], [-110.61018, 32.25821], [-110.60775, 32.25713], [-110.60725, 32.25455], [-110.61044, 32.25477], [-110.61218, 32.25577], [-110.6117, 32.2574], [-110.61251, 32.25848], [-110.61044, 32.25962]]}}, {"type": "Feature", "properties": {"elev": 1400.0, "index": false}, "geometry": {"type": "LineString", "coordinates": [[-110.72847, 32.57609], [-110.7275, 32.57527], [-110.72806, 32.57446], [-110.72727, 32.57419], [-110.72744, 32.57337], [-110.72511, 32.57283], [-110.72543, 32.57136], [-110.72678, 32.57202], [-110.72592, 32.57093], [-110.7267, 32.57074], [-110.72682, 32.56985], [-110.72574, 32.57052], [-110.72504, 32.57012], [-110.7253, 32.56686], [-110.72599, 32.56632], [-110.72519, 32.56577], [-110.72564, 32.56496], [-110.72494, 32.56469], [-110.72525, 32.56333], [-110.7246, 32.56252], [-110.7265, 32.5617], [-110.72511, 32.56153], [-110.72493, 32.56034], [-110.72383, 32.56028], [-110.72351, 32.55952], [-110.7223, 32.55953], [-110.72358, 32.55817], [-110.722, 32.55709], [-110.72176, 32.55546], [-110.71904, 32.55508], [-110.71872, 32.55562], [-110.71831, 32.55356], [-110.7177, 32.55383], [-110.71654, 32.55274], [-110.71699, 32.55193], [-110.71329, 32.5519], [-110.71381, 32.55111], [-110.71329, 32.55078], [-110.71045, 32.55111], [-110.71201, 32.54979], [-110.71329, 32.55026], [-110.7146, 32.54976], [-110.71363, 32.54867], [-110.71329, 32.54656], [-110.71201, 32.54757], [-110.71169, 32.54642], [-110.70914, 32.54845], [-110.7085, 32.5476], [-110.7069, 32.54874], [-110.7053, 32.5487], [-110.70466, 32.54988], [-110.70147, 32.55084], [-110.70127, 32.5484], [-110.70367, 32.54813], [-110.70339, 32.54698], [-110.7053, 32.5467], [-110.70646, 32.54514], [-110.69808, 32.54596], [-110.69955, 32.54431], [-110.70435, 32.54441], [-110.70592, 32.54379], [-110.70115, 32.5415], [-110.69749, 32.54134], [-110.69824, 32.53999], [-110.70147, 32.53918], [-110.70754, 32.54055], [-110.7145, 32.53944], [-110.70914, 32.53847], [-110.70946, 32.53753], [-110.7069, 32.53806], [-110.70243, 32.53647], [-110.70435, 32.53469], [-110.69955, 32.53516], [-110.70082, 32.5332], [-110.70254, 32.53266], [-110.70147, 32.53187], [-110.69955, 32.53232], [-110.69604, 32.53474], [-110.69265, 32.53456], [-110.69796, 32.53067], [-110.69875, 32.52886], [-110.70218, 32.5275], [-110.7006, 32.52723], [-110.70083, 32.52517], [-110.69221, 32.53005], [-110.69508, 32.52696], [-110.69157, 32.52778], [-110.69189, 32.52664], [-110.6885, 32.52668], [-110.6896, 32.52533], [-110.69221, 32.52422], [-110.68933, 32.52395], [-110.68582, 32.52572], [-110.68496, 32.52506], [-110.68921, 32.52234], [-110.68422, 32.52191], [-110.6823, 32.52234], [-110.68422, 32.52076], [-110.68422, 32.51937], [-110.68647, 32.52071], [-110.68901, 32.52111], [-110.68707, 32.51854], [-110.6887, 32.51793], [-110.69253, 32.52077], [-110.69524, 32.52153], [-110.69341, 32.5199], [-110.69384, 32.51881], [-110.69232, 32.51827], [-110.69289, 32.51691], [-110.69068, 32.51637], [-110.69285, 32.51545], [-110.697, 32.51566], [-110.69657, 32.51447], [-110.69444, 32.5141], [-110.69412, 32.5131], [-110.69317, 32.51376], [-110.69125, 32.51303], [-110.69061, 32.51373], [-110.68997, 32.51325], [-110.68806, 32.51402], [-110.6871, 32.51341], [-110.6855, 32.51467], [-110.68263, 32.51489], [-110.68216, 32.51311], [-110.68305, 32.5123], [-110.69016, 32.51175], [-110.68582, 32.51035], [-110.68071, 32.50994], [-110.68025, 32.50931], [-110.68135, 32.50434], [-110.69031, 32.50904], [-110.69412, 32.50877], [-110.69603, 32.50795], [-110.69093, 32.50642], [-110.68901, 32.50687], [-110.68824, 32.50361], [-110.68949, 32.50334], [-110.68884, 32.50144], [-110.68965, 32.50034], [-110.69157, 32.50248], [-110.69234, 32.50252], [-110.69141, 32.49927], [-110.69192, 32.49737], [-110.68994, 32.4971], [-110.69157, 32.49621], [-110.69412, 32.49776], [-110.69508, 32.49771], [-110.69407, 32.49682], [-110.69444, 32.49519], [-110.69604, 32.49502], [-110.6993, 32.49248], [-110.69764, 32.49216], [-110.6954, 32.4936], [-110.69317, 32.4939], [-110.69264, 32.49302], [-110.69413, 32.49248], [-110.69331, 32.49139], [-110.69093, 32.49265], [-110.6887, 32.49214], [-110.68774, 32.49093], [-110.68635, 32.49085], [-110.68806, 32.48938], [-110.69061, 32.48906], [-110.69221, 32.48964], [-110.69412, 32.488], [-110.69572, 32.48852], [-110.69636, 32.48749], [-110.69805, 32.48759], [-110.69564, 32.48597], [-110.69824, 32.48434], [-110.6971, 32.48325], [-110.69862, 32.48244], [-110.69645, 32.48271], [-110.6954, 32.48407], [-110.69395, 32.48352], [-110.69357, 32.48298], [-110.69496, 32.48162], [-110.69066, 32.47972], [-110.69412, 32.47982], [-110.69373, 32.47918], [-110.69431, 32.47864], [-110.69029, 32.47813], [-110.68965, 32.47698], [-110.6871, 32.47797], [-110.68678, 32.47696], [-110.68518, 32.478], [-110.68422, 32.4771], [-110.68231, 32.4782], [-110.68165, 32.47809], [-110.68199, 32.47708], [-110.67943, 32.47759], [-110.67844, 32.47646], [-110.68017, 32.47619], [-110.67931, 32.47565], [-110.67956, 32.47484], [-110.68244, 32.47511], [-110.68071, 32.4738], [-110.67784, 32.47357], [-110.67496, 32.47492], [-110.67401, 32.47456], [-110.67464, 32.4737], [-110.68007, 32.47219], [-110.68199, 32.47391], [-110.68358, 32.4739], [-110.68277, 32.47266], [-110.68327, 32.47203], [-110.68546, 32.47348], [-110.68572, 32.47456], [-110.68901, 32.47471], [-110.68662, 32.47266], [-110.68631, 32.47158], [-110.68833, 32.47185], [-110.6877, 32.47076], [-110.68901, 32.4702], [-110.69029, 32.47119], [-110.69182, 32.47104], [-110.69178, 32.46941], [-110.69317, 32.46898], [-110.69508, 32.46953], [-110.69456, 32.46805], [-110.69572, 32.46739], [-110.69774, 32.46751], [-110.69666, 32.46669], [-110.6988, 32.46588], [-110.69706, 32.46561], [-110.69765, 32.46343], [-110.70051, 32.46393], [-110.70211, 32.46333], [-110.70403, 32.46108], [-110.70498, 32.46099], [-110.70356, 32.46099], [-110.70019, 32.46297], [-110.69732, 32.46098], [-110.69412, 32.46574], [-110.69285, 32.4657], [-110.69093, 32.46674], [-110.69029, 32.46561], [-110.68933, 32.46678], [-110.68838, 32.46574], [-110.6871, 32.46739], [-110.68518, 32.46604], [-110.68422, 32.4682], [-110.68327, 32.46773], [-110.68007, 32.46896], [-110.68327, 32.46444], [-110.68601, 32.46262], [-110.68653, 32.46181], [-110.68608, 32.46072], [-110.6871, 32.46023], [-110.68721, 32.45882], [-110.68678, 32.45967], [-110.68454, 32.46103], [-110.68327, 32.46104], [-110.68295, 32.46178], [-110.68103, 32.46177], [-110.68055, 32.46045], [-110.67943, 32.4603], [-110.67916, 32.46181], [-110.68037, 32.46343], [-110.67815, 32.4639], [-110.67614, 32.46208], [-110.67577, 32.46479], [-110.67704, 32.46588], [-110.6756, 32.46727], [-110.67241, 32.46865], [-110.67145, 32.46996], [-110.67043, 32.46859], [-110.67209, 32.46709], [-110.66985, 32.46753], [-110.66825, 32.46521], [-110.66803, 32.46995], [-110.66666, 32.47091], [-110.66576, 32.46941], [-110.66453, 32.46886], [-110.66453, 32.46778], [-110.66091, 32.46768], [-110.66123, 32.46535], [-110.65676, 32.46339], [-110.65516, 32.46383], [-110.65458, 32.46343], [-110.65513, 32.46262], [-110.65356, 32.46134], [-110.65292, 32.46199], [-110.65165, 32.46192], [-110.65109, 32.46072], [-110.64941, 32.45967], [-110.64749, 32.45948], [-110.64733, 32.45638], [-110.6488, 32.45556], [-110.64685, 32.4547], [-110.64616, 32.45339], [-110.64717, 32.45273], [-110.65061, 32.4542], [-110.65069, 32.45338], [-110.65281, 32.45258], [-110.65037, 32.45095], [-110.65048, 32.45013], [-110.65388, 32.44922], [-110.65644, 32.44965], [-110.65867, 32.44803], [-110.65963, 32.4484], [-110.66024, 32.44796], [-110.65967, 32.44688], [-110.66091, 32.44568], [-110.66282, 32.44533], [-110.66825, 32.44661], [-110.6689, 32.44579], [-110.66835, 32.44498], [-110.67145, 32.44503], [-110.67064, 32.44416], [-110.67163, 32.44335], [-110.66985, 32.44267], [-110.66934, 32.44172], [-110.67205, 32.44117], [-110.67316, 32.43927], [-110.67236, 32.439], [-110.67113, 32.44037], [-110.6695, 32.439], [-110.67113, 32.43759], [-110.67333, 32.43737], [-110.67144, 32.43683], [-110.67049, 32.43416], [-110.66989, 32.43547], [-110.67071, 32.43656], [-110.66985, 32.43766], [-110.66857, 32.4381], [-110.6673, 32.43745], [-110.66787, 32.44036], [-110.66634, 32.44227], [-110.66338, 32.43927], [-110.66474, 32.4374], [-110.66219, 32.43814], [-110.66219, 32.43715], [-110.66091, 32.43685], [-110.65963, 32.4378], [-110.65835, 32.43765], [-110.65768, 32.43873], [-110.65858, 32.439], [-110.65676, 32.44036], [-110.65957, 32.44145], [-110.66018, 32.4428], [-110.65963, 32.44328], [-110.65771, 32.44169], [-110.65842, 32.44389], [-110.65707, 32.44472], [-110.65452, 32.44477], [-110.64941, 32.44264], [-110.64913, 32.44389], [-110.64845, 32.44393], [-110.6459, 32.44219], [-110.64494, 32.44459], [-110.64398, 32.44443], [-110.643, 32.4428], [-110.64418, 32.44145], [-110.64074, 32.44117], [-110.63887, 32.43755], [-110.63919, 32.43974], [-110.63779, 32.44009], [-110.63916, 32.44308], [-110.63829, 32.44389], [-110.63902, 32.44498], [-110.63663, 32.44635], [-110.63526, 32.44443], [-110.63587, 32.4428], [-110.6351, 32.44199], [-110.6359, 32.44063], [-110.63376, 32.43945], [-110.63285, 32.4409], [-110.63218, 32.4409], [-110.6328, 32.43851], [-110.63216, 32.43886], [-110.63184, 32.43819], [-110.63065, 32.43873], [-110.62961, 32.44057], [-110.62897, 32.43886], [-110.62833, 32.43933], [-110.62801, 32.43866], [-110.62609, 32.43896], [-110.62657, 32.44036], [-110.62607, 32.44145], [-110.62672, 32.44172], [-110.62606, 32.44253], [-110.62769, 32.44498], [-110.62737, 32.44583], [-110.62386, 32.44322], [-110.6229, 32.44159], [-110.62049, 32.44063], [-110.62354, 32.43928], [-110.62418, 32.43694], [-110.6213, 32.43763], [-110.62034, 32.43652], [-110.61875, 32.4381], [-110.61687, 32.43737], [-110.61736, 32.43493], [-110.61638, 32.43439], [-110.61656, 32.43357], [-110.62071, 32.43276], [-110.62046, 32.43222], [-110.62258, 32.43059], [-110.62482, 32.43002], [-110.62643, 32.42814], [-110.62514, 32.4286], [-110.62478, 32.42814], [-110.62641, 32.42742], [-110.6269, 32.42624], [-110.62482, 32.42468], [-110.62217, 32.42434], [-110.62181, 32.42136], [-110.62034, 32.41973], [-110.62098, 32.41836], [-110.62303, 32.41892], [-110.6245, 32.42052], [-110.62533, 32.42], [-110.62561, 32.41702], [-110.62641, 32.41668], [-110.62619, 32.41919], [-110.62764, 32.42027], [-110.62737, 32.42114], [-110.62833, 32.42051], [-110.62897, 32.42158], [-110.62961, 32.42072], [-110.63057, 32.42083], [-110.63344, 32.42282], [-110.63452, 32.42217], [-110.63561, 32.41919], [-110.6334, 32.41729], [-110.63434, 32.4162], [-110.63309, 32.41566], [-110.63344, 32.41231], [-110.63631, 32.41242], [-110.63781, 32.41512], [-110.63951, 32.41563], [-110.64111, 32.41349], [-110.64553, 32.41186], [-110.64653, 32.41262], [-110.64685, 32.41153], [-110.64813, 32.41228], [-110.64947, 32.41159], [-110.64653, 32.40893], [-110.64302, 32.40902], [-110.64253, 32.40806], [-110.64344, 32.40751], [-110.64307, 32.40697], [-110.63903, 32.40561], [-110.64015, 32.40509], [-110.64322, 32.40561], [-110.6428, 32.4048], [-110.64174, 32.40464], [-110.64105, 32.4029], [-110.63887, 32.40351], [-110.63685, 32.401], [-110.63726, 32.3972], [-110.63599, 32.39557], [-110.63373, 32.3953], [-110.63344, 32.39364], [-110.63025, 32.3933], [-110.62826, 32.39096], [-110.62882, 32.38987], [-110.6279, 32.38878], [-110.62849, 32.3877], [-110.62719, 32.3839], [-110.62865, 32.38407], [-110.63216, 32.38285], [-110.63344, 32.38322], [-110.63349, 32.382], [-110.62897, 32.38126], [-110.62801, 32.38075], [-110.62769, 32.37954], [-110.62609, 32.38021], [-110.62417, 32.37928], [-110.62354, 32.3809], [-110.62258, 32.38063], [-110.62064, 32.37684], [-110.61715, 32.37672], [-110.61607, 32.37603], [-110.61811, 32.37535], [-110.6229, 32.376], [-110.62322, 32.37456], [-110.62162, 32.37437], [-110.61936, 32.37277], [-110.62066, 32.3715], [-110.62066, 32.37032], [-110.62342, 32.36978], [-110.62322, 32.36812], [-110.6262, 32.36815], [-110.62746, 32.36951], [-110.62715, 32.37087], [-110.62801, 32.37195], [-110.62993, 32.36914], [-110.63312, 32.36954], [-110.63452, 32.36897], [-110.63372, 32.36788], [-110.62833, 32.36748], [-110.62769, 32.36616], [-110.6255, 32.36517], [-110.62577, 32.36323], [-110.6213, 32.36368], [-110.6189, 32.3668], [-110.61747, 32.36684], [-110.61619, 32.36812], [-110.61396, 32.36752], [-110.613, 32.36642], [-110.61172, 32.36641], [-110.60981, 32.36381], [-110.61076, 32.36367], [-110.61233, 32.36462], [-110.61236, 32.36333], [-110.61345, 32.363], [-110.613, 32.36087], [-110.61619, 32.36291], [-110.61744, 32.36272], [-110.61641, 32.36082], [-110.61236, 32.35724], [-110.6146, 32.35647], [-110.61516, 32.35811], [-110.61715, 32.35856], [-110.61843, 32.35811], [-110.61811, 32.35599], [-110.62002, 32.35665], [-110.62066, 32.3548], [-110.62192, 32.35594], [-110.62194, 32.35775], [-110.62226, 32.35683], [-110.62322, 32.35716], [-110.62502, 32.35621], [-110.62673, 32.35274], [-110.62865, 32.35244], [-110.62876, 32.35377], [-110.62791, 32.35485], [-110.63025, 32.35481], [-110.63025, 32.35691], [-110.63568, 32.35458], [-110.63695, 32.35487], [-110.63956, 32.35187], [-110.63849, 32.35105], [-110.63891, 32.34969], [-110.64142, 32.35018], [-110.64526, 32.34948], [-110.64558, 32.3509], [-110.64215, 32.35214], [-110.64448, 32.35295], [-110.6443, 32.35426], [-110.64564, 32.35349], [-110.64508, 32.35241], [-110.64653, 32.35279], [-110.64763, 32.35187], [-110.64705, 32.35132], [-110.64781, 32.34995], [-110.64863, 32.34997], [-110.64813, 32.35133], [-110.65101, 32.35319], [-110.65196, 32.35326], [-110.65292, 32.34954], [-110.65356, 32.35023], [-110.65835, 32.35151], [-110.65954, 32.35051], [-110.65676, 32.34899], [-110.65639, 32.34752], [-110.65069, 32.34482], [-110.65165, 32.34365], [-110.65452, 32.34456], [-110.65359, 32.34399], [-110.65484, 32.34419], [-110.65516, 32.34291], [-110.65676, 32.34286], [-110.65803, 32.34123], [-110.65931, 32.34087], [-110.66123, 32.34127], [-110.66105, 32.34209], [-110.65794, 32.34454], [-110.66123, 32.34452], [-110.6625, 32.3456], [-110.66506, 32.34232], [-110.66602, 32.34253], [-110.66698, 32.34178], [-110.67116, 32.34291], [-110.67211, 32.34264], [-110.67071, 32.34155], [-110.67028, 32.34019], [-110.67147, 32.33938], [-110.6719, 32.33639], [-110.67304, 32.33533], [-110.67399, 32.33558], [-110.674, 32.33681], [-110.67624, 32.33693], [-110.67784, 32.3378], [-110.67879, 32.33703], [-110.68007, 32.33719], [-110.68079, 32.33639], [-110.68014, 32.33531], [-110.68414, 32.33232], [-110.68167, 32.33192], [-110.68069, 32.33123], [-110.68101, 32.33069], [-110.68358, 32.33029], [-110.68454, 32.33082], [-110.68582, 32.33026], [-110.68707, 32.32879], [-110.68772, 32.32526], [-110.69029, 32.32493], [-110.69221, 32.32278], [-110.69508, 32.32329], [-110.69955, 32.32003], [-110.70211, 32.3205], [-110.70224, 32.32201], [-110.6945, 32.32526], [-110.69412, 32.32648], [-110.68997, 32.3278], [-110.68976, 32.33015], [-110.69154, 32.33151], [-110.68851, 32.33286], [-110.68901, 32.33384], [-110.69093, 32.33404], [-110.69107, 32.33476], [-110.68997, 32.33568], [-110.68566, 32.33694], [-110.68582, 32.33752], [-110.68452, 32.33856], [-110.68498, 32.33938], [-110.68309, 32.34046], [-110.68279, 32.34209], [-110.68358, 32.34249], [-110.68454, 32.34113], [-110.69093, 32.33942], [-110.69254, 32.33992], [-110.69285, 32.34234], [-110.69452, 32.34074], [-110.69492, 32.33856], [-110.69636, 32.33744], [-110.69758, 32.33775], [-110.6986, 32.33904], [-110.69955, 32.33786], [-110.70179, 32.33737], [-110.70786, 32.33784], [-110.7076, 32.33639], [-110.70498, 32.33499], [-110.70211, 32.33511], [-110.69892, 32.3343], [-110.69829, 32.33368], [-110.69859, 32.33205], [-110.70179, 32.33181], [-110.70275, 32.3308], [-110.70658, 32.33108], [-110.70722, 32.33034], [-110.70914, 32.33013], [-110.70997, 32.32906], [-110.70827, 32.32771], [-110.71016, 32.32662], [-110.71003, 32.32391], [-110.71102, 32.32309], [-110.71098, 32.32065], [-110.71393, 32.31915], [-110.71489, 32.31925], [-110.71492, 32.32011], [-110.71134, 32.32445], [-110.71201, 32.32641], [-110.71329, 32.32552], [-110.71657, 32.32526], [-110.7166, 32.32255], [-110.71968, 32.32059], [-110.72063, 32.3204], [-110.7207, 32.32146], [-110.71832, 32.32336], [-110.71936, 32.32453], [-110.71936, 32.32622], [-110.72191, 32.32425], [-110.72574, 32.32367], [-110.73098, 32.32173], [-110.73086, 32.32352], [-110.72876, 32.32445], [-110.72662, 32.32798], [-110.72636, 32.32879], [-110.72749, 32.32988], [-110.72585, 32.33069], [-110.72571, 32.33178], [-110.72702, 32.33091], [-110.7283, 32.33245], [-110.73017, 32.33205], [-110.73022, 32.3305], [-110.73245, 32.32883], [-110.73373, 32.32964], [-110.73692, 32.32831], [-110.73884, 32.33041], [-110.74044, 32.329], [-110.74288, 32.32852], [-110.74434, 32.32445], [-110.74325, 32.32363], [-110.74349, 32.32309], [-110.74427, 32.32235], [-110.746, 32.32282], [-110.74746, 32.32109], [-110.74906, 32.3218], [-110.75002, 32.32332], [-110.75151, 32.32282], [-110.75226, 32.32418], [-110.7513, 32.32841], [-110.75385, 32.32686], [-110.7561, 32.32689], [-110.75768, 32.3226], [-110.76005, 32.32282], [-110.76056, 32.32397], [-110.76293, 32.32363], [-110.76212, 32.32608], [-110.76058, 32.32635], [-110.75624, 32.33042], [-110.75928, 32.33009], [-110.75992, 32.33143], [-110.76184, 32.3303], [-110.76361, 32.33069], [-110.76298, 32.33341], [-110.76186, 32.33449], [-110.76216, 32.33642], [-110.75992, 32.33586], [-110.75896, 32.33686], [-110.75821, 32.33666], [-110.75673, 32.33887], [-110.75568, 32.33884], [-110.75577, 32.3415], [-110.75353, 32.34149], [-110.75246, 32.34236], [-110.75291, 32.34372], [-110.75162, 32.34526], [-110.7497, 32.34567], [-110.7481, 32.34439], [-110.74555, 32.34601], [-110.74334, 32.34616], [-110.74221, 32.34725], [-110.74363, 32.3479], [-110.74395, 32.34928], [-110.7414, 32.34875], [-110.74012, 32.34728], [-110.73884, 32.34739], [-110.74074, 32.34969], [-110.73597, 32.34989], [-110.73799, 32.35078], [-110.73611, 32.35159], [-110.73501, 32.35334], [-110.7336, 32.35295], [-110.73423, 32.35349], [-110.73253, 32.35539], [-110.73405, 32.3552], [-110.73469, 32.35438], [-110.73628, 32.35528], [-110.73628, 32.35424], [-110.73884, 32.35272], [-110.74331, 32.35262], [-110.74361, 32.35349], [-110.74491, 32.35387], [-110.74471, 32.35512], [-110.74714, 32.35479], [-110.74673, 32.35594], [-110.74854, 32.35567], [-110.7481, 32.35686], [-110.7497, 32.35635], [-110.75029, 32.35729], [-110.75289, 32.35747], [-110.75353, 32.35938], [-110.75545, 32.36111], [-110.75705, 32.35935], [-110.75499, 32.36381], [-110.7551, 32.36761], [-110.75705, 32.36445], [-110.75766, 32.36652], [-110.75864, 32.36631], [-110.7596, 32.36769], [-110.7612, 32.36759], [-110.76194, 32.36815], [-110.7611, 32.36978], [-110.76407, 32.37113], [-110.76445, 32.37222], [-110.76248, 32.37301], [-110.76189, 32.3744], [-110.76263, 32.37467], [-110.76311, 32.37681], [-110.76407, 32.37436], [-110.76533, 32.37467], [-110.76599, 32.37602], [-110.76791, 32.37605], [-110.76854, 32.37731], [-110.77013, 32.37413], [-110.77142, 32.37365], [-110.77302, 32.37935], [-110.77516, 32.37765], [-110.77525, 32.3768], [-110.7774, 32.37738], [-110.77845, 32.37582], [-110.78068, 32.37519], [-110.78611, 32.37716], [-110.78739, 32.37592], [-110.78692, 32.37765], [-110.79044, 32.37901], [-110.79035, 32.382], [-110.79123, 32.38308], [-110.78803, 32.38376], [-110.7869, 32.38471], [-110.78739, 32.38558], [-110.78771, 32.38491], [-110.78962, 32.38511], [-110.79122, 32.38662], [-110.79359, 32.38715], [-110.79311, 32.38824], [-110.7941, 32.39018], [-110.79436, 32.38851], [-110.7958, 32.38743], [-110.79429, 32.38553], [-110.79537, 32.38533], [-110.79601, 32.38395], [-110.7974, 32.3839], [-110.79691, 32.38145], [-110.79761, 32.38057], [-110.79921, 32.38009], [-110.80048, 32.38068], [-110.80112, 32.37982], [-110.80399, 32.382], [-110.80719, 32.38214], [-110.80783, 32.38396], [-110.81103, 32.38254], [-110.80987, 32.38145], [-110.81106, 32.38145], [-110.80937, 32.38064], [-110.80776, 32.37793], [-110.80666, 32.37738], [-110.80591, 32.37514], [-110.80432, 32.37552], [-110.80272, 32.37288], [-110.8008, 32.37393], [-110.79857, 32.3721], [-110.79633, 32.37216], [-110.79473, 32.37095], [-110.7941, 32.3647], [-110.79154, 32.36487], [-110.78994, 32.36604], [-110.78835, 32.36476], [-110.78771, 32.36535], [-110.78611, 32.36523], [-110.78434, 32.36381], [-110.78404, 32.3611], [-110.78485, 32.35892], [-110.78771, 32.35576], [-110.78835, 32.35656], [-110.7909, 32.35689], [-110.79363, 32.35214], [-110.79181, 32.35024], [-110.79125, 32.34779], [-110.78962, 32.34635], [-110.79176, 32.34589], [-110.79218, 32.34511], [-110.79346, 32.34664], [-110.79487, 32.34644], [-110.79441, 32.34556], [-110.79505, 32.34614], [-110.7977, 32.34616], [-110.7957, 32.34725], [-110.79607, 32.35051], [-110.79793, 32.35176], [-110.79858, 32.35132], [-110.79917, 32.35349], [-110.80144, 32.35619], [-110.80332, 32.35539], [-110.80311, 32.35241], [-110.8056, 32.35024], [-110.80623, 32.34878], [-110.80856, 32.34888], [-110.80911, 32.34752], [-110.80844, 32.34698], [-110.81166, 32.34153], [-110.81198, 32.34354], [-110.81446, 32.34562], [-110.81369, 32.34698], [-110.81326, 32.35148], [-110.81645, 32.35001], [-110.81933, 32.35456], [-110.82049, 32.35078], [-110.81951, 32.34834], [-110.82061, 32.34374], [-110.823, 32.34372], [-110.82348, 32.34634], [-110.82508, 32.34501], [-110.82491, 32.34725], [-110.82557, 32.34834], [-110.82763, 32.3497], [-110.83051, 32.35049], [-110.83146, 32.35378], [-110.83283, 32.34942], [-110.83223, 32.34779], [-110.83402, 32.34633], [-110.83498, 32.34194], [-110.83626, 32.34234], [-110.83849, 32.3405], [-110.83945, 32.34124], [-110.84009, 32.34344], [-110.84169, 32.34442], [-110.84482, 32.34481], [-110.8452, 32.34579], [-110.84616, 32.34589], [-110.84712, 32.34467], [-110.84903, 32.34423], [-110.8502, 32.34562], [-110.84936, 32.35132], [-110.85267, 32.35241], [-110.85446, 32.35446], [-110.85446, 32.35607], [-110.85574, 32.35584], [-110.8567, 32.35663], [-110.85705, 32.35811], [-110.85916, 32.35974], [-110.859, 32.3611], [-110.86085, 32.36143], [-110.86149, 32.36255], [-110.86182, 32.36137], [-110.86039, 32.35919], [-110.86091, 32.35838], [-110.86, 32.35675], [-110.86044, 32.35322], [-110.86146, 32.35132], [-110.86076, 32.35051], [-110.86117, 32.34651], [-110.86181, 32.34691], [-110.86404, 32.34545], [-110.86468, 32.34709], [-110.86883, 32.34881], [-110.86915, 32.3467], [-110.87075, 32.34498], [-110.87363, 32.34543], [-110.87458, 32.34382], [-110.87586, 32.3439], [-110.8781, 32.34566], [-110.87905, 32.34378], [-110.88129, 32.34456], [-110.88225, 32.34372], [-110.88385, 32.34453], [-110.88492, 32.34318], [-110.88959, 32.34241], [-110.88678, 32.34589], [-110.88544, 32.34596], [-110.88283, 32.34807], [-110.88576, 32.34809], [-110.88642, 32.34861], [-110.88608, 32.34948], [-110.88896, 32.34838], [-110.89019, 32.34942], [-110.89087, 32.34919], [-110.88959, 32.35376], [-110.89215, 32.35389], [-110.89565, 32.35241], [-110.89279, 32.35986], [-110.89439, 32.35954], [-110.89598, 32.3582], [-110.89726, 32.35868], [-110.89854, 32.35691], [-110.8995, 32.35702], [-110.8995, 32.3558], [-110.90109, 32.35553], [-110.90141, 32.35639], [-110.90269, 32.35647], [-110.90525, 32.35491], [-110.90556, 32.35677], [-110.90748, 32.35616], [-110.9078, 32.35507], [-110.90876, 32.35463], [-110.91036, 32.35611], [-110.91227, 32.3564], [-110.91323, 32.35432], [-110.9143, 32.35431], [-110.91483, 32.35233], [-110.91593, 32.35295], [-110.9161, 32.35404], [-110.91834, 32.3548], [-110.91705, 32.35702], [-110.91715, 32.35811], [-110.91868, 32.35865], [-110.91802, 32.35923], [-110.91674, 32.35905], [-110.91515, 32.36083], [-110.91323, 32.3609], [-110.90908, 32.36583], [-110.90551, 32.36462], [-110.90621, 32.3687], [-110.90441, 32.37032], [-110.90598, 32.37114], [-110.90397, 32.37274], [-110.90301, 32.37508], [-110.90127, 32.37575], [-110.90248, 32.3763], [-110.9025, 32.37738], [-110.90461, 32.37645], [-110.90493, 32.37546], [-110.90844, 32.37531], [-110.9094, 32.37419], [-110.91099, 32.374], [-110.91195, 32.37227], [-110.91327, 32.37222], [-110.91259, 32.37085], [-110.91579, 32.37153], [-110.9177, 32.36965], [-110.91834, 32.37034], [-110.9209, 32.36969], [-110.92185, 32.37062], [-110.92249, 32.37003], [-110.92409, 32.37041], [-110.92601, 32.37291], [-110.9276, 32.37335], [-110.93016, 32.37209], [-110.93192, 32.37222], [-110.92952, 32.37418], [-110.92954, 32.37521], [-110.93129, 32.37657], [-110.92905, 32.37684], [-110.92824, 32.38085], [-110.92664, 32.37979], [-110.92505, 32.38042], [-110.92505, 32.38118], [-110.92377, 32.38215], [-110.92026, 32.37917], [-110.91802, 32.37943], [-110.91661, 32.38118], [-110.91675, 32.38281], [-110.91579, 32.38413], [-110.91483, 32.38472], [-110.91311, 32.38417], [-110.91362, 32.38661], [-110.91259, 32.3878], [-110.91079, 32.3877], [-110.90876, 32.38664], [-110.9089, 32.38797], [-110.90716, 32.38818], [-110.90461, 32.38676], [-110.90301, 32.38685], [-110.90286, 32.38797], [-110.90205, 32.38818], [-110.89789, 32.38688], [-110.90044, 32.39123], [-110.89822, 32.39098], [-110.89726, 32.3926], [-110.89566, 32.39314], [-110.89407, 32.39204], [-110.89279, 32.38962], [-110.89149, 32.39041], [-110.8918, 32.3915], [-110.88845, 32.39421], [-110.88939, 32.39638], [-110.88831, 32.39638], [-110.88819, 32.39828], [-110.89099, 32.40073], [-110.89164, 32.40317], [-110.89055, 32.40477], [-110.888, 32.40391], [-110.88672, 32.40546], [-110.88289, 32.40447], [-110.88357, 32.40643], [-110.88225, 32.40854], [-110.88113, 32.40833], [-110.8805, 32.40643], [-110.87765, 32.40426], [-110.87746, 32.40221], [-110.87485, 32.40236], [-110.87363, 32.40026], [-110.87235, 32.39963], [-110.87391, 32.40371], [-110.87387, 32.40697], [-110.87505, 32.40941], [-110.87426, 32.41017], [-110.87331, 32.41018], [-110.87043, 32.40677], [-110.86883, 32.40693], [-110.86724, 32.40812], [-110.86532, 32.40726], [-110.86149, 32.40792], [-110.85893, 32.40667], [-110.85734, 32.40744], [-110.85532, 32.40616], [-110.85491, 32.40697], [-110.85669, 32.40996], [-110.85797, 32.40901], [-110.86181, 32.41337], [-110.86629, 32.41566], [-110.86628, 32.41629], [-110.86309, 32.41713], [-110.86149, 32.41642], [-110.85938, 32.41702], [-110.86114, 32.41892], [-110.86085, 32.42051], [-110.86436, 32.42034], [-110.8682, 32.42277], [-110.86883, 32.42226], [-110.87149, 32.42326], [-110.87171, 32.42425], [-110.87379, 32.4257], [-110.87439, 32.4276], [-110.87267, 32.42867], [-110.86979, 32.42642], [-110.86788, 32.42747], [-110.86756, 32.42897], [-110.86304, 32.42842], [-110.86317, 32.4295], [-110.86208, 32.43005], [-110.86596, 32.43352], [-110.86859, 32.43466], [-110.86756, 32.43595], [-110.86564, 32.43394], [-110.86372, 32.43572], [-110.86085, 32.43351], [-110.85702, 32.43396], [-110.85542, 32.43373], [-110.85478, 32.43277], [-110.85159, 32.43306], [-110.85005, 32.43167], [-110.84871, 32.43234], [-110.84584, 32.43059], [-110.84499, 32.4314], [-110.84627, 32.43167], [-110.84737, 32.43385], [-110.84616, 32.43494], [-110.84392, 32.43439], [-110.84435, 32.43547], [-110.84376, 32.43656], [-110.8458, 32.4371], [-110.84517, 32.43873], [-110.84584, 32.43954], [-110.8468, 32.43929], [-110.85095, 32.44078], [-110.85149, 32.44199], [-110.85056, 32.44253], [-110.85063, 32.44421], [-110.84807, 32.44367], [-110.84616, 32.4447], [-110.84296, 32.44456], [-110.84065, 32.4466], [-110.84067, 32.45068], [-110.83968, 32.45258], [-110.84023, 32.45502], [-110.84105, 32.45709], [-110.84392, 32.45863], [-110.84477, 32.45991], [-110.84073, 32.46151], [-110.83817, 32.46118], [-110.83785, 32.46189], [-110.83517, 32.46235], [-110.83708, 32.46506], [-110.83817, 32.4708], [-110.83911, 32.47212], [-110.84146, 32.47321], [-110.84205, 32.47511], [-110.84128, 32.47619], [-110.83817, 32.47727], [-110.83306, 32.48122], [-110.83178, 32.4829], [-110.83092, 32.48651], [-110.83019, 32.48689], [-110.83019, 32.4927], [-110.83244, 32.49357], [-110.83402, 32.49607], [-110.8353, 32.49597], [-110.83588, 32.49655], [-110.83466, 32.49708], [-110.8337, 32.49647], [-110.83274, 32.49711], [-110.82955, 32.49645], [-110.82763, 32.49833], [-110.82472, 32.49845], [-110.82363, 32.49954], [-110.82329, 32.50198], [-110.82188, 32.50415], [-110.81957, 32.50415], [-110.81894, 32.50687], [-110.81928, 32.50958], [-110.81518, 32.5161], [-110.8159, 32.51718], [-110.81869, 32.51796], [-110.81901, 32.52027], [-110.82412, 32.52142], [-110.82699, 32.52391], [-110.82667, 32.52583], [-110.8224, 32.5275], [-110.82623, 32.52913], [-110.82466, 32.53211], [-110.82574, 32.53266], [-110.82577, 32.53673], [-110.82444, 32.53814], [-110.82092, 32.53941], [-110.81999, 32.54216], [-110.81901, 32.54261], [-110.81709, 32.54224], [-110.81358, 32.53882], [-110.81102, 32.53776], [-110.81126, 32.54026], [-110.81196, 32.5408], [-110.8096, 32.54324], [-110.80879, 32.54562], [-110.80814, 32.54216], [-110.80751, 32.54184], [-110.80655, 32.54241], [-110.80559, 32.54153], [-110.80464, 32.54187], [-110.80464, 32.54093], [-110.80304, 32.54114], [-110.80272, 32.54011], [-110.80176, 32.54067], [-110.80016, 32.54006], [-110.79949, 32.53863], [-110.8003, 32.53836], [-110.79961, 32.53781], [-110.79998, 32.53727], [-110.79837, 32.53727], [-110.7989, 32.53618], [-110.79758, 32.53618], [-110.79729, 32.535], [-110.7963, 32.5351], [-110.79585, 32.53456], [-110.79651, 32.53374], [-110.79482, 32.53293], [-110.7952, 32.53211], [-110.79441, 32.53106], [-110.79314, 32.53109], [-110.7925, 32.53218], [-110.79186, 32.53173], [-110.79186, 32.53094], [-110.79307, 32.53076], [-110.79314, 32.5286], [-110.79427, 32.52804], [-110.79239, 32.52723], [-110.79236, 32.52587], [-110.79346, 32.52501], [-110.7909, 32.52474], [-110.78962, 32.5233], [-110.7894, 32.52614], [-110.78864, 32.52696], [-110.78902, 32.52804], [-110.78771, 32.52778], [-110.78707, 32.53002], [-110.78597, 32.53021], [-110.78556, 32.52831], [-110.78657, 32.5275], [-110.78441, 32.5256], [-110.78644, 32.52506], [-110.78486, 32.52397], [-110.78675, 32.52291], [-110.78803, 32.52312], [-110.78876, 32.52234], [-110.78771, 32.52114], [-110.78455, 32.52207], [-110.78418, 32.52044], [-110.78526, 32.5199], [-110.7826, 32.51837], [-110.78435, 32.51745], [-110.78387, 32.51548], [-110.78483, 32.51573], [-110.78612, 32.51447], [-110.78451, 32.51139], [-110.78506, 32.51365], [-110.78387, 32.51323], [-110.78217, 32.51393], [-110.78319, 32.5142], [-110.78277, 32.51501], [-110.78059, 32.51637], [-110.78194, 32.51718], [-110.78079, 32.51745], [-110.78004, 32.51894], [-110.77808, 32.51881], [-110.77908, 32.51986], [-110.78151, 32.52071], [-110.781, 32.52237], [-110.78036, 32.52183], [-110.77684, 32.52261], [-110.7794, 32.52304], [-110.78049, 32.52424], [-110.77524, 32.52451], [-110.78077, 32.52641], [-110.781, 32.52732], [-110.77963, 32.5275], [-110.78004, 32.5305], [-110.77876, 32.53068], [-110.77525, 32.5284], [-110.77557, 32.52932], [-110.7745, 32.52967], [-110.77567, 32.5313], [-110.77561, 32.53293], [-110.7771, 32.53374], [-110.77453, 32.53564], [-110.77717, 32.5356], [-110.77668, 32.53727], [-110.77785, 32.53917], [-110.77693, 32.53971], [-110.77646, 32.54107], [-110.77724, 32.54243], [-110.77617, 32.54351], [-110.77685, 32.54437], [-110.77819, 32.5446], [-110.77813, 32.54608], [-110.77925, 32.54677], [-110.77817, 32.54731], [-110.77946, 32.54813], [-110.77908, 32.54921], [-110.78026, 32.54921], [-110.77874, 32.55139], [-110.77963, 32.55166], [-110.78034, 32.55329], [-110.77916, 32.55383], [-110.7786, 32.55546], [-110.78126, 32.55682], [-110.77972, 32.55765], [-110.77773, 32.55709], [-110.7794, 32.55862], [-110.781, 32.55907], [-110.78033, 32.56062], [-110.78227, 32.5617], [-110.77813, 32.56214], [-110.77302, 32.55967], [-110.77159, 32.56007], [-110.77365, 32.5608], [-110.77445, 32.5636], [-110.77365, 32.56404], [-110.77078, 32.56364], [-110.7695, 32.5629], [-110.7684, 32.56387], [-110.77014, 32.56443], [-110.7711, 32.56605], [-110.77208, 32.56605], [-110.77236, 32.56767], [-110.77046, 32.56859], [-110.7695, 32.56816], [-110.76822, 32.56892], [-110.76695, 32.56836], [-110.76535, 32.5687], [-110.76512, 32.56957], [-110.76567, 32.57031], [-110.76695, 32.56988], [-110.76889, 32.57039], [-110.76727, 32.57199], [-110.76561, 32.57202], [-110.76721, 32.5731], [-110.76663, 32.5737], [-110.76822, 32.57303], [-110.76982, 32.57357], [-110.77117, 32.57256], [-110.77038, 32.575], [-110.76916, 32.57527], [-110.7711, 32.5759], [-110.77206, 32.57461], [-110.77419, 32.57446], [-110.77429, 32.57309], [-110.77557, 32.57378], [-110.77589, 32.5724], [-110.77685, 32.57256], [-110.77654, 32.57175], [-110.77876, 32.57174], [-110.78004, 32.57073], [-110.78004, 32.57149], [-110.77847, 32.57256], [-110.77846, 32.57446], [-110.77746, 32.575], [-110.77738, 32.57609]]}}, {"type": "Feature", "properties": {"elev": 1400.0, "index": false}, "geometry": {"type": "LineString", "coordinates": [[-110.67158, 32.19768], [-110.67017, 32.19804], [-110.67009, 32.19958], [-110.66919, 32.19931], [-110.66887, 32.20039], [-110.66761, 32.20107], [-110.66378, 32.19935], [-110.66348, 32.20094], [-110.66187, 32.20294], [-110.65899, 32.20355], [-110.65899, 32.20438], [-110.65739, 32.20482], [-110.65484, 32.21063], [-110.65292, 32.21088], [-110.65343, 32.21234], [-110.65156, 32.21315], [-110.65165, 32.21414], [-110.65228, 32.21346], [-110.65414, 32.21369], [-110.6537, 32.21532], [-110.65228, 32.21512], [-110.64909, 32.21799], [-110.64366, 32.22018], [-110.64407, 32.22129], [-110.64261, 32.22292], [-110.63919, 32.22368], [-110.63663, 32.22035], [-110.63599, 32.22081], [-110.63344, 32.22036], [-110.63216, 32.22102], [-110.63073, 32.22265], [-110.63344, 32.22344], [-110.63312, 32.22565], [-110.6344, 32.22737], [-110.63566, 32.22781], [-110.63344, 32.2279], [-110.63116, 32.22998], [-110.63173, 32.23052], [-110.63089, 32.23134], [-110.63088, 32.23297], [-110.62673, 32.2318], [-110.62596, 32.23215], [-110.62679, 32.2327], [-110.62577, 32.23446], [-110.6245, 32.23422], [-110.62322, 32.23524], [-110.62226, 32.2335], [-110.62194, 32.23523], [-110.61619, 32.23663], [-110.61582, 32.23731], [-110.61774, 32.23813], [-110.61587, 32.23856], [-110.61581, 32.24003], [-110.61523, 32.23914], [-110.61393, 32.24057], [-110.6154, 32.24084], [-110.61715, 32.24387], [-110.6146, 32.24443], [-110.61172, 32.24356], [-110.61003, 32.23948], [-110.61072, 32.23813], [-110.60979, 32.23731], [-110.61122, 32.23541], [-110.61044, 32.23433], [-110.60821, 32.23543], [-110.60759, 32.23378], [-110.60693, 32.2335], [-110.60629, 32.23411], [-110.60533, 32.23278], [-110.60374, 32.23521], [-110.60214, 32.23506], [-110.6015, 32.23572], [-110.60054, 32.23491], [-110.59981, 32.23514], [-110.5993, 32.23622], [-110.60013, 32.2365], [-110.59868, 32.23894], [-110.60136, 32.24111], [-110.60022, 32.24318], [-110.59877, 32.24247], [-110.59947, 32.24193], [-110.59831, 32.24003], [-110.59607, 32.24142], [-110.59383, 32.23875], [-110.59305, 32.23921], [-110.59368, 32.23948], [-110.59305, 32.24057], [-110.5936, 32.24138], [-110.59259, 32.24193], [-110.59289, 32.24355], [-110.59032, 32.24307], [-110.58777, 32.24415]]}}, {"type": "Feature", "properties": {"elev": 1400.0, "index": false}, "geometry": {"type": "LineString", "coordinates": [[-110.7941, 32.56846], [-110.79297, 32.56822], [-110.7941, 32.56802], [-110.7941, 32.56846]]}}, {"type": "Feature", "properties": {"elev": 1400.0, "index": false}, "geometry": {"type": "LineString", "coordinates": [[-110.71552, 32.55581], [-110.71552, 32.55533], [-110.71552, 32.55581]]}}, {"type": "Feature", "properties": {"elev": 1400.0, "index": false}, "geometry": {"type": "LineString", "coordinates": [[-110.80911, 32.55005], [-110.8082, 32.55003], [-110.80879, 32.54875], [-110.80962, 32.54894], [-110.80911, 32.55005]]}}, {"type": "Feature", "properties": {"elev": 1400.0, "index": false}, "geometry": {"type": "LineString", "coordinates": [[-110.79953, 32.54979], [-110.79793, 32.54961], [-110.79537, 32.54803], [-110.79314, 32.54818], [-110.7923, 32.54731], [-110.79375, 32.54569], [-110.79168, 32.54379], [-110.79383, 32.54351], [-110.79294, 32.54243], [-110.79367, 32.54189], [-110.79247, 32.54053], [-110.79378, 32.53959], [-110.79857, 32.541], [-110.79921, 32.54022], [-110.80016, 32.54074], [-110.79953, 32.5423], [-110.80096, 32.5427], [-110.80164, 32.54433], [-110.79953, 32.54351], [-110.79889, 32.54477], [-110.79716, 32.54487], [-110.79745, 32.54596], [-110.79893, 32.54623], [-110.79953, 32.54979]]}}, {"type": "Feature", "properties": {"elev": 1400.0, "index": false}, "geometry": {"type": "LineString", "coordinates": [[-110.78962, 32.53818], [-110.78852, 32.53781], [-110.78958, 32.53646], [-110.78825, 32.53374], [-110.79026, 32.53293], [-110.7909, 32.53142], [-110.79175, 32.53646], [-110.7909, 32.53804], [-110.78962, 32.53818]]}}, {"type": "Feature", "properties": {"elev": 1400.0, "index": false}, "geometry": {"type": "LineString", "coordinates": [[-110.78004, 32.53516], [-110.77802, 32.53347], [-110.77845, 32.53292], [-110.77972, 32.53282], [-110.78211, 32.53401], [-110.78004, 32.53516]]}}, {"type": "Feature", "properties": {"elev": 1400.0, "index": false}, "geometry": {"type": "LineString", "coordinates": [[-111.04227, 32.53051], [-111.03971, 32.5304], [-111.03991, 32.52886], [-111.04163, 32.52917], [-111.04227, 32.53051]]}}, {"type": "Feature", "properties": {"elev": 1400.0, "index": false}, "geometry": {"type": "LineString", "coordinates": [[-110.69764, 32.51585], [-110.69764, 32.51585]]}}, {"type": "Feature", "properties": {"elev": 1400.0, "index": false}, "geometry": {"type": "LineString", "coordinates": [[-111.01831, 32.5004], [-111.01767, 32.49971], [-111.0187, 32.49981], [-111.01831, 32.5004]]}}, {"type": "Feature", "properties": {"elev": 1400.0, "index": false}, "geometry": {"type": "LineString", "coordinates": [[-111.02278, 32.49856], [-111.02278, 32.49801], [-111.02278, 32.49856]]}}, {"type": "Feature", "properties": {"elev": 1400.0, "index": false}, "geometry": {"type": "LineString", "coordinates": [[-110.69987, 32.49323], [-110.69955, 32.49285], [-110.69987, 32.49323]]}}, {"type": "Feature", "properties": {"elev": 1400.0, "index": false}, "geometry": {"type": "LineString", "coordinates": [[-110.68167, 32.48848], [-110.68167, 32.48848]]}}, {"type": "Feature", "properties": {"elev": 1400.0, "index": false}, "geometry": {"type": "LineString", "coordinates": [[-110.69157, 32.48538], [-110.69066, 32.48488], [-110.69221, 32.48479], [-110.69157, 32.48538]]}}, {"type": "Feature", "properties": {"elev": 1400.0, "index": false}, "geometry": {"type": "LineString", "coordinates": [[-110.69253, 32.48434], [-110.69288, 32.48379], [-110.69253, 32.48434]]}}, {"type": "Feature", "properties": {"elev": 1400.0, "index": false}, "geometry": {"type": "LineString", "coordinates": [[-110.68806, 32.48223], [-110.68614, 32.48147], [-110.6848, 32.47999], [-110.68614, 32.47965], [-110.68772, 32.48026], [-110.68806, 32.48223]]}}, {"type": "Feature", "properties": {"elev": 1400.0, "index": false}, "geometry": {"type": "LineString", "coordinates": [[-110.69189, 32.48163], [-110.69103, 32.48162], [-110.69189, 32.48163]]}}, {"type": "Feature", "properties": {"elev": 1400.0, "index": false}, "geometry": {"type": "LineString", "coordinates": [[-110.68965, 32.48165], [-110.68965, 32.48165]]}}, {"type": "Feature", "properties": {"elev": 1400.0, "index": false}, "geometry": {"type": "LineString", "coordinates": [[-110.69029, 32.47959], [-110.69029, 32.47959]]}}, {"type": "Feature", "properties": {"elev": 1400.0, "index": false}, "geometry": {"type": "LineString", "coordinates": [[-110.87299, 32.43562], [-110.8721, 32.43493], [-110.87267, 32.43441], [-110.87348, 32.43493], [-110.87299, 32.43562]]}}, {"type": "Feature", "properties": {"elev": 1400.0, "index": false}, "geometry": {"type": "LineString", "coordinates": [[-110.90109, 32.37607], [-110.90109, 32.37607]]}}, {"type": "Feature", "properties": {"elev": 1400.0, "index": false}, "geometry": {"type": "LineString", "coordinates": [[-110.93974, 32.37555], [-110.93814, 32.37512], [-110.93623, 32.37307], [-110.93344, 32.37222], [-110.9345, 32.37114], [-110.93355, 32.36978], [-110.93436, 32.36924], [-110.93409, 32.36652], [-110.93591, 32.36376], [-110.93687, 32.36393], [-110.9375, 32.36322], [-110.93705, 32.36625], [-110.93878, 32.36852], [-110.9407, 32.36866], [-110.94166, 32.36774], [-110.94581, 32.36761], [-110.94262, 32.37114], [-110.94325, 32.37277], [-110.94261, 32.37258], [-110.93974, 32.37555]]}}, {"type": "Feature", "properties": {"elev": 1400.0, "index": false}, "geometry": {"type": "LineString", "coordinates": [[-110.60214, 32.37337], [-110.59767, 32.37287], [-110.59575, 32.37008], [-110.59426, 32.36978], [-110.59511, 32.36914], [-110.60185, 32.36978], [-110.60118, 32.37069], [-110.59924, 32.3706], [-110.60002, 32.37141], [-110.5996, 32.37195], [-110.60182, 32.3721], [-110.60214, 32.37337]]}}, {"type": "Feature", "properties": {"elev": 1400.0, "index": false}, "geometry": {"type": "LineString", "coordinates": [[-110.59064, 32.37134], [-110.59096, 32.37078], [-110.59064, 32.37134]]}}, {"type": "Feature", "properties": {"elev": 1400.0, "index": false}, "geometry": {"type": "LineString", "coordinates": [[-110.76024, 32.36146], [-110.75717, 32.35919], [-110.75772, 32.35757], [-110.75701, 32.35729], [-110.75738, 32.35621], [-110.75661, 32.35567], [-110.7578, 32.35485], [-110.75768, 32.35404], [-110.75481, 32.35385], [-110.75579, 32.35295], [-110.75034, 32.35134], [-110.74804, 32.34915], [-110.74938, 32.34814], [-110.75162, 32.34905], [-110.75353, 32.34879], [-110.75768, 32.34626], [-110.76056, 32.34646], [-110.76407, 32.34477], [-110.76567, 32.34484], [-110.76695, 32.34366], [-110.76933, 32.34508], [-110.7685, 32.34101], [-110.77145, 32.33748], [-110.77059, 32.33585], [-110.77174, 32.33392], [-110.77291, 32.33531], [-110.77621, 32.33499], [-110.77738, 32.33341], [-110.77777, 32.33096], [-110.77982, 32.32961], [-110.78125, 32.32716], [-110.78196, 32.32729], [-110.78252, 32.32852], [-110.77749, 32.33358], [-110.77742, 32.33504], [-110.7759, 32.33558], [-110.77496, 32.33965], [-110.77653, 32.34016], [-110.77329, 32.34345], [-110.77298, 32.34616], [-110.77373, 32.34834], [-110.7711, 32.34832], [-110.76998, 32.35024], [-110.77036, 32.35187], [-110.76943, 32.35214], [-110.7691, 32.35377], [-110.76982, 32.35404], [-110.76982, 32.35494], [-110.76918, 32.35547], [-110.76799, 32.35512], [-110.76663, 32.35708], [-110.76503, 32.35548], [-110.76343, 32.35626], [-110.76311, 32.35423], [-110.76248, 32.35498], [-110.75992, 32.35507], [-110.76048, 32.35567], [-110.75984, 32.35621], [-110.7622, 32.35947], [-110.76064, 32.36028], [-110.76024, 32.36146]]}}, {"type": "Feature", "properties": {"elev": 1400.0, "index": false}, "geometry": {"type": "LineString", "coordinates": [[-110.75225, 32.357], [-110.75238, 32.35648], [-110.75225, 32.357]]}}, {"type": "Feature", "properties": {"elev": 1400.0, "index": false}, "geometry": {"type": "LineString", "coordinates": [[-110.90493, 32.35183], [-110.90506, 32.35132], [-110.90493, 32.35183]]}}, {"type": "Feature", "properties": {"elev": 1400.0, "index": false}, "geometry": {"type": "LineString", "coordinates": [[-110.64558, 32.34871], [-110.64622, 32.34773], [-110.64558, 32.34871]]}}, {"type": "Feature", "properties": {"elev": 1400.0, "index": false}, "geometry": {"type": "LineString", "coordinates": [[-110.83466, 32.34186], [-110.83434, 32.34137], [-110.83466, 32.34186]]}}, {"type": "Feature", "properties": {"elev": 1400.0, "index": false}, "geometry": {"type": "LineString", "coordinates": [[-110.65484, 32.34147], [-110.65484, 32.34066], [-110.65484, 32.34147]]}}, {"type": "Feature", "properties": {"elev": 1400.0, "index": false}, "geometry": {"type": "LineString", "coordinates": [[-110.66187, 32.34059], [-110.66219, 32.33988], [-110.66187, 32.34059]]}}, {"type": "Feature", "properties": {"elev": 1400.0, "index": false}, "geometry": {"type": "LineString", "coordinates": [[-110.66314, 32.33891], [-110.65995, 32.33799], [-110.65963, 32.3372], [-110.66219, 32.33748], [-110.66256, 32.33612], [-110.6641, 32.33615], [-110.66739, 32.33476], [-110.66506, 32.33841], [-110.66314, 32.33891]]}}, {"type": "Feature", "properties": {"elev": 1400.0, "index": false}, "geometry": {"type": "LineString", "coordinates": [[-110.68486, 32.32501], [-110.68434, 32.32472], [-110.68486, 32.32501]]}}, {"type": "Feature", "properties": {"elev": 1400.0, "index": false}, "geometry": {"type": "LineString", "coordinates": [[-110.68358, 32.32503], [-110.6825, 32.32472], [-110.68358, 32.32503]]}}, {"type": "Feature", "properties": {"elev": 1400.0, "index": false}, "geometry": {"type": "LineString", "coordinates": [[-110.67879, 32.32419], [-110.67807, 32.32391], [-110.67879, 32.32328], [-110.68047, 32.32336], [-110.67879, 32.32419]]}}, {"type": "Feature", "properties": {"elev": 1400.0, "index": false}, "geometry": {"type": "LineString", "coordinates": [[-110.70978, 32.32379], [-110.70978, 32.32379]]}}, {"type": "Feature", "properties": {"elev": 1400.0, "index": false}, "geometry": {"type": "LineString", "coordinates": [[-110.64302, 32.31289], [-110.63983, 32.31187], [-110.64051, 32.3106], [-110.63934, 32.3087], [-110.63878, 32.30952], [-110.63599, 32.30905], [-110.63536, 32.31036], [-110.6344, 32.30992], [-110.6328, 32.3106], [-110.62947, 32.31033], [-110.62801, 32.3092], [-110.62612, 32.30979], [-110.6281, 32.30843], [-110.62796, 32.30708], [-110.62897, 32.30658], [-110.62928, 32.30816], [-110.6312, 32.30886], [-110.63327, 32.30789], [-110.63408, 32.30598], [-110.63536, 32.30599], [-110.63631, 32.30499], [-110.63823, 32.3067], [-110.64079, 32.30589], [-110.64111, 32.30665], [-110.6427, 32.30613], [-110.64398, 32.30671], [-110.64973, 32.30339], [-110.65034, 32.30653], [-110.65196, 32.30698], [-110.65355, 32.30463], [-110.6542, 32.30507], [-110.65504, 32.30382], [-110.65349, 32.30382], [-110.65469, 32.30219], [-110.65867, 32.30076], [-110.65929, 32.29947], [-110.66044, 32.2992], [-110.66036, 32.29785], [-110.65835, 32.29654], [-110.65644, 32.29722], [-110.65553, 32.29676], [-110.65648, 32.2954], [-110.65796, 32.29513], [-110.65763, 32.29405], [-110.65881, 32.29323], [-110.65612, 32.29088], [-110.65402, 32.28997], [-110.65318, 32.28834], [-110.6558, 32.28949], [-110.65863, 32.28726], [-110.6597, 32.28536], [-110.66066, 32.28509], [-110.66109, 32.28373], [-110.66346, 32.28407], [-110.6657, 32.28258], [-110.66666, 32.28331], [-110.66825, 32.28249], [-110.66921, 32.28268], [-110.6701, 32.28373], [-110.66985, 32.28457], [-110.66857, 32.28555], [-110.66627, 32.28563], [-110.66462, 32.28699], [-110.66953, 32.28708], [-110.67173, 32.28889], [-110.67132, 32.28997], [-110.67241, 32.29045], [-110.67192, 32.29079], [-110.67241, 32.29139], [-110.6756, 32.29102], [-110.67847, 32.29148], [-110.68103, 32.28983], [-110.68262, 32.29052], [-110.67911, 32.2939], [-110.67464, 32.29417], [-110.6752, 32.2954], [-110.67345, 32.29622], [-110.67464, 32.29707], [-110.67688, 32.29592], [-110.67879, 32.29653], [-110.68071, 32.29607], [-110.68295, 32.29649], [-110.68278, 32.29757], [-110.67656, 32.2986], [-110.67049, 32.2984], [-110.66825, 32.2989], [-110.66866, 32.29975], [-110.66764, 32.30083], [-110.66422, 32.30192], [-110.66863, 32.303], [-110.66602, 32.30352], [-110.6648, 32.30545], [-110.66314, 32.30561], [-110.66219, 32.30651], [-110.66091, 32.30618], [-110.65707, 32.30726], [-110.65484, 32.30841], [-110.65228, 32.30734], [-110.64941, 32.30811], [-110.64653, 32.31009], [-110.64526, 32.30962], [-110.64462, 32.31001], [-110.64398, 32.31217], [-110.64302, 32.31289]]}}, {"type": "Feature", "properties": {"elev": 1400.0, "index": false}, "geometry": {"type": "LineString", "coordinates": [[-110.66953, 32.303], [-110.66953, 32.30237], [-110.66953, 32.303]]}}, {"type": "Feature", "properties": {"elev": 1400.0, "index": false}, "geometry": {"type": "LineString", "coordinates": [[-110.60629, 32.23515], [-110.60629, 32.23515]]}}, {"type": "Feature", "properties": {"elev": 1500.0, "index": true}, "geometry": {"type": "LineString", "coordinates": [[-110.73876, 32.57609], [-110.73911, 32.575], [-110.73788, 32.57282], [-110.7366, 32.57315], [-110.73533, 32.57256], [-110.73724, 32.57025], [-110.73756, 32.57067], [-110.73784, 32.56903], [-110.73884, 32.56966], [-110.73958, 32.5693], [-110.73916, 32.56794], [-110.73802, 32.56795], [-110.7382, 32.56627], [-110.73884, 32.56671], [-110.73948, 32.56564], [-110.74108, 32.5668], [-110.74203, 32.56633], [-110.74322, 32.56686], [-110.74158, 32.56279], [-110.74299, 32.56176], [-110.74171, 32.56105], [-110.73983, 32.56116], [-110.7382, 32.55953], [-110.73788, 32.56063], [-110.73628, 32.5614], [-110.73565, 32.55894], [-110.73352, 32.55953], [-110.72972, 32.55654], [-110.72926, 32.55414], [-110.7283, 32.55422], [-110.72702, 32.55241], [-110.72606, 32.55297], [-110.72447, 32.55209], [-110.72384, 32.55084], [-110.72544, 32.55003], [-110.72543, 32.5488], [-110.72798, 32.54944], [-110.72902, 32.54894], [-110.72725, 32.54786], [-110.72447, 32.54675], [-110.72063, 32.54977], [-110.71946, 32.54949], [-110.71969, 32.54786], [-110.72236, 32.54514], [-110.72199, 32.54324], [-110.71936, 32.54499], [-110.71578, 32.54379], [-110.71904, 32.54199], [-110.7184, 32.54105], [-110.72159, 32.53985], [-110.72159, 32.53874], [-110.72386, 32.53917], [-110.72479, 32.54056], [-110.72798, 32.54028], [-110.73022, 32.54215], [-110.73181, 32.54187], [-110.73231, 32.5408], [-110.73086, 32.54143], [-110.73006, 32.54107], [-110.72867, 32.53863], [-110.72926, 32.5369], [-110.72734, 32.5382], [-110.72627, 32.53809], [-110.72533, 32.53754], [-110.72542, 32.53673], [-110.72071, 32.53591], [-110.72095, 32.53485], [-110.72183, 32.53456], [-110.72127, 32.53415], [-110.71776, 32.53572], [-110.71746, 32.53483], [-110.71892, 32.53347], [-110.71747, 32.53347], [-110.71712, 32.53261], [-110.71476, 32.53428], [-110.71425, 32.53589], [-110.71297, 32.53603], [-110.71267, 32.53211], [-110.71073, 32.5328], [-110.71073, 32.53176], [-110.70823, 32.53103], [-110.71005, 32.52886], [-110.70744, 32.52886], [-110.70722, 32.52734], [-110.70509, 32.52668], [-110.70722, 32.52524], [-110.71584, 32.52654], [-110.71771, 32.52614], [-110.71329, 32.52506], [-110.71275, 32.52451], [-110.71361, 32.52329], [-110.71009, 32.52374], [-110.7085, 32.52315], [-110.71117, 32.52234], [-110.70921, 32.52017], [-110.711, 32.51854], [-110.70833, 32.51718], [-110.71044, 32.5161], [-110.70826, 32.51528], [-110.70882, 32.51318], [-110.70435, 32.51647], [-110.70454, 32.51447], [-110.7013, 32.51338], [-110.70243, 32.51183], [-110.70436, 32.5123], [-110.70371, 32.51088], [-110.70233, 32.51012], [-110.70586, 32.50877], [-110.7013, 32.50795], [-110.70594, 32.50599], [-110.70784, 32.50687], [-110.70626, 32.50495], [-110.70421, 32.50524], [-110.70387, 32.5047], [-110.70626, 32.5038], [-110.70882, 32.50097], [-110.71121, 32.50008], [-110.7085, 32.49989], [-110.70626, 32.50154], [-110.70339, 32.50224], [-110.69668, 32.50552], [-110.6958, 32.50415], [-110.6974, 32.50334], [-110.69668, 32.50158], [-110.69945, 32.5009], [-110.69832, 32.50035], [-110.69803, 32.49927], [-110.69959, 32.49791], [-110.69924, 32.49728], [-110.6977, 32.49737], [-110.6984, 32.49519], [-110.69987, 32.49509], [-110.70278, 32.49655], [-110.70307, 32.49472], [-110.70498, 32.49483], [-110.7053, 32.49213], [-110.70713, 32.49167], [-110.70642, 32.49004], [-110.70892, 32.49031], [-110.70918, 32.48949], [-110.70801, 32.48895], [-110.70931, 32.48732], [-110.70781, 32.48732], [-110.70754, 32.48586], [-110.70882, 32.487], [-110.71009, 32.48554], [-110.71201, 32.48592], [-110.71214, 32.48515], [-110.71018, 32.48407], [-110.7124, 32.48325], [-110.71254, 32.48108], [-110.71095, 32.48108], [-110.71045, 32.47972], [-110.71106, 32.47836], [-110.70754, 32.47854], [-110.70732, 32.47809], [-110.70875, 32.47755], [-110.70798, 32.47646], [-110.71073, 32.47632], [-110.71514, 32.47402], [-110.71393, 32.47372], [-110.71073, 32.47531], [-110.70818, 32.47507], [-110.7077, 32.47456], [-110.70919, 32.47266], [-110.7085, 32.47179], [-110.70626, 32.47255], [-110.70403, 32.47172], [-110.70307, 32.47208], [-110.70212, 32.47321], [-110.70275, 32.47486], [-110.70083, 32.47229], [-110.69924, 32.47348], [-110.69884, 32.47294], [-110.69796, 32.47423], [-110.69741, 32.47321], [-110.69589, 32.47294], [-110.69476, 32.47528], [-110.69238, 32.47321], [-110.6943, 32.47266], [-110.69412, 32.47101], [-110.69604, 32.47205], [-110.69796, 32.4714], [-110.69764, 32.46953], [-110.6986, 32.47034], [-110.69892, 32.46989], [-110.70043, 32.47049], [-110.70118, 32.46751], [-110.7027, 32.46696], [-110.70133, 32.46479], [-110.70307, 32.46448], [-110.70371, 32.46364], [-110.70548, 32.46506], [-110.70517, 32.46289], [-110.70722, 32.46229], [-110.70708, 32.46153], [-110.70978, 32.46014], [-110.71156, 32.46072], [-110.71164, 32.45801], [-110.71361, 32.45856], [-110.71403, 32.45665], [-110.7168, 32.45523], [-110.71297, 32.45593], [-110.71265, 32.45712], [-110.71009, 32.45677], [-110.70914, 32.45755], [-110.70658, 32.45731], [-110.70577, 32.45882], [-110.70498, 32.45919], [-110.70371, 32.45844], [-110.70083, 32.46022], [-110.70147, 32.45781], [-110.69987, 32.45753], [-110.6986, 32.4585], [-110.69572, 32.45864], [-110.69268, 32.46153], [-110.69412, 32.46388], [-110.69189, 32.46439], [-110.69125, 32.46331], [-110.68806, 32.46367], [-110.68852, 32.46181], [-110.68965, 32.46081], [-110.69061, 32.46127], [-110.69253, 32.45894], [-110.69668, 32.45684], [-110.69729, 32.45556], [-110.69664, 32.45393], [-110.69712, 32.4523], [-110.69604, 32.4528], [-110.69508, 32.45502], [-110.69285, 32.45514], [-110.69221, 32.45438], [-110.68933, 32.45596], [-110.69001, 32.45393], [-110.68929, 32.45366], [-110.6887, 32.45158], [-110.68622, 32.45366], [-110.6846, 32.45746], [-110.68514, 32.45855], [-110.68358, 32.45968], [-110.68255, 32.45991], [-110.68312, 32.45909], [-110.68231, 32.45795], [-110.68039, 32.45884], [-110.67879, 32.45771], [-110.67688, 32.45807], [-110.67746, 32.45936], [-110.67688, 32.46018], [-110.67432, 32.45901], [-110.67426, 32.46262], [-110.67336, 32.46471], [-110.67209, 32.46315], [-110.66985, 32.4645], [-110.66953, 32.46344], [-110.66825, 32.46336], [-110.66865, 32.46099], [-110.6673, 32.46089], [-110.66538, 32.45879], [-110.66536, 32.46099], [-110.66615, 32.46208], [-110.66555, 32.46343], [-110.66442, 32.46398], [-110.66474, 32.46597], [-110.6629, 32.46371], [-110.66282, 32.46264], [-110.66187, 32.46203], [-110.66017, 32.46235], [-110.65851, 32.46126], [-110.65909, 32.45991], [-110.65612, 32.46041], [-110.65465, 32.45909], [-110.65507, 32.45801], [-110.65101, 32.45831], [-110.64942, 32.45773], [-110.64973, 32.45681], [-110.65236, 32.45556], [-110.6548, 32.45339], [-110.65356, 32.45114], [-110.65484, 32.45108], [-110.65612, 32.45224], [-110.65676, 32.45144], [-110.65803, 32.4515], [-110.65809, 32.45013], [-110.66123, 32.45035], [-110.66187, 32.44949], [-110.6633, 32.44932], [-110.66219, 32.44653], [-110.66698, 32.44903], [-110.66985, 32.44927], [-110.67049, 32.44822], [-110.67209, 32.44809], [-110.67551, 32.44579], [-110.67447, 32.44525], [-110.67454, 32.44443], [-110.67565, 32.44389], [-110.67442, 32.44253], [-110.6772, 32.44307], [-110.67705, 32.44226], [-110.67815, 32.44236], [-110.68071, 32.44051], [-110.68199, 32.44078], [-110.68395, 32.43873], [-110.67879, 32.43807], [-110.67939, 32.43656], [-110.681, 32.43547], [-110.68173, 32.43303], [-110.6772, 32.43553], [-110.67569, 32.43493], [-110.67749, 32.4333], [-110.67784, 32.43111], [-110.67592, 32.43238], [-110.67432, 32.43216], [-110.6727, 32.43439], [-110.67094, 32.43086], [-110.67246, 32.43059], [-110.6718, 32.4295], [-110.67483, 32.4276], [-110.67195, 32.4276], [-110.67284, 32.4257], [-110.67241, 32.42389], [-110.67069, 32.42543], [-110.66962, 32.42869], [-110.66793, 32.43023], [-110.66442, 32.42929], [-110.66298, 32.42787], [-110.66314, 32.42968], [-110.66474, 32.43086], [-110.66506, 32.43194], [-110.66602, 32.43175], [-110.66719, 32.43276], [-110.66809, 32.43493], [-110.66442, 32.4337], [-110.66314, 32.43395], [-110.66219, 32.43297], [-110.66155, 32.43403], [-110.66027, 32.43346], [-110.65899, 32.4345], [-110.65516, 32.43378], [-110.65484, 32.43443], [-110.65371, 32.43439], [-110.6526, 32.43596], [-110.65147, 32.43575], [-110.65282, 32.43737], [-110.65323, 32.43982], [-110.65496, 32.44145], [-110.6542, 32.44212], [-110.64781, 32.43952], [-110.64685, 32.44013], [-110.64153, 32.43873], [-110.6411, 32.43412], [-110.64205, 32.4333], [-110.64079, 32.43167], [-110.63983, 32.43258], [-110.63875, 32.43249], [-110.63862, 32.4352], [-110.63759, 32.43654], [-110.63184, 32.43538], [-110.63152, 32.43643], [-110.62897, 32.43668], [-110.62705, 32.43528], [-110.62354, 32.43431], [-110.62194, 32.43535], [-110.61949, 32.43493], [-110.62002, 32.43415], [-110.6229, 32.43343], [-110.62322, 32.43236], [-110.62737, 32.43151], [-110.62796, 32.42977], [-110.63057, 32.43011], [-110.6318, 32.42896], [-110.6304, 32.42814], [-110.63071, 32.42706], [-110.62955, 32.42624], [-110.62973, 32.42543], [-110.62748, 32.42353], [-110.6312, 32.42432], [-110.63504, 32.42674], [-110.63599, 32.42666], [-110.63695, 32.42549], [-110.63857, 32.42652], [-110.63802, 32.42543], [-110.63883, 32.42489], [-110.63737, 32.42326], [-110.63812, 32.42217], [-110.6372, 32.42027], [-110.63769, 32.41919], [-110.63663, 32.41735], [-110.63855, 32.41729], [-110.64047, 32.41831], [-110.6417, 32.41729], [-110.64111, 32.41642], [-110.64302, 32.41491], [-110.64558, 32.41477], [-110.64941, 32.41809], [-110.64961, 32.41566], [-110.65147, 32.41539], [-110.65152, 32.41376], [-110.65388, 32.41337], [-110.65388, 32.41254], [-110.65559, 32.41267], [-110.65488, 32.41023], [-110.65388, 32.41067], [-110.65228, 32.41012], [-110.65025, 32.40887], [-110.65005, 32.40806], [-110.64788, 32.40724], [-110.65069, 32.40484], [-110.65133, 32.4031], [-110.64941, 32.40453], [-110.64813, 32.40466], [-110.64813, 32.40301], [-110.64685, 32.40319], [-110.64545, 32.40263], [-110.64544, 32.40181], [-110.64394, 32.40181], [-110.64398, 32.39904], [-110.64206, 32.40054], [-110.64015, 32.40007], [-110.64142, 32.39573], [-110.63568, 32.39371], [-110.63576, 32.39096], [-110.63472, 32.39136], [-110.63408, 32.39049], [-110.63344, 32.39071], [-110.63297, 32.39231], [-110.63205, 32.39231], [-110.63259, 32.38906], [-110.63046, 32.38851], [-110.63024, 32.38688], [-110.63216, 32.38465], [-110.63631, 32.3866], [-110.63739, 32.3839], [-110.63663, 32.38363], [-110.63596, 32.38145], [-110.63654, 32.38037], [-110.63599, 32.37967], [-110.63312, 32.37977], [-110.63184, 32.37908], [-110.62993, 32.37985], [-110.62897, 32.37834], [-110.62609, 32.37838], [-110.62574, 32.37494], [-110.62641, 32.37455], [-110.62755, 32.37657], [-110.62897, 32.3775], [-110.63005, 32.37738], [-110.6298, 32.37548], [-110.63149, 32.37331], [-110.62971, 32.37222], [-110.63152, 32.37065], [-110.63472, 32.37228], [-110.63568, 32.37351], [-110.63759, 32.37256], [-110.63919, 32.37337], [-110.64332, 32.37222], [-110.64148, 32.37168], [-110.64186, 32.37114], [-110.64066, 32.37005], [-110.63919, 32.37012], [-110.63944, 32.36897], [-110.63727, 32.3681], [-110.63727, 32.36504], [-110.63408, 32.36579], [-110.6328, 32.36498], [-110.62929, 32.36498], [-110.62745, 32.36408], [-110.62872, 32.36327], [-110.62801, 32.36323], [-110.62769, 32.36235], [-110.625, 32.36164], [-110.62506, 32.36055], [-110.62647, 32.35974], [-110.62455, 32.35892], [-110.62514, 32.3578], [-110.62641, 32.35792], [-110.62801, 32.35687], [-110.62897, 32.35879], [-110.63184, 32.35839], [-110.63376, 32.35655], [-110.63727, 32.3564], [-110.63887, 32.35464], [-110.64047, 32.35435], [-110.64183, 32.35485], [-110.64302, 32.35703], [-110.64494, 32.35744], [-110.64494, 32.35831], [-110.64764, 32.35729], [-110.64641, 32.35539], [-110.64877, 32.35314], [-110.64871, 32.35458], [-110.65416, 32.35621], [-110.65452, 32.35181], [-110.65644, 32.35302], [-110.65887, 32.35349], [-110.65931, 32.35437], [-110.66059, 32.35437], [-110.66081, 32.35159], [-110.6625, 32.35115], [-110.6629, 32.35024], [-110.65825, 32.34779], [-110.65803, 32.34648], [-110.65963, 32.34617], [-110.6604, 32.34779], [-110.66155, 32.3483], [-110.66352, 32.34725], [-110.66538, 32.34503], [-110.66857, 32.3433], [-110.67017, 32.34534], [-110.67241, 32.34413], [-110.6756, 32.34422], [-110.67564, 32.34209], [-110.67195, 32.34101], [-110.6756, 32.33801], [-110.67656, 32.33944], [-110.67943, 32.33863], [-110.68136, 32.33992], [-110.68072, 32.34155], [-110.68219, 32.34345], [-110.67937, 32.34481], [-110.67911, 32.3467], [-110.68327, 32.34531], [-110.6855, 32.34549], [-110.68688, 32.34236], [-110.68965, 32.34051], [-110.69061, 32.34048], [-110.69139, 32.34155], [-110.69034, 32.34399], [-110.69253, 32.34529], [-110.697, 32.34029], [-110.69796, 32.34062], [-110.69828, 32.34161], [-110.70275, 32.33924], [-110.70339, 32.33987], [-110.70818, 32.34053], [-110.71329, 32.33922], [-110.7152, 32.33987], [-110.71579, 32.34074], [-110.71355, 32.34291], [-110.71329, 32.34402], [-110.7152, 32.3429], [-110.71712, 32.34331], [-110.71808, 32.34279], [-110.71941, 32.34345], [-110.71889, 32.34399], [-110.71968, 32.34401], [-110.72037, 32.34291], [-110.71968, 32.34206], [-110.72032, 32.34138], [-110.7214, 32.34182], [-110.72139, 32.34046], [-110.72344, 32.33938], [-110.72268, 32.33911], [-110.72319, 32.33745], [-110.7251, 32.33775], [-110.72425, 32.33884], [-110.72606, 32.33925], [-110.72623, 32.34046], [-110.72766, 32.34081], [-110.72862, 32.34278], [-110.73117, 32.3429], [-110.73194, 32.34155], [-110.73113, 32.33965], [-110.73237, 32.33829], [-110.72563, 32.33558], [-110.72574, 32.33317], [-110.73181, 32.33489], [-110.73277, 32.33084], [-110.73373, 32.33113], [-110.73597, 32.32985], [-110.73724, 32.32993], [-110.7382, 32.33155], [-110.73948, 32.33172], [-110.74108, 32.33015], [-110.74171, 32.33049], [-110.7442, 32.32933], [-110.74563, 32.32445], [-110.74778, 32.32344], [-110.74706, 32.32472], [-110.74756, 32.32608], [-110.74938, 32.32581], [-110.74989, 32.32689], [-110.74819, 32.32988], [-110.74911, 32.33123], [-110.74774, 32.33286], [-110.74814, 32.33314], [-110.75098, 32.33257], [-110.7513, 32.3308], [-110.75289, 32.33094], [-110.75385, 32.32953], [-110.7543, 32.32988], [-110.7531, 32.33151], [-110.75353, 32.33312], [-110.75609, 32.33241], [-110.76024, 32.33305], [-110.76184, 32.33225], [-110.7623, 32.33259], [-110.76131, 32.33286], [-110.76056, 32.33442], [-110.7596, 32.33413], [-110.75462, 32.33748], [-110.75417, 32.34024], [-110.75289, 32.33939], [-110.75053, 32.34074], [-110.75066, 32.34384], [-110.74842, 32.34313], [-110.74778, 32.34195], [-110.74619, 32.34201], [-110.74491, 32.34379], [-110.74203, 32.34278], [-110.7414, 32.34372], [-110.73756, 32.34316], [-110.73628, 32.34194], [-110.73437, 32.34232], [-110.73386, 32.34454], [-110.73635, 32.34644], [-110.73533, 32.34697], [-110.73341, 32.34577], [-110.73181, 32.34796], [-110.72901, 32.34861], [-110.7302, 32.34969], [-110.72988, 32.35051], [-110.7283, 32.35085], [-110.72729, 32.35187], [-110.72776, 32.35214], [-110.72678, 32.35241], [-110.72862, 32.35383], [-110.72866, 32.35675], [-110.72711, 32.35865], [-110.72506, 32.35947], [-110.72522, 32.36001], [-110.72638, 32.36028], [-110.72909, 32.35865], [-110.73149, 32.35881], [-110.73341, 32.35775], [-110.73565, 32.35818], [-110.7366, 32.35913], [-110.73732, 32.35729], [-110.7398, 32.35615], [-110.74108, 32.35649], [-110.74235, 32.35802], [-110.74331, 32.35765], [-110.74588, 32.35865], [-110.74555, 32.36133], [-110.7481, 32.35963], [-110.75031, 32.35947], [-110.75255, 32.36408], [-110.74859, 32.36598], [-110.75162, 32.36529], [-110.75289, 32.36599], [-110.75403, 32.36571], [-110.75399, 32.36761], [-110.75257, 32.36985], [-110.75385, 32.36912], [-110.75449, 32.36947], [-110.75673, 32.36703], [-110.758, 32.36757], [-110.75902, 32.36897], [-110.75896, 32.37076], [-110.76186, 32.37168], [-110.75906, 32.37603], [-110.75992, 32.37769], [-110.76152, 32.37624], [-110.76202, 32.37657], [-110.76301, 32.38037], [-110.76471, 32.37643], [-110.76567, 32.37734], [-110.76695, 32.37707], [-110.76854, 32.37954], [-110.77078, 32.37689], [-110.7727, 32.38206], [-110.77653, 32.3783], [-110.77845, 32.37877], [-110.77875, 32.37738], [-110.77972, 32.37675], [-110.781, 32.37618], [-110.7826, 32.37655], [-110.78515, 32.37847], [-110.78515, 32.37964], [-110.78707, 32.38057], [-110.78899, 32.37988], [-110.78928, 32.38037], [-110.7893, 32.3823], [-110.78803, 32.38244], [-110.78589, 32.38417], [-110.78556, 32.38553], [-110.78625, 32.38688], [-110.78554, 32.38851], [-110.78643, 32.38851], [-110.78867, 32.38668], [-110.79154, 32.38778], [-110.79237, 32.39123], [-110.79601, 32.39481], [-110.79598, 32.38906], [-110.79736, 32.38824], [-110.79715, 32.38661], [-110.79888, 32.38498], [-110.79889, 32.38167], [-110.80144, 32.38162], [-110.8022, 32.38308], [-110.80496, 32.38339], [-110.8062, 32.38471], [-110.80615, 32.38634], [-110.80719, 32.3869], [-110.80943, 32.38618], [-110.81102, 32.38732], [-110.81198, 32.38666], [-110.81294, 32.38774], [-110.81581, 32.3876], [-110.81857, 32.38661], [-110.81534, 32.38444], [-110.81504, 32.38281], [-110.81641, 32.38145], [-110.8139, 32.3815], [-110.81291, 32.37955], [-110.8107, 32.37938], [-110.80943, 32.37705], [-110.80751, 32.37646], [-110.80847, 32.3724], [-110.80559, 32.37346], [-110.80427, 32.37087], [-110.80304, 32.37001], [-110.80112, 32.37222], [-110.80016, 32.37195], [-110.79889, 32.37008], [-110.7965, 32.36924], [-110.79731, 32.3649], [-110.79597, 32.36408], [-110.79633, 32.36288], [-110.79378, 32.36221], [-110.78994, 32.36325], [-110.78803, 32.36181], [-110.78675, 32.36305], [-110.7862, 32.36001], [-110.78835, 32.35771], [-110.7893, 32.3575], [-110.79136, 32.35865], [-110.79569, 32.35164], [-110.79786, 32.35295], [-110.79788, 32.35431], [-110.79953, 32.35664], [-110.80112, 32.35778], [-110.80208, 32.35731], [-110.80368, 32.35931], [-110.80465, 32.35838], [-110.80486, 32.35404], [-110.80608, 32.35159], [-110.80751, 32.35019], [-110.80914, 32.35024], [-110.81102, 32.34503], [-110.81171, 32.34997], [-110.8108, 32.35159], [-110.81181, 32.35485], [-110.81518, 32.35165], [-110.81645, 32.35182], [-110.81733, 32.35295], [-110.81747, 32.35512], [-110.81988, 32.35729], [-110.81954, 32.35892], [-110.82061, 32.36002], [-110.82131, 32.35974], [-110.82184, 32.35621], [-110.82092, 32.35485], [-110.82219, 32.35132], [-110.82162, 32.34942], [-110.82316, 32.34899], [-110.8254, 32.35121], [-110.82731, 32.35178], [-110.82894, 32.35377], [-110.82855, 32.35458], [-110.82987, 32.35501], [-110.8321, 32.36218], [-110.83462, 32.35648], [-110.83384, 32.35539], [-110.83345, 32.35159], [-110.83562, 32.3444], [-110.83761, 32.34481], [-110.84073, 32.34663], [-110.84169, 32.34604], [-110.84392, 32.3461], [-110.84584, 32.34791], [-110.84871, 32.34677], [-110.84868, 32.34834], [-110.84668, 32.35105], [-110.8468, 32.35255], [-110.84753, 32.35214], [-110.84807, 32.35342], [-110.8501, 32.35377], [-110.85357, 32.35729], [-110.85452, 32.35729], [-110.85507, 32.35974], [-110.85734, 32.36028], [-110.85773, 32.36164], [-110.85702, 32.36381], [-110.85989, 32.36246], [-110.86245, 32.36671], [-110.86372, 32.36743], [-110.86321, 32.36164], [-110.86451, 32.35974], [-110.86305, 32.35919], [-110.86183, 32.35485], [-110.86213, 32.35397], [-110.86346, 32.35404], [-110.86217, 32.35078], [-110.86309, 32.34762], [-110.87043, 32.35028], [-110.87043, 32.34778], [-110.87235, 32.34748], [-110.87522, 32.34553], [-110.8781, 32.34768], [-110.87941, 32.34671], [-110.87969, 32.34539], [-110.88161, 32.34555], [-110.88225, 32.34491], [-110.88407, 32.34589], [-110.88033, 32.3495], [-110.88417, 32.3503], [-110.88405, 32.35159], [-110.8848, 32.35221], [-110.88864, 32.35023], [-110.88877, 32.35214], [-110.88734, 32.35431], [-110.88864, 32.35503], [-110.89087, 32.35549], [-110.89388, 32.35404], [-110.89055, 32.36227], [-110.89247, 32.3608], [-110.89375, 32.36122], [-110.89598, 32.35997], [-110.89726, 32.3607], [-110.89886, 32.35809], [-110.90045, 32.35818], [-110.90077, 32.35757], [-110.90205, 32.35763], [-110.90397, 32.35662], [-110.90458, 32.35675], [-110.90461, 32.35849], [-110.90556, 32.35782], [-110.90684, 32.35881], [-110.90669, 32.35729], [-110.9078, 32.35726], [-110.90844, 32.35651], [-110.91227, 32.35793], [-110.91375, 32.35729], [-110.91419, 32.35579], [-110.91547, 32.35527], [-110.91679, 32.35567], [-110.91454, 32.36055], [-110.91099, 32.36124], [-110.9107, 32.36272], [-110.91004, 32.36268], [-110.9094, 32.36392], [-110.90777, 32.36462], [-110.90588, 32.36325], [-110.90432, 32.36354], [-110.90356, 32.36517], [-110.90506, 32.3668], [-110.9045, 32.36734], [-110.90498, 32.36842], [-110.90292, 32.37032], [-110.9039, 32.37141], [-110.90205, 32.37402], [-110.90077, 32.37466], [-110.89758, 32.3728], [-110.89711, 32.37331], [-110.89855, 32.37575], [-110.89675, 32.37711], [-110.89667, 32.37847], [-110.8979, 32.37769], [-110.8995, 32.37835], [-110.90045, 32.37747], [-110.90074, 32.37983], [-110.90173, 32.3802], [-110.90205, 32.37959], [-110.90419, 32.37928], [-110.90429, 32.37795], [-110.90588, 32.37768], [-110.90652, 32.37667], [-110.90844, 32.3765], [-110.91195, 32.37483], [-110.91243, 32.37331], [-110.91323, 32.3737], [-110.91483, 32.37293], [-110.91834, 32.37311], [-110.92345, 32.37236], [-110.92493, 32.37413], [-110.92824, 32.37471], [-110.92896, 32.37575], [-110.92783, 32.37765], [-110.92786, 32.37928], [-110.92634, 32.37901], [-110.92377, 32.38083], [-110.92026, 32.37798], [-110.91738, 32.37804], [-110.91544, 32.38037], [-110.91515, 32.38249], [-110.91195, 32.38315], [-110.91115, 32.38471], [-110.91204, 32.38607], [-110.91163, 32.3866], [-110.90812, 32.38523], [-110.90716, 32.38635], [-110.90203, 32.3858], [-110.90206, 32.38688], [-110.90141, 32.38705], [-110.89598, 32.38486], [-110.89512, 32.3858], [-110.89564, 32.38688], [-110.89711, 32.38824], [-110.89694, 32.3891], [-110.89863, 32.39014], [-110.89566, 32.39174], [-110.89566, 32.39094], [-110.89407, 32.39007], [-110.89343, 32.38855], [-110.89108, 32.38715], [-110.89156, 32.38933], [-110.88959, 32.38984], [-110.89055, 32.39109], [-110.88896, 32.39172], [-110.88864, 32.39286], [-110.88553, 32.39313], [-110.8845, 32.39394], [-110.88768, 32.3953], [-110.88576, 32.39565], [-110.88543, 32.39638], [-110.8869, 32.39693], [-110.88685, 32.39883], [-110.89012, 32.40236], [-110.88707, 32.40236], [-110.8848, 32.40365], [-110.88417, 32.40251], [-110.88353, 32.40333], [-110.88161, 32.40268], [-110.8812, 32.40399], [-110.88193, 32.40624], [-110.87894, 32.40344], [-110.87883, 32.40073], [-110.87746, 32.39983], [-110.87695, 32.40127], [-110.87626, 32.40127], [-110.8755, 32.39883], [-110.87331, 32.39835], [-110.87267, 32.39751], [-110.87206, 32.39611], [-110.87603, 32.39421], [-110.87394, 32.39391], [-110.87235, 32.39186], [-110.87171, 32.3941], [-110.86851, 32.39435], [-110.86644, 32.3972], [-110.86935, 32.39693], [-110.87022, 32.39801], [-110.87113, 32.40181], [-110.87302, 32.40399], [-110.87253, 32.40507], [-110.87363, 32.40915], [-110.87252, 32.40833], [-110.87165, 32.40561], [-110.86724, 32.40648], [-110.8634, 32.40586], [-110.86181, 32.40646], [-110.85957, 32.40542], [-110.85734, 32.40547], [-110.85911, 32.40263], [-110.85766, 32.40201], [-110.8567, 32.40318], [-110.85414, 32.40226], [-110.85414, 32.40336], [-110.8535, 32.40277], [-110.85223, 32.40486], [-110.84885, 32.40561], [-110.84623, 32.40779], [-110.84447, 32.40806], [-110.84743, 32.40906], [-110.84807, 32.40859], [-110.8535, 32.40867], [-110.85429, 32.41213], [-110.85542, 32.41303], [-110.85638, 32.41233], [-110.85761, 32.41267], [-110.85815, 32.41321], [-110.85766, 32.41379], [-110.85937, 32.41403], [-110.85517, 32.41783], [-110.85749, 32.41892], [-110.85717, 32.42], [-110.8587, 32.42272], [-110.8666, 32.42325], [-110.8682, 32.42425], [-110.86979, 32.42426], [-110.87061, 32.42516], [-110.86947, 32.42483], [-110.86692, 32.4261], [-110.86596, 32.42785], [-110.865, 32.42699], [-110.86219, 32.42706], [-110.86158, 32.42923], [-110.86014, 32.42977], [-110.86181, 32.43221], [-110.85925, 32.43216], [-110.85702, 32.43122], [-110.85574, 32.43172], [-110.85382, 32.43051], [-110.85254, 32.43163], [-110.85095, 32.42981], [-110.84871, 32.43078], [-110.84584, 32.42774], [-110.8436, 32.42943], [-110.84137, 32.42917], [-110.84173, 32.43005], [-110.84103, 32.43032], [-110.84279, 32.43249], [-110.84041, 32.43417], [-110.83825, 32.43466], [-110.84009, 32.43626], [-110.83972, 32.43765], [-110.84099, 32.43927], [-110.84569, 32.44253], [-110.84456, 32.44307], [-110.84296, 32.44217], [-110.84009, 32.44251], [-110.83817, 32.44349], [-110.83721, 32.4452], [-110.83606, 32.44579], [-110.83537, 32.44905], [-110.83426, 32.44986], [-110.83514, 32.45095], [-110.83339, 32.4523], [-110.83498, 32.45314], [-110.83849, 32.45796], [-110.84176, 32.45936], [-110.83689, 32.45934], [-110.83466, 32.46054], [-110.83274, 32.46047], [-110.83083, 32.46153], [-110.83078, 32.46262], [-110.83217, 32.46289], [-110.83282, 32.46425], [-110.83246, 32.46533], [-110.83402, 32.46795], [-110.83983, 32.47511], [-110.8337, 32.47805], [-110.82935, 32.47864], [-110.82923, 32.48206], [-110.82627, 32.48488], [-110.82844, 32.49031], [-110.82871, 32.49329], [-110.82756, 32.49411], [-110.82667, 32.49637], [-110.8254, 32.49572], [-110.82476, 32.49618], [-110.82156, 32.49417], [-110.81985, 32.49411], [-110.8192, 32.49791], [-110.81695, 32.50144], [-110.81572, 32.50877], [-110.81206, 32.51338], [-110.81227, 32.51528], [-110.8109, 32.5161], [-110.81104, 32.51718], [-110.81262, 32.51764], [-110.81422, 32.51947], [-110.81677, 32.51952], [-110.81665, 32.52098], [-110.81837, 32.52217], [-110.82348, 32.52267], [-110.8252, 32.5237], [-110.82521, 32.52451], [-110.82107, 32.52614], [-110.81837, 32.52858], [-110.82125, 32.53048], [-110.821, 32.53347], [-110.82348, 32.53479], [-110.82379, 32.53673], [-110.81922, 32.5389], [-110.81837, 32.54087], [-110.81613, 32.53908], [-110.81431, 32.53537], [-110.81252, 32.53483], [-110.81007, 32.5327], [-110.80719, 32.53251], [-110.80778, 32.53591], [-110.80725, 32.53646], [-110.80464, 32.53651], [-110.80368, 32.53765], [-110.80304, 32.53647], [-110.80174, 32.53591], [-110.80056, 32.53428], [-110.80084, 32.53238], [-110.80016, 32.5314], [-110.79761, 32.53038], [-110.79738, 32.52777], [-110.79984, 32.5254], [-110.80336, 32.52628], [-110.80293, 32.52315], [-110.80411, 32.52207], [-110.80429, 32.52071], [-110.80176, 32.52104], [-110.79982, 32.52017], [-110.7987, 32.52288], [-110.79665, 32.52376], [-110.79212, 32.52234], [-110.79138, 32.52017], [-110.79026, 32.51991], [-110.79048, 32.51935], [-110.78898, 32.51773], [-110.78843, 32.51338], [-110.78765, 32.51284], [-110.78711, 32.50822], [-110.78943, 32.50632], [-110.78611, 32.50609], [-110.78435, 32.50497], [-110.78426, 32.50415], [-110.78605, 32.50198], [-110.78529, 32.50117], [-110.78683, 32.49818], [-110.78579, 32.49681], [-110.78361, 32.49601], [-110.78346, 32.49465], [-110.78247, 32.49438], [-110.78132, 32.49253], [-110.78127, 32.49357], [-110.78051, 32.49329], [-110.78068, 32.49562], [-110.77972, 32.49528], [-110.7793, 32.49601], [-110.77967, 32.4971], [-110.78142, 32.49791], [-110.78033, 32.49954], [-110.78181, 32.49954], [-110.77878, 32.50144], [-110.78033, 32.50361], [-110.77948, 32.50388], [-110.7794, 32.50502], [-110.77639, 32.50361], [-110.77665, 32.50551], [-110.77961, 32.50741], [-110.77951, 32.51175], [-110.77653, 32.51032], [-110.77375, 32.50741], [-110.77437, 32.50877], [-110.77287, 32.5104], [-110.77317, 32.51094], [-110.77208, 32.51094], [-110.77054, 32.51284], [-110.77105, 32.51528], [-110.76985, 32.5161], [-110.7702, 32.51827], [-110.7695, 32.51963], [-110.77096, 32.52207], [-110.77206, 32.52164], [-110.77234, 32.52261], [-110.76976, 32.52478], [-110.77078, 32.52617], [-110.76822, 32.52668], [-110.7701, 32.52858], [-110.76969, 32.53021], [-110.77151, 32.53076], [-110.77103, 32.53211], [-110.77205, 32.53266], [-110.77208, 32.53456], [-110.77078, 32.5346], [-110.76918, 32.53591], [-110.77046, 32.53581], [-110.773, 32.53754], [-110.77333, 32.53906], [-110.77222, 32.53971], [-110.77369, 32.54216], [-110.77231, 32.54351], [-110.77577, 32.54596], [-110.77433, 32.54677], [-110.77461, 32.54795], [-110.7759, 32.5484], [-110.77557, 32.54927], [-110.77656, 32.54976], [-110.77665, 32.55111], [-110.77553, 32.5522], [-110.77668, 32.55356], [-110.77429, 32.55523], [-110.77333, 32.55527], [-110.77302, 32.55459], [-110.77077, 32.55546], [-110.77365, 32.558], [-110.76822, 32.55803], [-110.76439, 32.55626], [-110.76439, 32.55713], [-110.76327, 32.55736], [-110.76747, 32.56062], [-110.76359, 32.56116], [-110.76561, 32.5636], [-110.76472, 32.56414], [-110.76471, 32.56511], [-110.76279, 32.56553], [-110.76216, 32.56462], [-110.75992, 32.56401], [-110.75832, 32.56485], [-110.75952, 32.56523], [-110.75835, 32.56605], [-110.75938, 32.56686], [-110.75824, 32.56903], [-110.7587, 32.57147], [-110.75684, 32.57256], [-110.75647, 32.57337], [-110.75718, 32.57365], [-110.75639, 32.57473], [-110.75832, 32.57524], [-110.75864, 32.57423], [-110.76024, 32.57406], [-110.76114, 32.575], [-110.76055, 32.57609]]}}, {"type": "Feature", "properties": {"elev": 1500.0, "index": true}, "geometry": {"type": "LineString", "coordinates": [[-110.66105, 32.19768], [-110.66129, 32.19958], [-110.66059, 32.20068], [-110.65835, 32.20072], [-110.65356, 32.20334], [-110.65228, 32.20295], [-110.6526, 32.20462], [-110.65091, 32.20474], [-110.65141, 32.20718], [-110.64909, 32.20868], [-110.64781, 32.20871], [-110.64859, 32.21044], [-110.64717, 32.21267], [-110.6459, 32.21306], [-110.64526, 32.21264], [-110.64462, 32.21369], [-110.643, 32.21424], [-110.64296, 32.21668], [-110.642, 32.21722], [-110.64287, 32.21804], [-110.64114, 32.21912], [-110.64078, 32.22048], [-110.63951, 32.2205], [-110.63831, 32.21804], [-110.63695, 32.21731], [-110.63312, 32.21749], [-110.63025, 32.21883], [-110.62897, 32.21846], [-110.62929, 32.22093], [-110.62737, 32.22219], [-110.62658, 32.22184], [-110.62839, 32.22401], [-110.62804, 32.2251], [-110.62514, 32.22674], [-110.62226, 32.22609], [-110.62034, 32.22644], [-110.61971, 32.22585], [-110.61683, 32.22672], [-110.61523, 32.22525], [-110.61428, 32.22574], [-110.61523, 32.22379], [-110.61652, 32.22319], [-110.61587, 32.22285], [-110.613, 32.22377], [-110.60917, 32.22376], [-110.60821, 32.22287], [-110.60693, 32.2241], [-110.60342, 32.22357], [-110.60125, 32.22537], [-110.60246, 32.22645], [-110.60066, 32.22754], [-110.60182, 32.22918], [-110.59703, 32.22801], [-110.59575, 32.22919], [-110.59381, 32.22944], [-110.59418, 32.23025], [-110.59325, 32.23215], [-110.59435, 32.23297], [-110.5932, 32.23465], [-110.59256, 32.23274], [-110.58777, 32.23446]]}}, {"type": "Feature", "properties": {"elev": 1500.0, "index": true}, "geometry": {"type": "LineString", "coordinates": [[-110.70882, 32.53552], [-110.70756, 32.53483], [-110.71041, 32.53339], [-110.70882, 32.53552]]}}, {"type": "Feature", "properties": {"elev": 1500.0, "index": true}, "geometry": {"type": "LineString", "coordinates": [[-110.71936, 32.5332], [-110.71936, 32.5332]]}}, {"type": "Feature", "properties": {"elev": 1500.0, "index": true}, "geometry": {"type": "LineString", "coordinates": [[-110.77749, 32.5274], [-110.7764, 32.52668], [-110.77749, 32.5274]]}}, {"type": "Feature", "properties": {"elev": 1500.0, "index": true}, "geometry": {"type": "LineString", "coordinates": [[-110.70818, 32.52268], [-110.70691, 32.52261], [-110.70754, 32.52222], [-110.70818, 32.52268]]}}, {"type": "Feature", "properties": {"elev": 1500.0, "index": true}, "geometry": {"type": "LineString", "coordinates": [[-110.70371, 32.52217], [-110.70307, 32.52219], [-110.70307, 32.5216], [-110.70434, 32.5218], [-110.70371, 32.52217]]}}, {"type": "Feature", "properties": {"elev": 1500.0, "index": true}, "geometry": {"type": "LineString", "coordinates": [[-110.69987, 32.52073], [-110.69987, 32.52073]]}}, {"type": "Feature", "properties": {"elev": 1500.0, "index": true}, "geometry": {"type": "LineString", "coordinates": [[-110.69764, 32.51976], [-110.69732, 32.51921], [-110.69764, 32.51976]]}}, {"type": "Feature", "properties": {"elev": 1500.0, "index": true}, "geometry": {"type": "LineString", "coordinates": [[-110.77653, 32.51593], [-110.77589, 32.51441], [-110.77727, 32.51501], [-110.77653, 32.51593]]}}, {"type": "Feature", "properties": {"elev": 1500.0, "index": true}, "geometry": {"type": "LineString", "coordinates": [[-110.71105, 32.51583], [-110.71055, 32.51583], [-110.71105, 32.51583]]}}, {"type": "Feature", "properties": {"elev": 1500.0, "index": true}, "geometry": {"type": "LineString", "coordinates": [[-110.77397, 32.51508], [-110.77252, 32.51474], [-110.77397, 32.51445], [-110.77397, 32.51508]]}}, {"type": "Feature", "properties": {"elev": 1500.0, "index": true}, "geometry": {"type": "LineString", "coordinates": [[-110.70594, 32.48794], [-110.70499, 32.48732], [-110.70594, 32.4871], [-110.70594, 32.48794]]}}, {"type": "Feature", "properties": {"elev": 1500.0, "index": true}, "geometry": {"type": "LineString", "coordinates": [[-110.70498, 32.4786], [-110.70307, 32.47853], [-110.7029, 32.47755], [-110.7053, 32.47689], [-110.70498, 32.4786]]}}, {"type": "Feature", "properties": {"elev": 1500.0, "index": true}, "geometry": {"type": "LineString", "coordinates": [[-110.69955, 32.47541], [-110.69955, 32.47398], [-110.69955, 32.47541]]}}, {"type": "Feature", "properties": {"elev": 1500.0, "index": true}, "geometry": {"type": "LineString", "coordinates": [[-110.69189, 32.45891], [-110.69046, 32.45882], [-110.69189, 32.45845], [-110.69189, 32.45891]]}}, {"type": "Feature", "properties": {"elev": 1500.0, "index": true}, "geometry": {"type": "LineString", "coordinates": [[-110.63599, 32.43796], [-110.63532, 32.43737], [-110.63599, 32.43796]]}}, {"type": "Feature", "properties": {"elev": 1500.0, "index": true}, "geometry": {"type": "LineString", "coordinates": [[-110.86372, 32.43412], [-110.86309, 32.4331], [-110.86382, 32.4333], [-110.86372, 32.43412]]}}, {"type": "Feature", "properties": {"elev": 1500.0, "index": true}, "geometry": {"type": "LineString", "coordinates": [[-110.87299, 32.4276], [-110.87235, 32.42622], [-110.87299, 32.4276]]}}, {"type": "Feature", "properties": {"elev": 1500.0, "index": true}, "geometry": {"type": "LineString", "coordinates": [[-110.63663, 32.41721], [-110.63631, 32.41635], [-110.63663, 32.41721]]}}, {"type": "Feature", "properties": {"elev": 1500.0, "index": true}, "geometry": {"type": "LineString", "coordinates": [[-110.93974, 32.37482], [-110.93604, 32.37168], [-110.93655, 32.36804], [-110.93814, 32.36994], [-110.94193, 32.37005], [-110.94149, 32.37304], [-110.93974, 32.37482]]}}, {"type": "Feature", "properties": {"elev": 1500.0, "index": true}, "geometry": {"type": "LineString", "coordinates": [[-110.62609, 32.37369], [-110.62298, 32.37168], [-110.62482, 32.36997], [-110.62508, 32.37168], [-110.62645, 32.37222], [-110.62609, 32.37369]]}}, {"type": "Feature", "properties": {"elev": 1500.0, "index": true}, "geometry": {"type": "LineString", "coordinates": [[-110.9423, 32.36964], [-110.94293, 32.36895], [-110.9423, 32.36964]]}}, {"type": "Feature", "properties": {"elev": 1500.0, "index": true}, "geometry": {"type": "LineString", "coordinates": [[-110.62066, 32.36247], [-110.61971, 32.36085], [-110.6213, 32.36129], [-110.62169, 32.36218], [-110.62066, 32.36247]]}}, {"type": "Feature", "properties": {"elev": 1500.0, "index": true}, "geometry": {"type": "LineString", "coordinates": [[-110.7596, 32.35928], [-110.75928, 32.35838], [-110.7596, 32.35928]]}}, {"type": "Feature", "properties": {"elev": 1500.0, "index": true}, "geometry": {"type": "LineString", "coordinates": [[-110.76599, 32.35439], [-110.76495, 32.35377], [-110.76439, 32.35214], [-110.76279, 32.352], [-110.76056, 32.35339], [-110.75979, 32.35268], [-110.76248, 32.34953], [-110.76439, 32.34941], [-110.76727, 32.3466], [-110.77046, 32.34645], [-110.7711, 32.34476], [-110.77219, 32.34671], [-110.76959, 32.34725], [-110.76797, 32.35295], [-110.76599, 32.35439]]}}, {"type": "Feature", "properties": {"elev": 1500.0, "index": true}, "geometry": {"type": "LineString", "coordinates": [[-110.75641, 32.35141], [-110.75568, 32.35105], [-110.75652, 32.35024], [-110.75623, 32.34915], [-110.75896, 32.34779], [-110.75803, 32.35051], [-110.75641, 32.35141]]}}, {"type": "Feature", "properties": {"elev": 1500.0, "index": true}, "geometry": {"type": "LineString", "coordinates": [[-110.82124, 32.34829], [-110.82124, 32.34777], [-110.82124, 32.34829]]}}, {"type": "Feature", "properties": {"elev": 1500.0, "index": true}, "geometry": {"type": "LineString", "coordinates": [[-110.88672, 32.34508], [-110.88566, 32.34481], [-110.88576, 32.3442], [-110.88736, 32.3441], [-110.88672, 32.34508]]}}, {"type": "Feature", "properties": {"elev": 1500.0, "index": true}, "geometry": {"type": "LineString", "coordinates": [[-110.77142, 32.34396], [-110.77005, 32.34155], [-110.76995, 32.33965], [-110.77221, 32.33748], [-110.77238, 32.33599], [-110.77333, 32.33646], [-110.77515, 32.33504], [-110.77503, 32.33802], [-110.77239, 32.34128], [-110.77142, 32.34396]]}}, {"type": "Feature", "properties": {"elev": 1500.0, "index": true}, "geometry": {"type": "LineString", "coordinates": [[-110.72095, 32.33993], [-110.71968, 32.34016], [-110.71871, 32.33938], [-110.72, 32.33827], [-110.72159, 32.33853], [-110.72245, 32.33911], [-110.72095, 32.33993]]}}, {"type": "Feature", "properties": {"elev": 1500.0, "index": true}, "geometry": {"type": "LineString", "coordinates": [[-110.71616, 32.33951], [-110.71604, 32.33829], [-110.71712, 32.33821], [-110.71616, 32.33951]]}}, {"type": "Feature", "properties": {"elev": 1500.0, "index": true}, "geometry": {"type": "LineString", "coordinates": [[-110.71648, 32.3375], [-110.71567, 32.33694], [-110.71638, 32.33612], [-110.71233, 32.33532], [-110.71105, 32.3334], [-110.70594, 32.33358], [-110.70317, 32.33259], [-110.71009, 32.33172], [-110.71041, 32.33108], [-110.71169, 32.3309], [-110.71201, 32.32898], [-110.71425, 32.32963], [-110.71425, 32.32688], [-110.71744, 32.32701], [-110.71714, 32.32933], [-110.72032, 32.32961], [-110.72216, 32.32852], [-110.72143, 32.32743], [-110.72255, 32.3258], [-110.72511, 32.32597], [-110.7214, 32.33015], [-110.72102, 32.33259], [-110.72222, 32.33286], [-110.722, 32.33395], [-110.72127, 32.33487], [-110.72032, 32.33467], [-110.71659, 32.33612], [-110.71726, 32.33694], [-110.71648, 32.3375]]}}, {"type": "Feature", "properties": {"elev": 1500.0, "index": true}, "geometry": {"type": "LineString", "coordinates": [[-110.68358, 32.33674], [-110.68231, 32.33641], [-110.68257, 32.33531], [-110.68646, 32.33317], [-110.68666, 32.33449], [-110.68358, 32.33674]]}}, {"type": "Feature", "properties": {"elev": 1500.0, "index": true}, "geometry": {"type": "LineString", "coordinates": [[-110.70307, 32.33341], [-110.70123, 32.33314], [-110.70307, 32.33341]]}}, {"type": "Feature", "properties": {"elev": 1500.0, "index": true}, "geometry": {"type": "LineString", "coordinates": [[-110.77876, 32.33155], [-110.7794, 32.33041], [-110.77876, 32.33155]]}}, {"type": "Feature", "properties": {"elev": 1500.0, "index": true}, "geometry": {"type": "LineString", "coordinates": [[-110.64622, 32.3077], [-110.64749, 32.30636], [-110.64846, 32.30653], [-110.64622, 32.3077]]}}, {"type": "Feature", "properties": {"elev": 1500.0, "index": true}, "geometry": {"type": "LineString", "coordinates": [[-110.6657, 32.2995], [-110.66378, 32.29864], [-110.66281, 32.29893], [-110.66274, 32.29676], [-110.65992, 32.2954], [-110.65963, 32.29432], [-110.66064, 32.29296], [-110.65864, 32.29106], [-110.66059, 32.29145], [-110.66155, 32.29011], [-110.6625, 32.2913], [-110.66346, 32.29132], [-110.66442, 32.28875], [-110.66953, 32.28828], [-110.66997, 32.2916], [-110.6735, 32.29269], [-110.67084, 32.29405], [-110.66929, 32.29649], [-110.67004, 32.29703], [-110.6673, 32.2977], [-110.6657, 32.2995]]}}, {"type": "Feature", "properties": {"elev": 1600.0, "index": false}, "geometry": {"type": "LineString", "coordinates": [[-110.74641, 32.57609], [-110.74427, 32.57528], [-110.7442, 32.57419], [-110.74714, 32.57485], [-110.74746, 32.57409], [-110.74888, 32.57365], [-110.74871, 32.57229], [-110.75002, 32.57235], [-110.75042, 32.57175], [-110.74914, 32.5712], [-110.74978, 32.57012], [-110.74842, 32.56625], [-110.75162, 32.56943], [-110.75321, 32.5692], [-110.75381, 32.5674], [-110.75513, 32.56792], [-110.75261, 32.57283], [-110.75446, 32.57609]]}}, {"type": "Feature", "properties": {"elev": 1600.0, "index": false}, "geometry": {"type": "LineString", "coordinates": [[-110.65705, 32.19768], [-110.65452, 32.2], [-110.6526, 32.20057], [-110.6509, 32.20012], [-110.6495, 32.20256], [-110.6486, 32.20256], [-110.64877, 32.2059], [-110.64494, 32.20646], [-110.64429, 32.20718], [-110.64495, 32.20908], [-110.64366, 32.20924], [-110.64079, 32.21261], [-110.63983, 32.213], [-110.63631, 32.21239], [-110.63586, 32.21397], [-110.63504, 32.21432], [-110.63376, 32.21353], [-110.63194, 32.21369], [-110.63184, 32.21469], [-110.62993, 32.21446], [-110.6302, 32.21587], [-110.62929, 32.21628], [-110.62673, 32.21445], [-110.62609, 32.21762], [-110.62514, 32.21782], [-110.62386, 32.21679], [-110.6229, 32.21766], [-110.62138, 32.21749], [-110.61971, 32.21853], [-110.61875, 32.21796], [-110.61724, 32.21858], [-110.61715, 32.21925], [-110.6146, 32.21922], [-110.61364, 32.22045], [-110.61108, 32.22036], [-110.60917, 32.21836], [-110.60821, 32.21841], [-110.60629, 32.21687], [-110.60572, 32.21831], [-110.60629, 32.21924], [-110.60501, 32.21802], [-110.60278, 32.21965], [-110.60034, 32.21967], [-110.60049, 32.22102], [-110.59975, 32.22157], [-110.60054, 32.22244], [-110.59799, 32.22358], [-110.59671, 32.22301], [-110.59447, 32.22378], [-110.59383, 32.22474], [-110.59224, 32.22446], [-110.5916, 32.22643], [-110.59021, 32.22672], [-110.59, 32.23029], [-110.58777, 32.23082]]}}, {"type": "Feature", "properties": {"elev": 1600.0, "index": false}, "geometry": {"type": "LineString", "coordinates": [[-110.75609, 32.56307], [-110.75321, 32.56166], [-110.75257, 32.56007], [-110.75002, 32.56011], [-110.74949, 32.55926], [-110.74817, 32.55899], [-110.7481, 32.55801], [-110.74622, 32.55763], [-110.74555, 32.55662], [-110.74459, 32.55627], [-110.74299, 32.55787], [-110.74267, 32.5568], [-110.74171, 32.55717], [-110.74108, 32.55656], [-110.74187, 32.55573], [-110.74076, 32.55481], [-110.73852, 32.55594], [-110.73756, 32.5553], [-110.73501, 32.55536], [-110.73405, 32.55759], [-110.73198, 32.556], [-110.73011, 32.55193], [-110.73051, 32.55084], [-110.73405, 32.55306], [-110.73732, 32.55193], [-110.73336, 32.5503], [-110.73362, 32.54921], [-110.73243, 32.54894], [-110.73202, 32.54731], [-110.73086, 32.54728], [-110.73045, 32.54623], [-110.72424, 32.54433], [-110.72606, 32.54397], [-110.72595, 32.5427], [-110.72702, 32.54227], [-110.7299, 32.54449], [-110.73331, 32.54433], [-110.73373, 32.54274], [-110.7366, 32.54313], [-110.73724, 32.54484], [-110.73838, 32.54406], [-110.73838, 32.54324], [-110.74012, 32.54361], [-110.74108, 32.54271], [-110.74427, 32.54415], [-110.7432, 32.54216], [-110.74405, 32.54189], [-110.73999, 32.54107], [-110.73884, 32.53993], [-110.73788, 32.54058], [-110.73617, 32.54026], [-110.73654, 32.53917], [-110.73593, 32.53863], [-110.7366, 32.53772], [-110.74057, 32.53591], [-110.73533, 32.53639], [-110.73277, 32.53792], [-110.73112, 32.53809], [-110.73213, 32.53493], [-110.73383, 32.53347], [-110.73565, 32.53342], [-110.73589, 32.53293], [-110.73311, 32.53184], [-110.73213, 32.52988], [-110.73084, 32.53021], [-110.73088, 32.53293], [-110.72766, 32.53601], [-110.72638, 32.53491], [-110.72442, 32.53483], [-110.72798, 32.53325], [-110.72824, 32.53238], [-110.72734, 32.53169], [-110.72606, 32.53137], [-110.72479, 32.53222], [-110.72415, 32.53106], [-110.72255, 32.5323], [-110.72199, 32.53103], [-110.72253, 32.53048], [-110.72063, 32.5306], [-110.71936, 32.5315], [-110.71744, 32.52997], [-110.71457, 32.53146], [-110.713, 32.52831], [-110.71361, 32.52755], [-110.72032, 32.52848], [-110.72191, 32.52749], [-110.72574, 32.52834], [-110.7299, 32.52838], [-110.73096, 32.52777], [-110.72638, 32.52641], [-110.72638, 32.52462], [-110.72447, 32.52535], [-110.72415, 32.52613], [-110.72095, 32.52522], [-110.72149, 32.5237], [-110.72, 32.52234], [-110.72, 32.52381], [-110.71809, 32.52451], [-110.71811, 32.52261], [-110.7171, 32.5218], [-110.71957, 32.51908], [-110.71846, 32.51773], [-110.71944, 32.51718], [-110.71872, 32.51507], [-110.71776, 32.51523], [-110.71493, 32.51365], [-110.71546, 32.5123], [-110.71675, 32.51148], [-110.7152, 32.51031], [-110.71457, 32.51049], [-110.71329, 32.50929], [-110.71201, 32.51043], [-110.70978, 32.51057], [-110.70754, 32.51214], [-110.70657, 32.51094], [-110.71009, 32.50983], [-110.70946, 32.50825], [-110.71297, 32.50886], [-110.71633, 32.50687], [-110.71297, 32.50677], [-110.70946, 32.50531], [-110.70838, 32.50388], [-110.70978, 32.50252], [-110.71393, 32.5018], [-110.7152, 32.49857], [-110.71936, 32.49793], [-110.71779, 32.49682], [-110.722, 32.49248], [-110.72063, 32.49233], [-110.71872, 32.49379], [-110.71776, 32.49336], [-110.71744, 32.49446], [-110.71265, 32.4971], [-110.71169, 32.4966], [-110.71009, 32.49754], [-110.70914, 32.49706], [-110.70818, 32.49753], [-110.70722, 32.49674], [-110.70658, 32.49702], [-110.70644, 32.49574], [-110.70754, 32.49455], [-110.70936, 32.49492], [-110.71073, 32.49298], [-110.71361, 32.49415], [-110.71383, 32.49112], [-110.71669, 32.48977], [-110.71489, 32.48721], [-110.71844, 32.48759], [-110.71709, 32.48407], [-110.7184, 32.48381], [-110.71872, 32.48084], [-110.72223, 32.47891], [-110.71889, 32.47918], [-110.7211, 32.47728], [-110.71712, 32.47733], [-110.71709, 32.47674], [-110.72032, 32.47554], [-110.72215, 32.47266], [-110.72493, 32.47049], [-110.72319, 32.47081], [-110.72223, 32.47019], [-110.72127, 32.47076], [-110.72032, 32.47023], [-110.71936, 32.47122], [-110.71776, 32.47115], [-110.71712, 32.46876], [-110.7152, 32.4698], [-110.71489, 32.47126], [-110.71265, 32.47202], [-110.71143, 32.47131], [-110.7109, 32.46968], [-110.71137, 32.46913], [-110.70978, 32.46737], [-110.70818, 32.46979], [-110.70722, 32.46929], [-110.70562, 32.47049], [-110.70278, 32.46941], [-110.70466, 32.46661], [-110.70688, 32.46696], [-110.70755, 32.46371], [-110.70935, 32.46316], [-110.70946, 32.46163], [-110.71201, 32.46292], [-110.71411, 32.46153], [-110.71361, 32.46037], [-110.71552, 32.45933], [-110.71808, 32.46087], [-110.71936, 32.46094], [-110.71936, 32.45963], [-110.71818, 32.45882], [-110.71733, 32.45692], [-110.7184, 32.45574], [-110.72063, 32.45618], [-110.72484, 32.45475], [-110.72415, 32.45383], [-110.72191, 32.45378], [-110.72095, 32.45312], [-110.72276, 32.45176], [-110.72254, 32.44986], [-110.72395, 32.44796], [-110.72159, 32.44929], [-110.72063, 32.44727], [-110.7201, 32.44959], [-110.71911, 32.44986], [-110.71882, 32.45122], [-110.71712, 32.45171], [-110.71584, 32.45012], [-110.71552, 32.45099], [-110.7144, 32.45068], [-110.71414, 32.4542], [-110.71233, 32.45455], [-110.71105, 32.45381], [-110.71073, 32.45496], [-110.70818, 32.45454], [-110.70435, 32.45668], [-110.70403, 32.45577], [-110.70115, 32.45607], [-110.69924, 32.45567], [-110.69882, 32.45502], [-110.70188, 32.45312], [-110.70174, 32.4523], [-110.70031, 32.45203], [-110.70217, 32.44959], [-110.70151, 32.44905], [-110.70147, 32.44632], [-110.70079, 32.44633], [-110.70051, 32.44782], [-110.6986, 32.44796], [-110.69769, 32.45013], [-110.69476, 32.45139], [-110.69381, 32.45275], [-110.69189, 32.45181], [-110.69185, 32.4504], [-110.69029, 32.44919], [-110.6871, 32.44995], [-110.68486, 32.44951], [-110.6842, 32.4504], [-110.68476, 32.45149], [-110.68382, 32.45258], [-110.68439, 32.45475], [-110.68358, 32.456], [-110.68199, 32.45575], [-110.68039, 32.45672], [-110.67943, 32.45564], [-110.67784, 32.45598], [-110.6772, 32.45506], [-110.67592, 32.4558], [-110.67336, 32.45513], [-110.6724, 32.45611], [-110.67293, 32.45665], [-110.67227, 32.45719], [-110.67209, 32.46145], [-110.67081, 32.4614], [-110.67049, 32.45929], [-110.66857, 32.45926], [-110.66764, 32.45855], [-110.66888, 32.45692], [-110.66761, 32.45573], [-110.66538, 32.45687], [-110.66338, 32.45638], [-110.6637, 32.45773], [-110.66232, 32.45855], [-110.66314, 32.46096], [-110.66091, 32.46051], [-110.66091, 32.45837], [-110.65771, 32.45832], [-110.65833, 32.45746], [-110.65707, 32.45676], [-110.65373, 32.45638], [-110.65458, 32.45502], [-110.65939, 32.45312], [-110.65995, 32.452], [-110.66219, 32.45204], [-110.66506, 32.44928], [-110.6673, 32.45077], [-110.66857, 32.45029], [-110.66953, 32.4513], [-110.67241, 32.44981], [-110.67336, 32.45009], [-110.67466, 32.44905], [-110.67417, 32.44823], [-110.67879, 32.44679], [-110.67868, 32.44552], [-110.67967, 32.44498], [-110.68039, 32.44234], [-110.68135, 32.44226], [-110.68199, 32.44389], [-110.68337, 32.44389], [-110.6839, 32.44282], [-110.68486, 32.44323], [-110.68476, 32.44199], [-110.68614, 32.44028], [-110.68901, 32.44107], [-110.68911, 32.44009], [-110.68991, 32.43982], [-110.68964, 32.43873], [-110.69098, 32.43765], [-110.6905, 32.4371], [-110.69125, 32.43675], [-110.69161, 32.4352], [-110.6871, 32.4356], [-110.68439, 32.43303], [-110.68582, 32.43133], [-110.68841, 32.43167], [-110.68774, 32.43097], [-110.68518, 32.42955], [-110.68327, 32.43027], [-110.68199, 32.42994], [-110.68071, 32.43098], [-110.68071, 32.42825], [-110.67752, 32.42858], [-110.67716, 32.42787], [-110.67975, 32.42543], [-110.6753, 32.42543], [-110.67633, 32.42434], [-110.67584, 32.42272], [-110.67433, 32.4219], [-110.67518, 32.42082], [-110.67163, 32.42054], [-110.67081, 32.41693], [-110.66935, 32.4219], [-110.67062, 32.42272], [-110.66761, 32.42484], [-110.66793, 32.42636], [-110.66602, 32.42618], [-110.66568, 32.4276], [-110.66391, 32.42434], [-110.6625, 32.42502], [-110.66059, 32.42401], [-110.66015, 32.42462], [-110.66077, 32.42624], [-110.65822, 32.42597], [-110.65859, 32.42706], [-110.66009, 32.42787], [-110.66027, 32.42922], [-110.66127, 32.42923], [-110.66079, 32.43032], [-110.66183, 32.43113], [-110.66149, 32.43167], [-110.65963, 32.43146], [-110.65867, 32.43219], [-110.65612, 32.43113], [-110.65548, 32.43177], [-110.65024, 32.43113], [-110.65138, 32.43303], [-110.64973, 32.43419], [-110.64877, 32.43292], [-110.64852, 32.43439], [-110.64763, 32.43493], [-110.65099, 32.43792], [-110.65133, 32.43901], [-110.64749, 32.43764], [-110.64302, 32.43762], [-110.64348, 32.43493], [-110.64622, 32.43385], [-110.64494, 32.43201], [-110.6431, 32.43167], [-110.64529, 32.43005], [-110.6443, 32.42982], [-110.6443, 32.42854], [-110.64366, 32.42829], [-110.6427, 32.42912], [-110.64015, 32.42933], [-110.63951, 32.43017], [-110.63663, 32.43024], [-110.63576, 32.43276], [-110.63695, 32.43445], [-110.63216, 32.4336], [-110.62929, 32.43498], [-110.62833, 32.43404], [-110.62496, 32.4333], [-110.62865, 32.43271], [-110.62961, 32.4316], [-110.63152, 32.43181], [-110.63248, 32.43068], [-110.6344, 32.43063], [-110.63512, 32.43005], [-110.63414, 32.42923], [-110.6344, 32.42854], [-110.63695, 32.42806], [-110.63823, 32.42878], [-110.64174, 32.4279], [-110.6421, 32.4257], [-110.6394, 32.42136], [-110.63986, 32.42109], [-110.64079, 32.42235], [-110.64255, 32.42082], [-110.64179, 32.41919], [-110.6427, 32.41872], [-110.64302, 32.42062], [-110.64419, 32.4181], [-110.64526, 32.41845], [-110.64494, 32.41652], [-110.64672, 32.41783], [-110.64688, 32.41919], [-110.64837, 32.41973], [-110.64815, 32.4219], [-110.64909, 32.4217], [-110.64973, 32.42244], [-110.65075, 32.42082], [-110.65228, 32.42027], [-110.65133, 32.41908], [-110.65377, 32.41892], [-110.65233, 32.41729], [-110.65324, 32.41587], [-110.65924, 32.41484], [-110.65822, 32.41349], [-110.65877, 32.41294], [-110.65696, 32.41159], [-110.65864, 32.4086], [-110.65707, 32.40746], [-110.6558, 32.40829], [-110.6542, 32.4081], [-110.65139, 32.4067], [-110.65347, 32.40561], [-110.65314, 32.4029], [-110.65541, 32.40181], [-110.65588, 32.39937], [-110.65356, 32.40058], [-110.65101, 32.40095], [-110.65016, 32.39964], [-110.64813, 32.4005], [-110.6459, 32.39979], [-110.64462, 32.39715], [-110.64334, 32.39747], [-110.64323, 32.39557], [-110.64392, 32.39476], [-110.64206, 32.39377], [-110.64089, 32.39394], [-110.64068, 32.39177], [-110.63916, 32.39014], [-110.64058, 32.38933], [-110.63878, 32.38634], [-110.63969, 32.38498], [-110.63837, 32.38118], [-110.63884, 32.38037], [-110.63682, 32.3782], [-110.63504, 32.37867], [-110.63241, 32.37793], [-110.63238, 32.37548], [-110.63344, 32.37373], [-110.63536, 32.37502], [-110.63791, 32.37454], [-110.63887, 32.3756], [-110.64047, 32.37454], [-110.64174, 32.3767], [-110.64462, 32.37711], [-110.64303, 32.37521], [-110.64494, 32.37447], [-110.64527, 32.37304], [-110.64845, 32.37216], [-110.64973, 32.37275], [-110.64973, 32.37074], [-110.64653, 32.37028], [-110.64622, 32.36949], [-110.64494, 32.36988], [-110.64494, 32.36866], [-110.64302, 32.36949], [-110.64356, 32.36815], [-110.64216, 32.36788], [-110.64246, 32.36707], [-110.63951, 32.36663], [-110.63919, 32.36487], [-110.64013, 32.36327], [-110.64336, 32.36164], [-110.64302, 32.36017], [-110.64494, 32.36031], [-110.64717, 32.35915], [-110.64749, 32.36002], [-110.64973, 32.35937], [-110.64969, 32.35594], [-110.65295, 32.35811], [-110.6558, 32.35841], [-110.65612, 32.35525], [-110.65707, 32.35516], [-110.65899, 32.35682], [-110.66027, 32.35579], [-110.66254, 32.35539], [-110.66301, 32.35485], [-110.6625, 32.3531], [-110.66429, 32.35268], [-110.66523, 32.35051], [-110.66436, 32.34834], [-110.66538, 32.34737], [-110.66649, 32.34807], [-110.66634, 32.34892], [-110.66698, 32.34851], [-110.66666, 32.34725], [-110.66761, 32.34592], [-110.67049, 32.34672], [-110.67304, 32.34507], [-110.67592, 32.34534], [-110.6772, 32.34482], [-110.67829, 32.34562], [-110.67553, 32.35105], [-110.67306, 32.35159], [-110.67464, 32.35272], [-110.67567, 32.35268], [-110.67432, 32.35498], [-110.67592, 32.3541], [-110.67656, 32.35443], [-110.68027, 32.35187], [-110.67888, 32.35132], [-110.67906, 32.34888], [-110.68103, 32.347], [-110.6839, 32.3465], [-110.68646, 32.34811], [-110.68742, 32.348], [-110.68874, 32.34616], [-110.68806, 32.3454], [-110.68901, 32.34457], [-110.69091, 32.34671], [-110.69476, 32.34844], [-110.69557, 32.34671], [-110.69404, 32.34454], [-110.69764, 32.34222], [-110.69828, 32.34327], [-110.70019, 32.34162], [-110.70307, 32.34116], [-110.70946, 32.34228], [-110.71003, 32.34291], [-110.70914, 32.34393], [-110.70626, 32.34562], [-110.70954, 32.34671], [-110.70606, 32.34997], [-110.7058, 32.35159], [-110.71041, 32.34837], [-110.71297, 32.34771], [-110.71584, 32.34526], [-110.71297, 32.35095], [-110.72223, 32.34895], [-110.7246, 32.35051], [-110.72447, 32.35268], [-110.72214, 32.35458], [-110.72574, 32.35489], [-110.72643, 32.35567], [-110.72574, 32.35822], [-110.72319, 32.35848], [-110.72095, 32.36219], [-110.72, 32.36294], [-110.71815, 32.363], [-110.72095, 32.36346], [-110.72447, 32.36092], [-110.72586, 32.36164], [-110.72638, 32.36328], [-110.72811, 32.36055], [-110.7299, 32.3599], [-110.73149, 32.36031], [-110.73309, 32.35951], [-110.73501, 32.36003], [-110.73533, 32.36109], [-110.7366, 32.36096], [-110.73826, 32.36001], [-110.73884, 32.35832], [-110.7398, 32.35805], [-110.74146, 32.36001], [-110.74267, 32.36007], [-110.74378, 32.3611], [-110.74373, 32.36218], [-110.74233, 32.36354], [-110.74299, 32.36396], [-110.74938, 32.36181], [-110.74923, 32.36408], [-110.74099, 32.3687], [-110.75225, 32.36685], [-110.7497, 32.37181], [-110.75481, 32.37037], [-110.75673, 32.36863], [-110.75702, 32.37087], [-110.75832, 32.37231], [-110.75967, 32.3725], [-110.75896, 32.37488], [-110.75736, 32.37575], [-110.75838, 32.37684], [-110.75832, 32.37904], [-110.76152, 32.37909], [-110.76109, 32.38227], [-110.76216, 32.38414], [-110.76343, 32.3818], [-110.76443, 32.38145], [-110.76527, 32.37847], [-110.76599, 32.3781], [-110.76791, 32.38136], [-110.77028, 32.37983], [-110.77206, 32.38506], [-110.77302, 32.38385], [-110.77494, 32.38308], [-110.77621, 32.38013], [-110.77749, 32.37923], [-110.77972, 32.38057], [-110.78014, 32.37847], [-110.78228, 32.37764], [-110.78396, 32.37901], [-110.78368, 32.3801], [-110.78515, 32.3812], [-110.7856, 32.38281], [-110.78464, 32.38363], [-110.78356, 32.39131], [-110.78387, 32.39173], [-110.78515, 32.39018], [-110.78803, 32.3894], [-110.78899, 32.38812], [-110.79011, 32.38851], [-110.7909, 32.39014], [-110.79031, 32.39123], [-110.79122, 32.39274], [-110.79194, 32.39258], [-110.79287, 32.39367], [-110.79299, 32.39557], [-110.79537, 32.39667], [-110.79761, 32.39887], [-110.79838, 32.39666], [-110.79767, 32.3953], [-110.79717, 32.38933], [-110.79826, 32.38933], [-110.79848, 32.38715], [-110.80013, 32.38634], [-110.80016, 32.3829], [-110.8024, 32.38527], [-110.80464, 32.38559], [-110.80559, 32.3879], [-110.81038, 32.38883], [-110.81038, 32.3914], [-110.81486, 32.38903], [-110.81901, 32.39132], [-110.82188, 32.39207], [-110.82056, 32.38933], [-110.82316, 32.39006], [-110.82541, 32.38987], [-110.82508, 32.3891], [-110.82303, 32.38851], [-110.82061, 32.3853], [-110.81759, 32.38417], [-110.81717, 32.38254], [-110.81869, 32.38076], [-110.81537, 32.3801], [-110.81452, 32.37847], [-110.81246, 32.37793], [-110.81134, 32.37548], [-110.80953, 32.37548], [-110.8107, 32.37042], [-110.80847, 32.37128], [-110.80719, 32.37033], [-110.80591, 32.37029], [-110.804, 32.36823], [-110.80112, 32.3701], [-110.79953, 32.36887], [-110.79869, 32.36652], [-110.7993, 32.36381], [-110.79817, 32.36327], [-110.79797, 32.36164], [-110.79276, 32.36001], [-110.79305, 32.35784], [-110.79556, 32.35458], [-110.79569, 32.35273], [-110.79728, 32.35485], [-110.79777, 32.35757], [-110.80048, 32.35928], [-110.80161, 32.35919], [-110.8013, 32.36055], [-110.80304, 32.36358], [-110.80432, 32.36354], [-110.80492, 32.36164], [-110.80727, 32.35892], [-110.80684, 32.35594], [-110.80829, 32.35404], [-110.81017, 32.35458], [-110.8107, 32.35638], [-110.81198, 32.35599], [-110.81294, 32.35659], [-110.81371, 32.35485], [-110.8155, 32.35329], [-110.81645, 32.35389], [-110.81647, 32.35594], [-110.81834, 32.35811], [-110.81675, 32.36055], [-110.81869, 32.36032], [-110.82061, 32.36431], [-110.82188, 32.36338], [-110.82284, 32.36476], [-110.82403, 32.36327], [-110.8228, 32.35458], [-110.8238, 32.35235], [-110.82476, 32.3549], [-110.82669, 32.35567], [-110.82795, 32.35779], [-110.82987, 32.35871], [-110.82952, 32.36164], [-110.83077, 32.36245], [-110.83025, 32.36544], [-110.83112, 32.36897], [-110.83251, 32.36951], [-110.83235, 32.36842], [-110.83338, 32.36733], [-110.83562, 32.36933], [-110.83524, 32.36707], [-110.83364, 32.3649], [-110.83447, 32.36218], [-110.83424, 32.35892], [-110.83498, 32.35777], [-110.83728, 32.35757], [-110.83601, 32.35594], [-110.83636, 32.35512], [-110.83509, 32.35241], [-110.83654, 32.34752], [-110.83753, 32.34818], [-110.83913, 32.34781], [-110.84073, 32.34928], [-110.84169, 32.34865], [-110.8436, 32.34924], [-110.84392, 32.34806], [-110.84454, 32.34915], [-110.84599, 32.34969], [-110.84493, 32.35105], [-110.8444, 32.35458], [-110.84648, 32.35615], [-110.84999, 32.35572], [-110.85213, 32.35892], [-110.85203, 32.36001], [-110.85286, 32.35983], [-110.85563, 32.36245], [-110.85587, 32.36435], [-110.85702, 32.36593], [-110.85811, 32.36625], [-110.85829, 32.36437], [-110.85989, 32.36389], [-110.86204, 32.3687], [-110.86297, 32.36924], [-110.86302, 32.3706], [-110.86468, 32.37182], [-110.86498, 32.36164], [-110.86579, 32.36137], [-110.86714, 32.35865], [-110.86692, 32.35781], [-110.86483, 32.35838], [-110.86478, 32.35675], [-110.86386, 32.35648], [-110.86368, 32.35567], [-110.86468, 32.35547], [-110.8652, 32.35431], [-110.86396, 32.35187], [-110.86435, 32.35024], [-110.86788, 32.35101], [-110.86883, 32.35179], [-110.87158, 32.35132], [-110.87155, 32.34942], [-110.87458, 32.34754], [-110.8764, 32.34915], [-110.87778, 32.35214], [-110.87746, 32.35291], [-110.87874, 32.35296], [-110.88065, 32.35158], [-110.88448, 32.3536], [-110.8864, 32.35332], [-110.88573, 32.35485], [-110.88806, 32.35675], [-110.89023, 32.35649], [-110.89279, 32.3551], [-110.88988, 32.36055], [-110.88768, 32.36049], [-110.88736, 32.36328], [-110.88832, 32.36276], [-110.88959, 32.36363], [-110.89264, 32.36218], [-110.89407, 32.36231], [-110.89566, 32.361], [-110.89662, 32.36191], [-110.89854, 32.36093], [-110.8995, 32.35933], [-110.90269, 32.3579], [-110.90365, 32.35823], [-110.90365, 32.3595], [-110.90525, 32.35912], [-110.90588, 32.36007], [-110.9078, 32.36019], [-110.90844, 32.35836], [-110.91099, 32.35871], [-110.91273, 32.36028], [-110.9104, 32.3611], [-110.9094, 32.36272], [-110.90748, 32.36311], [-110.90632, 32.36218], [-110.90493, 32.36282], [-110.90333, 32.36245], [-110.90337, 32.36408], [-110.90192, 32.36571], [-110.90365, 32.36897], [-110.90237, 32.36929], [-110.90176, 32.37032], [-110.90205, 32.37252], [-110.90077, 32.37312], [-110.8963, 32.3706], [-110.89566, 32.37131], [-110.89328, 32.37114], [-110.89491, 32.37331], [-110.89407, 32.3744], [-110.89667, 32.37521], [-110.89491, 32.37657], [-110.89444, 32.38091], [-110.89918, 32.37948], [-110.89894, 32.38037], [-110.90045, 32.38079], [-110.90077, 32.38158], [-110.90269, 32.38156], [-110.90333, 32.38087], [-110.90429, 32.38122], [-110.90553, 32.37901], [-110.90748, 32.37762], [-110.91738, 32.37496], [-110.92313, 32.37483], [-110.92713, 32.37603], [-110.92766, 32.37657], [-110.92724, 32.37847], [-110.92281, 32.37937], [-110.92221, 32.3782], [-110.9193, 32.37633], [-110.91834, 32.37642], [-110.9161, 32.37754], [-110.9143, 32.37955], [-110.91452, 32.38145], [-110.91355, 32.38209], [-110.91099, 32.38213], [-110.91004, 32.38519], [-110.90748, 32.3841], [-110.90333, 32.38519], [-110.90109, 32.38432], [-110.90043, 32.38525], [-110.90133, 32.3858], [-110.90045, 32.38592], [-110.8963, 32.38317], [-110.89407, 32.38393], [-110.8932, 32.38607], [-110.89513, 32.38743], [-110.89471, 32.3879], [-110.89151, 32.38596], [-110.89023, 32.38589], [-110.88832, 32.38743], [-110.88914, 32.38824], [-110.88827, 32.38878], [-110.88832, 32.39019], [-110.88975, 32.39068], [-110.88854, 32.39123], [-110.88864, 32.39237], [-110.888, 32.39255], [-110.88736, 32.3914], [-110.88608, 32.39198], [-110.88448, 32.39173], [-110.88242, 32.3934], [-110.88357, 32.39503], [-110.88384, 32.39774], [-110.88512, 32.39777], [-110.88559, 32.39964], [-110.88683, 32.39991], [-110.88705, 32.40127], [-110.88544, 32.40214], [-110.88503, 32.40127], [-110.88385, 32.40131], [-110.88321, 32.40248], [-110.88097, 32.40132], [-110.88033, 32.40249], [-110.88025, 32.40073], [-110.87865, 32.39801], [-110.87428, 32.3972], [-110.87397, 32.39638], [-110.87808, 32.39557], [-110.87999, 32.39313], [-110.88038, 32.39068], [-110.87746, 32.39224], [-110.87522, 32.39189], [-110.87419, 32.3896], [-110.87331, 32.38941], [-110.87235, 32.38787], [-110.86947, 32.39285], [-110.86835, 32.39231], [-110.8682, 32.39146], [-110.86416, 32.39041], [-110.86605, 32.39421], [-110.86505, 32.39611], [-110.8634, 32.3962], [-110.86298, 32.39747], [-110.8634, 32.39827], [-110.865, 32.39813], [-110.86922, 32.39937], [-110.87071, 32.40371], [-110.87015, 32.40453], [-110.86756, 32.40524], [-110.86277, 32.40424], [-110.86117, 32.40454], [-110.86002, 32.40399], [-110.86117, 32.40103], [-110.85734, 32.40041], [-110.8567, 32.3996], [-110.85638, 32.40026], [-110.85095, 32.39967], [-110.85178, 32.40236], [-110.85063, 32.4037], [-110.84797, 32.40371], [-110.84712, 32.40497], [-110.84456, 32.4061], [-110.84232, 32.40618], [-110.84105, 32.40533], [-110.84073, 32.40706], [-110.83739, 32.4067], [-110.83753, 32.40779], [-110.84217, 32.40941], [-110.84169, 32.4108], [-110.84296, 32.41036], [-110.8436, 32.41108], [-110.8452, 32.41093], [-110.84648, 32.41218], [-110.84723, 32.41186], [-110.84743, 32.41039], [-110.85127, 32.4107], [-110.85159, 32.41294], [-110.85448, 32.41484], [-110.85426, 32.4162], [-110.85316, 32.4162], [-110.85267, 32.41702], [-110.85318, 32.41928], [-110.85552, 32.42], [-110.85619, 32.4238], [-110.86021, 32.42493], [-110.86149, 32.424], [-110.86309, 32.42507], [-110.86665, 32.42489], [-110.86532, 32.42606], [-110.86117, 32.4254], [-110.85993, 32.42597], [-110.86009, 32.42842], [-110.85893, 32.42933], [-110.85893, 32.43066], [-110.85734, 32.42988], [-110.8551, 32.43006], [-110.85446, 32.42903], [-110.85318, 32.42927], [-110.85127, 32.42837], [-110.84839, 32.42863], [-110.84712, 32.42613], [-110.84424, 32.4243], [-110.84421, 32.42652], [-110.84328, 32.42767], [-110.842, 32.42781], [-110.84136, 32.42706], [-110.83848, 32.42624], [-110.83924, 32.42923], [-110.8387, 32.43005], [-110.8401, 32.43222], [-110.83979, 32.43276], [-110.83817, 32.43264], [-110.83721, 32.43187], [-110.8353, 32.43182], [-110.83404, 32.43249], [-110.83508, 32.43303], [-110.83503, 32.43575], [-110.84004, 32.4409], [-110.83658, 32.44234], [-110.83562, 32.44366], [-110.83434, 32.44353], [-110.83349, 32.44416], [-110.83376, 32.44498], [-110.8321, 32.44796], [-110.82954, 32.45013], [-110.83083, 32.45059], [-110.83132, 32.45176], [-110.8302, 32.45312], [-110.83498, 32.45595], [-110.83563, 32.45773], [-110.83242, 32.45917], [-110.82874, 32.45909], [-110.82755, 32.45991], [-110.82795, 32.46074], [-110.82714, 32.46153], [-110.8365, 32.47456], [-110.83338, 32.47657], [-110.82655, 32.47755], [-110.82742, 32.48108], [-110.82586, 32.48352], [-110.82412, 32.48389], [-110.82356, 32.48488], [-110.82372, 32.48624], [-110.82522, 32.48732], [-110.82658, 32.49058], [-110.82579, 32.49384], [-110.82476, 32.49391], [-110.82305, 32.49167], [-110.82061, 32.49136], [-110.81869, 32.49003], [-110.81772, 32.49221], [-110.81654, 32.49275], [-110.81635, 32.49492], [-110.81422, 32.49705], [-110.81388, 32.49872], [-110.81483, 32.50578], [-110.81291, 32.50714], [-110.81239, 32.51012], [-110.80993, 32.51257], [-110.80879, 32.51639], [-110.80591, 32.51758], [-110.804, 32.5175], [-110.80016, 32.51635], [-110.79729, 32.51391], [-110.79727, 32.51664], [-110.79562, 32.51773], [-110.79553, 32.51935], [-110.79378, 32.52016], [-110.79282, 32.51766], [-110.79124, 32.51637], [-110.79011, 32.5104], [-110.79175, 32.50958], [-110.79295, 32.50605], [-110.79001, 32.50225], [-110.79039, 32.50062], [-110.7894, 32.50035], [-110.78855, 32.49601], [-110.79021, 32.49519], [-110.78886, 32.49411], [-110.78899, 32.49234], [-110.79122, 32.49297], [-110.79236, 32.49031], [-110.79268, 32.48895], [-110.79183, 32.48868], [-110.79296, 32.48597], [-110.7925, 32.48515], [-110.79396, 32.48352], [-110.79289, 32.48325], [-110.79378, 32.48244], [-110.79282, 32.48219], [-110.7935, 32.48189], [-110.79219, 32.48081], [-110.79325, 32.48026], [-110.79154, 32.48005], [-110.79058, 32.48072], [-110.7893, 32.47973], [-110.78867, 32.48248], [-110.78803, 32.48283], [-110.78678, 32.48135], [-110.78397, 32.48515], [-110.78336, 32.48461], [-110.7839, 32.48325], [-110.78292, 32.48265], [-110.77813, 32.4839], [-110.77717, 32.48622], [-110.77621, 32.48527], [-110.77557, 32.48644], [-110.77493, 32.485], [-110.77429, 32.48616], [-110.77302, 32.48527], [-110.77438, 32.48814], [-110.77318, 32.49438], [-110.77171, 32.49438], [-110.77307, 32.49764], [-110.77203, 32.49872], [-110.77157, 32.50171], [-110.76777, 32.50062], [-110.76974, 32.5028], [-110.76819, 32.50334], [-110.76854, 32.50495], [-110.76675, 32.50442], [-110.76713, 32.50551], [-110.76527, 32.5085], [-110.76621, 32.51148], [-110.76575, 32.51311], [-110.76639, 32.51447], [-110.76518, 32.51528], [-110.76601, 32.518], [-110.7631, 32.52017], [-110.76452, 32.52125], [-110.76375, 32.52146], [-110.76337, 32.52261], [-110.76503, 32.52262], [-110.76631, 32.5247], [-110.76593, 32.52614], [-110.76375, 32.52608], [-110.76297, 32.52696], [-110.76637, 32.52777], [-110.76511, 32.52886], [-110.76773, 32.52913], [-110.76693, 32.53103], [-110.7684, 32.53184], [-110.76822, 32.53245], [-110.76543, 32.53347], [-110.76616, 32.53401], [-110.76599, 32.53618], [-110.76528, 32.53646], [-110.76598, 32.53809], [-110.76553, 32.53944], [-110.76695, 32.54057], [-110.76886, 32.53797], [-110.77009, 32.53863], [-110.76862, 32.54026], [-110.77151, 32.54134], [-110.76811, 32.54406], [-110.77319, 32.54569], [-110.7723, 32.54759], [-110.77307, 32.5484], [-110.77272, 32.55057], [-110.77371, 32.55193], [-110.77302, 32.55247], [-110.77046, 32.55237], [-110.77014, 32.55339], [-110.76854, 32.55283], [-110.76791, 32.55339], [-110.76695, 32.55315], [-110.76918, 32.55636], [-110.76407, 32.55419], [-110.76424, 32.55274], [-110.76343, 32.5518], [-110.76327, 32.55302], [-110.76163, 32.5541], [-110.7612, 32.55531], [-110.7596, 32.5554], [-110.7604, 32.55654], [-110.75896, 32.55673], [-110.75913, 32.55763], [-110.75814, 32.55844], [-110.75864, 32.55944], [-110.76024, 32.5594], [-110.76088, 32.56002], [-110.76245, 32.55953], [-110.76099, 32.56143], [-110.76261, 32.56224], [-110.76248, 32.5628], [-110.76067, 32.56279], [-110.7596, 32.56142], [-110.75609, 32.56307]]}}, {"type": "Feature", "properties": {"elev": 1600.0, "index": false}, "geometry": {"type": "LineString", "coordinates": [[-110.76343, 32.5593], [-110.76311, 32.55894], [-110.76343, 32.5593]]}}, {"type": "Feature", "properties": {"elev": 1600.0, "index": false}, "geometry": {"type": "LineString", "coordinates": [[-110.81837, 32.53839], [-110.81741, 32.53846], [-110.81645, 32.53518], [-110.80792, 32.52913], [-110.8076, 32.52668], [-110.80861, 32.52506], [-110.80763, 32.52424], [-110.80793, 32.52261], [-110.8107, 32.52011], [-110.81486, 32.52115], [-110.8184, 32.52397], [-110.81594, 32.52858], [-110.8159, 32.53021], [-110.81898, 32.53211], [-110.81923, 32.53428], [-110.82133, 32.53618], [-110.81837, 32.53839]]}}, {"type": "Feature", "properties": {"elev": 1600.0, "index": false}, "geometry": {"type": "LineString", "coordinates": [[-110.80496, 32.53377], [-110.80368, 32.53372], [-110.80272, 32.53098], [-110.80048, 32.52931], [-110.79898, 32.52913], [-110.80016, 32.52766], [-110.8019, 32.52777], [-110.80434, 32.53076], [-110.80496, 32.53377]]}}, {"type": "Feature", "properties": {"elev": 1600.0, "index": false}, "geometry": {"type": "LineString", "coordinates": [[-110.76886, 32.52343], [-110.76801, 32.52288], [-110.76886, 32.52343]]}}, {"type": "Feature", "properties": {"elev": 1600.0, "index": false}, "geometry": {"type": "LineString", "coordinates": [[-110.76599, 32.52127], [-110.7656, 32.52098], [-110.76599, 32.52127]]}}, {"type": "Feature", "properties": {"elev": 1600.0, "index": false}, "geometry": {"type": "LineString", "coordinates": [[-110.71361, 32.52044], [-110.71401, 32.5199], [-110.71361, 32.52044]]}}, {"type": "Feature", "properties": {"elev": 1600.0, "index": false}, "geometry": {"type": "LineString", "coordinates": [[-110.71776, 32.51945], [-110.71715, 32.51935], [-110.71744, 32.51883], [-110.71776, 32.51945]]}}, {"type": "Feature", "properties": {"elev": 1600.0, "index": false}, "geometry": {"type": "LineString", "coordinates": [[-110.71425, 32.51423], [-110.71458, 32.51393], [-110.71425, 32.51423]]}}, {"type": "Feature", "properties": {"elev": 1600.0, "index": false}, "geometry": {"type": "LineString", "coordinates": [[-110.71329, 32.51394], [-110.71213, 32.51338], [-110.71329, 32.51394]]}}, {"type": "Feature", "properties": {"elev": 1600.0, "index": false}, "geometry": {"type": "LineString", "coordinates": [[-110.70211, 32.50145], [-110.70152, 32.50008], [-110.70229, 32.49954], [-110.70211, 32.49807], [-110.70435, 32.49866], [-110.70485, 32.49954], [-110.70435, 32.50032], [-110.70307, 32.50022], [-110.70211, 32.50145]]}}, {"type": "Feature", "properties": {"elev": 1600.0, "index": false}, "geometry": {"type": "LineString", "coordinates": [[-110.79154, 32.48655], [-110.79235, 32.48624], [-110.79154, 32.48655]]}}, {"type": "Feature", "properties": {"elev": 1600.0, "index": false}, "geometry": {"type": "LineString", "coordinates": [[-110.67528, 32.43039], [-110.67496, 32.43003], [-110.67592, 32.43001], [-110.67528, 32.43039]]}}, {"type": "Feature", "properties": {"elev": 1600.0, "index": false}, "geometry": {"type": "LineString", "coordinates": [[-110.67752, 32.42942], [-110.6766, 32.42923], [-110.67752, 32.42889], [-110.67752, 32.42942]]}}, {"type": "Feature", "properties": {"elev": 1600.0, "index": false}, "geometry": {"type": "LineString", "coordinates": [[-110.8963, 32.38997], [-110.89499, 32.38933], [-110.89534, 32.38877], [-110.8963, 32.38997]]}}, {"type": "Feature", "properties": {"elev": 1600.0, "index": false}, "geometry": {"type": "LineString", "coordinates": [[-110.63568, 32.38853], [-110.6325, 32.38661], [-110.63472, 32.38715], [-110.63568, 32.38853]]}}, {"type": "Feature", "properties": {"elev": 1600.0, "index": false}, "geometry": {"type": "LineString", "coordinates": [[-110.93942, 32.37287], [-110.93814, 32.37166], [-110.9398, 32.37141], [-110.93942, 32.37287]]}}, {"type": "Feature", "properties": {"elev": 1600.0, "index": false}, "geometry": {"type": "LineString", "coordinates": [[-110.63855, 32.3636], [-110.63472, 32.3635], [-110.6344, 32.3629], [-110.6328, 32.36273], [-110.63183, 32.36218], [-110.63152, 32.36037], [-110.6328, 32.36006], [-110.63344, 32.35904], [-110.63536, 32.35973], [-110.63647, 32.35892], [-110.63855, 32.3636]]}}, {"type": "Feature", "properties": {"elev": 1600.0, "index": false}, "geometry": {"type": "LineString", "coordinates": [[-110.79026, 32.36143], [-110.78916, 32.35974], [-110.78962, 32.35889], [-110.79215, 32.36028], [-110.79154, 32.36126], [-110.79026, 32.36143]]}}, {"type": "Feature", "properties": {"elev": 1600.0, "index": false}, "geometry": {"type": "LineString", "coordinates": [[-110.63919, 32.36149], [-110.63855, 32.36055], [-110.63921, 32.36055], [-110.63919, 32.36149]]}}, {"type": "Feature", "properties": {"elev": 1600.0, "index": false}, "geometry": {"type": "LineString", "coordinates": [[-110.80815, 32.3529], [-110.80749, 32.35241], [-110.80815, 32.35148], [-110.80815, 32.3529]]}}, {"type": "Feature", "properties": {"elev": 1600.0, "index": false}, "geometry": {"type": "LineString", "coordinates": [[-110.76663, 32.35287], [-110.76527, 32.35105], [-110.76791, 32.34796], [-110.76855, 32.34834], [-110.76735, 32.34942], [-110.76663, 32.35287]]}}, {"type": "Feature", "properties": {"elev": 1600.0, "index": false}, "geometry": {"type": "LineString", "coordinates": [[-110.88001, 32.34845], [-110.87931, 32.34834], [-110.88085, 32.34671], [-110.88001, 32.34845]]}}, {"type": "Feature", "properties": {"elev": 1600.0, "index": false}, "geometry": {"type": "LineString", "coordinates": [[-110.72638, 32.34753], [-110.72336, 32.34725], [-110.72427, 32.34562], [-110.72357, 32.34454], [-110.72383, 32.34318], [-110.7267, 32.34509], [-110.73054, 32.3444], [-110.73109, 32.34481], [-110.73054, 32.34624], [-110.72638, 32.34753]]}}, {"type": "Feature", "properties": {"elev": 1600.0, "index": false}, "geometry": {"type": "LineString", "coordinates": [[-110.67943, 32.34349], [-110.67804, 32.34345], [-110.67752, 32.34118], [-110.67767, 32.34182], [-110.68007, 32.34284], [-110.67943, 32.34349]]}}, {"type": "Feature", "properties": {"elev": 1600.0, "index": false}, "geometry": {"type": "LineString", "coordinates": [[-110.74012, 32.34212], [-110.73788, 32.34156], [-110.73726, 32.34019], [-110.73382, 32.34074], [-110.73636, 32.33884], [-110.73654, 32.33748], [-110.73543, 32.33612], [-110.73579, 32.33504], [-110.73517, 32.33422], [-110.73567, 32.33259], [-110.73916, 32.33375], [-110.73971, 32.33449], [-110.73852, 32.33594], [-110.74331, 32.33567], [-110.74619, 32.33454], [-110.74778, 32.33527], [-110.75098, 32.33377], [-110.75385, 32.33463], [-110.75707, 32.33368], [-110.75576, 32.33531], [-110.75321, 32.33631], [-110.75317, 32.33775], [-110.7513, 32.33932], [-110.74906, 32.33946], [-110.74906, 32.34077], [-110.74587, 32.33979], [-110.74427, 32.34148], [-110.74171, 32.34076], [-110.74012, 32.34212]]}}, {"type": "Feature", "properties": {"elev": 1600.0, "index": false}, "geometry": {"type": "LineString", "coordinates": [[-110.71457, 32.3345], [-110.71125, 32.33205], [-110.71278, 32.33178], [-110.71297, 32.33092], [-110.71364, 32.33096], [-110.71425, 32.3325], [-110.71962, 32.33178], [-110.71808, 32.33374], [-110.71457, 32.3345]]}}, {"type": "Feature", "properties": {"elev": 1600.0, "index": false}, "geometry": {"type": "LineString", "coordinates": [[-110.66538, 32.29626], [-110.66442, 32.29627], [-110.66332, 32.29513], [-110.66761, 32.29257], [-110.6667, 32.29459], [-110.66796, 32.29513], [-110.66538, 32.29626]]}}, {"type": "Feature", "properties": {"elev": 1600.0, "index": false}, "geometry": {"type": "LineString", "coordinates": [[-110.6625, 32.2949], [-110.66189, 32.29405], [-110.66282, 32.29342], [-110.6625, 32.2949]]}}, {"type": "Feature", "properties": {"elev": 1700.0, "index": false}, "geometry": {"type": "LineString", "coordinates": [[-110.65317, 32.19768], [-110.65101, 32.19873], [-110.65036, 32.19822], [-110.64781, 32.20103], [-110.64622, 32.20092], [-110.64494, 32.20367], [-110.64292, 32.20365], [-110.63996, 32.20664], [-110.63919, 32.20857], [-110.63727, 32.20883], [-110.63504, 32.20714], [-110.63427, 32.20935], [-110.63248, 32.21089], [-110.63057, 32.21091], [-110.62673, 32.20968], [-110.62503, 32.21179], [-110.62524, 32.21261], [-110.62354, 32.21334], [-110.62258, 32.21309], [-110.62002, 32.21445], [-110.61971, 32.21533], [-110.61875, 32.21459], [-110.61811, 32.2153], [-110.61683, 32.21531], [-110.61491, 32.21342], [-110.6146, 32.21521], [-110.61396, 32.21481], [-110.61364, 32.21566], [-110.61204, 32.21615], [-110.61022, 32.21587], [-110.60789, 32.21372], [-110.60437, 32.21233], [-110.60437, 32.21042], [-110.60246, 32.21083], [-110.60309, 32.21207], [-110.60288, 32.21451], [-110.6015, 32.21628], [-110.60022, 32.21639], [-110.59767, 32.21833], [-110.59479, 32.21776], [-110.59256, 32.21945], [-110.59128, 32.21943], [-110.58777, 32.22361]]}}, {"type": "Feature", "properties": {"elev": 1700.0, "index": false}, "geometry": {"type": "LineString", "coordinates": [[-110.75577, 32.55991], [-110.75513, 32.56001], [-110.75353, 32.55719], [-110.75162, 32.5575], [-110.7513, 32.55657], [-110.74874, 32.55553], [-110.74778, 32.55436], [-110.74639, 32.55437], [-110.74651, 32.55383], [-110.74491, 32.55285], [-110.74363, 32.55363], [-110.74267, 32.55266], [-110.7398, 32.55326], [-110.73938, 32.55274], [-110.74183, 32.55057], [-110.73884, 32.54954], [-110.73692, 32.54984], [-110.73546, 32.54786], [-110.73409, 32.54759], [-110.73501, 32.54554], [-110.73852, 32.54789], [-110.73897, 32.54596], [-110.74044, 32.54517], [-110.74144, 32.54514], [-110.74299, 32.5463], [-110.74395, 32.5458], [-110.74774, 32.54623], [-110.74731, 32.54541], [-110.74886, 32.5446], [-110.74825, 32.54406], [-110.7488, 32.54297], [-110.74746, 32.54362], [-110.74621, 32.54216], [-110.74806, 32.54107], [-110.74736, 32.53836], [-110.74331, 32.53762], [-110.74296, 32.537], [-110.74534, 32.53537], [-110.74453, 32.5332], [-110.74533, 32.53238], [-110.74406, 32.53211], [-110.74427, 32.5305], [-110.74267, 32.53091], [-110.74012, 32.53426], [-110.73788, 32.5348], [-110.73797, 32.53347], [-110.74001, 32.53103], [-110.7398, 32.53041], [-110.73692, 32.53103], [-110.73469, 32.53011], [-110.7357, 32.52831], [-110.73402, 32.5275], [-110.73547, 32.52587], [-110.73565, 32.52331], [-110.73405, 32.52365], [-110.73309, 32.52517], [-110.73054, 32.52616], [-110.7296, 32.5256], [-110.72977, 32.52234], [-110.72837, 32.5218], [-110.7283, 32.52102], [-110.72606, 32.52128], [-110.72369, 32.52261], [-110.72369, 32.52153], [-110.72227, 32.52071], [-110.72432, 32.51908], [-110.72326, 32.51854], [-110.72313, 32.51718], [-110.72156, 32.51555], [-110.72346, 32.51474], [-110.72412, 32.51338], [-110.72004, 32.51311], [-110.72004, 32.51094], [-110.71733, 32.50877], [-110.7184, 32.50757], [-110.72384, 32.50795], [-110.72151, 32.50687], [-110.72267, 32.50551], [-110.72287, 32.50375], [-110.71872, 32.50516], [-110.71744, 32.50427], [-110.71584, 32.50539], [-110.71219, 32.50415], [-110.71554, 32.50307], [-110.71655, 32.50117], [-110.71872, 32.4996], [-110.72095, 32.49937], [-110.72223, 32.50008], [-110.72422, 32.49954], [-110.722, 32.49845], [-110.72086, 32.4971], [-110.72127, 32.49644], [-110.72606, 32.49591], [-110.72798, 32.4971], [-110.72798, 32.49594], [-110.72937, 32.49492], [-110.7267, 32.49443], [-110.72663, 32.49357], [-110.72766, 32.493], [-110.72954, 32.49329], [-110.72943, 32.49248], [-110.73028, 32.49221], [-110.72874, 32.49004], [-110.72933, 32.48949], [-110.72926, 32.48687], [-110.7255, 32.48895], [-110.72415, 32.48859], [-110.72319, 32.48907], [-110.72287, 32.4909], [-110.72095, 32.4901], [-110.71904, 32.49131], [-110.71828, 32.49085], [-110.71872, 32.48987], [-110.72, 32.48976], [-110.72085, 32.48868], [-110.72111, 32.48732], [-110.7202, 32.48597], [-110.72197, 32.48542], [-110.72088, 32.48216], [-110.72296, 32.48189], [-110.72606, 32.4788], [-110.72766, 32.47875], [-110.72796, 32.47782], [-110.72892, 32.47755], [-110.72834, 32.47728], [-110.72892, 32.47674], [-110.72798, 32.47626], [-110.72531, 32.47701], [-110.72654, 32.47456], [-110.7252, 32.47402], [-110.72766, 32.47256], [-110.72738, 32.47158], [-110.72896, 32.47076], [-110.72899, 32.46995], [-110.72776, 32.46941], [-110.7283, 32.46864], [-110.72985, 32.46832], [-110.72926, 32.46669], [-110.72511, 32.46758], [-110.72415, 32.46678], [-110.72319, 32.46757], [-110.72223, 32.46683], [-110.72, 32.46837], [-110.7184, 32.46573], [-110.7152, 32.46781], [-110.71361, 32.46671], [-110.71233, 32.46692], [-110.71136, 32.46506], [-110.71297, 32.46577], [-110.71425, 32.46335], [-110.71552, 32.4634], [-110.71552, 32.46088], [-110.7168, 32.46239], [-110.7184, 32.46295], [-110.72032, 32.46305], [-110.72155, 32.46235], [-110.72129, 32.46072], [-110.72187, 32.46018], [-110.72032, 32.45759], [-110.72351, 32.45771], [-110.72543, 32.45646], [-110.72928, 32.45801], [-110.72905, 32.45665], [-110.72975, 32.45583], [-110.72861, 32.45583], [-110.72798, 32.45464], [-110.72447, 32.45238], [-110.7242, 32.4504], [-110.72606, 32.44932], [-110.72703, 32.44823], [-110.72636, 32.44742], [-110.72798, 32.44729], [-110.73024, 32.44416], [-110.72095, 32.4458], [-110.72102, 32.44362], [-110.71936, 32.44047], [-110.7192, 32.44389], [-110.71777, 32.44633], [-110.7168, 32.44619], [-110.71616, 32.4469], [-110.71658, 32.44823], [-110.71297, 32.4482], [-110.71201, 32.44955], [-110.71009, 32.44979], [-110.70882, 32.45089], [-110.70914, 32.45241], [-110.70658, 32.45267], [-110.70435, 32.45392], [-110.70382, 32.45366], [-110.70404, 32.45068], [-110.70325, 32.4504], [-110.70478, 32.44878], [-110.70638, 32.44823], [-110.70314, 32.44715], [-110.70571, 32.44579], [-110.70232, 32.4447], [-110.70278, 32.44335], [-110.70179, 32.44366], [-110.70081, 32.44308], [-110.6997, 32.44172], [-110.69987, 32.43992], [-110.69824, 32.44117], [-110.6989, 32.44308], [-110.69735, 32.44335], [-110.69865, 32.44498], [-110.69648, 32.44633], [-110.69651, 32.4485], [-110.69508, 32.44955], [-110.69381, 32.44989], [-110.69275, 32.44905], [-110.69168, 32.44715], [-110.69188, 32.44525], [-110.69061, 32.44479], [-110.6887, 32.44768], [-110.68155, 32.44823], [-110.68263, 32.45407], [-110.67879, 32.45405], [-110.67752, 32.45279], [-110.67151, 32.45339], [-110.67209, 32.45197], [-110.6756, 32.45079], [-110.67752, 32.44867], [-110.67975, 32.44827], [-110.68135, 32.44562], [-110.68582, 32.44495], [-110.68693, 32.44362], [-110.68678, 32.44223], [-110.68965, 32.44357], [-110.69157, 32.4414], [-110.69354, 32.44117], [-110.69287, 32.43955], [-110.69405, 32.43873], [-110.6937, 32.43737], [-110.69584, 32.43656], [-110.69528, 32.43493], [-110.69792, 32.43412], [-110.697, 32.43187], [-110.69476, 32.43258], [-110.69285, 32.43232], [-110.69189, 32.43319], [-110.69044, 32.43276], [-110.69238, 32.43059], [-110.69221, 32.42989], [-110.68933, 32.43037], [-110.68933, 32.42945], [-110.68742, 32.42927], [-110.68582, 32.42791], [-110.68486, 32.42825], [-110.68454, 32.42776], [-110.68261, 32.42869], [-110.68153, 32.42679], [-110.68421, 32.42543], [-110.68422, 32.42474], [-110.68295, 32.4248], [-110.68135, 32.42375], [-110.67764, 32.4238], [-110.67853, 32.42272], [-110.67766, 32.42163], [-110.68068, 32.42027], [-110.67963, 32.42], [-110.67911, 32.41901], [-110.67464, 32.419], [-110.67304, 32.41837], [-110.6756, 32.41713], [-110.67624, 32.41579], [-110.67784, 32.41555], [-110.67821, 32.41457], [-110.67464, 32.41494], [-110.67378, 32.4143], [-110.67368, 32.41273], [-110.67273, 32.41312], [-110.67081, 32.41266], [-110.67017, 32.4135], [-110.66857, 32.41123], [-110.66799, 32.41131], [-110.66881, 32.41539], [-110.66785, 32.41674], [-110.66871, 32.41783], [-110.66761, 32.41753], [-110.66704, 32.41837], [-110.66804, 32.41946], [-110.66764, 32.42299], [-110.66602, 32.42345], [-110.66506, 32.42232], [-110.6625, 32.42283], [-110.66187, 32.42174], [-110.65931, 32.42206], [-110.65867, 32.42126], [-110.65755, 32.42217], [-110.65825, 32.42353], [-110.65771, 32.42443], [-110.65612, 32.4244], [-110.65425, 32.42624], [-110.65661, 32.42652], [-110.65535, 32.42787], [-110.65836, 32.42869], [-110.65803, 32.42997], [-110.65356, 32.43005], [-110.65228, 32.42939], [-110.65165, 32.42979], [-110.64781, 32.42855], [-110.64717, 32.42908], [-110.64575, 32.42706], [-110.64398, 32.42669], [-110.64366, 32.42564], [-110.64503, 32.42516], [-110.64494, 32.42416], [-110.64653, 32.42365], [-110.65005, 32.42528], [-110.65188, 32.42272], [-110.65291, 32.42272], [-110.65551, 32.42109], [-110.6542, 32.42], [-110.65548, 32.41978], [-110.65601, 32.41892], [-110.65388, 32.41724], [-110.65644, 32.41694], [-110.65931, 32.41758], [-110.66274, 32.41566], [-110.66006, 32.41159], [-110.66056, 32.4105], [-110.65962, 32.40969], [-110.66037, 32.40914], [-110.66043, 32.40724], [-110.65892, 32.40724], [-110.65771, 32.40582], [-110.65567, 32.40616], [-110.65585, 32.40371], [-110.66015, 32.40317], [-110.65717, 32.40209], [-110.65826, 32.39747], [-110.65948, 32.39611], [-110.65803, 32.39616], [-110.65676, 32.39717], [-110.6558, 32.39677], [-110.65516, 32.39763], [-110.65356, 32.39744], [-110.6526, 32.39928], [-110.65069, 32.39811], [-110.64759, 32.39828], [-110.6466, 32.39476], [-110.64589, 32.39476], [-110.64286, 32.39177], [-110.64489, 32.39041], [-110.64361, 32.3896], [-110.64158, 32.3858], [-110.64215, 32.38417], [-110.64067, 32.38037], [-110.63759, 32.37708], [-110.63485, 32.37738], [-110.63517, 32.3763], [-110.63631, 32.37591], [-110.63823, 32.3768], [-110.63951, 32.37667], [-110.64111, 32.37876], [-110.64206, 32.3784], [-110.6427, 32.37901], [-110.64334, 32.37819], [-110.64685, 32.37882], [-110.64887, 32.37765], [-110.64645, 32.37711], [-110.64605, 32.37548], [-110.64685, 32.37405], [-110.65133, 32.37438], [-110.65196, 32.37496], [-110.65364, 32.37467], [-110.65409, 32.37358], [-110.65157, 32.37222], [-110.65388, 32.36961], [-110.64749, 32.36877], [-110.64625, 32.36734], [-110.64174, 32.36558], [-110.64218, 32.36381], [-110.64558, 32.36274], [-110.64685, 32.36386], [-110.64813, 32.36374], [-110.64943, 32.36327], [-110.64982, 32.36164], [-110.65196, 32.35912], [-110.65676, 32.36021], [-110.65771, 32.35869], [-110.66155, 32.35806], [-110.66182, 32.35702], [-110.6641, 32.35633], [-110.66442, 32.35541], [-110.66602, 32.35611], [-110.66903, 32.35187], [-110.66883, 32.34942], [-110.66953, 32.348], [-110.67177, 32.34803], [-110.67528, 32.34621], [-110.67583, 32.34671], [-110.67432, 32.34913], [-110.67086, 32.35051], [-110.67049, 32.35226], [-110.67259, 32.35295], [-110.67167, 32.35594], [-110.66935, 32.35892], [-110.66639, 32.36055], [-110.66602, 32.36138], [-110.67145, 32.36012], [-110.6756, 32.35625], [-110.68166, 32.35431], [-110.6818, 32.35322], [-110.68374, 32.35241], [-110.68308, 32.34997], [-110.6808, 32.34969], [-110.68069, 32.34861], [-110.68231, 32.34752], [-110.68376, 32.34779], [-110.6839, 32.34963], [-110.68838, 32.34912], [-110.68965, 32.34765], [-110.69157, 32.34798], [-110.69191, 32.34915], [-110.68997, 32.35142], [-110.69349, 32.35027], [-110.69508, 32.35036], [-110.69685, 32.34942], [-110.69848, 32.34454], [-110.70074, 32.34481], [-110.70115, 32.34268], [-110.70397, 32.34291], [-110.70501, 32.34318], [-110.70521, 32.34426], [-110.70361, 32.34644], [-110.70041, 32.34807], [-110.70698, 32.34752], [-110.70626, 32.34822], [-110.70367, 32.34861], [-110.70419, 32.34942], [-110.70258, 32.35159], [-110.70393, 32.35241], [-110.70275, 32.35555], [-110.70754, 32.35246], [-110.71009, 32.35236], [-110.71041, 32.35392], [-110.71297, 32.35247], [-110.71584, 32.35231], [-110.72032, 32.35061], [-110.72223, 32.35025], [-110.72314, 32.35078], [-110.72223, 32.35264], [-110.71904, 32.3528], [-110.7165, 32.35485], [-110.71968, 32.35437], [-110.72255, 32.35715], [-110.72364, 32.35675], [-110.72063, 32.36025], [-110.7184, 32.36195], [-110.71584, 32.36105], [-110.71457, 32.36142], [-110.71404, 32.36245], [-110.70982, 32.36408], [-110.70754, 32.36692], [-110.71329, 32.36352], [-110.71425, 32.36405], [-110.71648, 32.3636], [-110.72063, 32.36473], [-110.72415, 32.3629], [-110.72606, 32.36456], [-110.73086, 32.36145], [-110.73341, 32.36115], [-110.73405, 32.36332], [-110.73948, 32.36088], [-110.7414, 32.36154], [-110.74175, 32.36218], [-110.74011, 32.36381], [-110.74129, 32.36462], [-110.741, 32.36625], [-110.74238, 32.36652], [-110.74076, 32.36766], [-110.73852, 32.36796], [-110.73724, 32.36975], [-110.73565, 32.3706], [-110.73724, 32.37082], [-110.74491, 32.36869], [-110.74555, 32.36913], [-110.7497, 32.36805], [-110.74619, 32.37482], [-110.75257, 32.37168], [-110.75577, 32.37181], [-110.75577, 32.3744], [-110.75257, 32.37662], [-110.75198, 32.37874], [-110.75127, 32.37874], [-110.75225, 32.37918], [-110.75481, 32.3774], [-110.75641, 32.37758], [-110.75705, 32.38044], [-110.758, 32.38043], [-110.75832, 32.38146], [-110.75969, 32.38173], [-110.75917, 32.38254], [-110.76098, 32.38471], [-110.76088, 32.38747], [-110.76375, 32.3837], [-110.76545, 32.38363], [-110.76631, 32.3819], [-110.76886, 32.38374], [-110.77014, 32.38389], [-110.77022, 32.3858], [-110.7711, 32.38657], [-110.77653, 32.38417], [-110.77714, 32.38254], [-110.77845, 32.38156], [-110.78132, 32.38152], [-110.78161, 32.38037], [-110.78228, 32.38025], [-110.78374, 32.382], [-110.78311, 32.3839], [-110.78365, 32.38444], [-110.78241, 32.39041], [-110.7813, 32.3915], [-110.78547, 32.39397], [-110.78515, 32.39192], [-110.78675, 32.3914], [-110.78707, 32.39063], [-110.78899, 32.39071], [-110.7894, 32.39258], [-110.79171, 32.39503], [-110.79161, 32.39666], [-110.79505, 32.39792], [-110.79537, 32.40012], [-110.79729, 32.40036], [-110.79921, 32.40214], [-110.80049, 32.39937], [-110.79942, 32.39774], [-110.80024, 32.39611], [-110.79877, 32.39448], [-110.79872, 32.39041], [-110.79953, 32.38866], [-110.80191, 32.38715], [-110.80297, 32.38743], [-110.80367, 32.38987], [-110.80527, 32.39101], [-110.80751, 32.38953], [-110.80911, 32.3897], [-110.80969, 32.39394], [-110.81038, 32.39448], [-110.81273, 32.39123], [-110.81486, 32.39069], [-110.81805, 32.39288], [-110.82052, 32.39367], [-110.82085, 32.39503], [-110.8238, 32.39638], [-110.82447, 32.39638], [-110.82332, 32.39367], [-110.82428, 32.39258], [-110.82385, 32.39204], [-110.82635, 32.39353], [-110.82731, 32.39307], [-110.82891, 32.39491], [-110.83038, 32.39286], [-110.82891, 32.39237], [-110.82704, 32.3896], [-110.82799, 32.3877], [-110.82476, 32.38772], [-110.82124, 32.3842], [-110.81916, 32.38335], [-110.8198, 32.38091], [-110.82087, 32.37983], [-110.81901, 32.37988], [-110.81805, 32.37869], [-110.8163, 32.37928], [-110.81677, 32.37787], [-110.81368, 32.37711], [-110.8132, 32.37413], [-110.81236, 32.37358], [-110.81228, 32.36924], [-110.81134, 32.36874], [-110.80847, 32.3698], [-110.80783, 32.36878], [-110.80719, 32.36927], [-110.80505, 32.36734], [-110.80272, 32.36682], [-110.80106, 32.36788], [-110.80105, 32.36408], [-110.79903, 32.36218], [-110.79953, 32.36114], [-110.80208, 32.3655], [-110.80304, 32.36575], [-110.80591, 32.3647], [-110.80703, 32.36137], [-110.80924, 32.35892], [-110.80831, 32.35702], [-110.80879, 32.35609], [-110.80919, 32.35757], [-110.81198, 32.35739], [-110.81326, 32.35945], [-110.8139, 32.35649], [-110.8155, 32.35481], [-110.81528, 32.35621], [-110.81663, 32.35838], [-110.8155, 32.36195], [-110.81801, 32.36218], [-110.81805, 32.36399], [-110.81901, 32.36394], [-110.81997, 32.36498], [-110.81989, 32.36734], [-110.82061, 32.36768], [-110.82188, 32.36539], [-110.82348, 32.36701], [-110.82444, 32.36521], [-110.82508, 32.36579], [-110.82626, 32.36327], [-110.82505, 32.36218], [-110.82444, 32.3579], [-110.82572, 32.35982], [-110.82667, 32.35929], [-110.82795, 32.36014], [-110.82891, 32.35969], [-110.8284, 32.36137], [-110.82937, 32.36435], [-110.82827, 32.36625], [-110.8297, 32.3668], [-110.82975, 32.36842], [-110.82713, 32.36951], [-110.82987, 32.37093], [-110.83051, 32.37022], [-110.8314, 32.3706], [-110.83242, 32.3742], [-110.83466, 32.37086], [-110.83721, 32.37266], [-110.83753, 32.37184], [-110.83875, 32.37195], [-110.83828, 32.3706], [-110.83928, 32.3706], [-110.83721, 32.36916], [-110.83509, 32.36381], [-110.83682, 32.36218], [-110.83666, 32.36055], [-110.83721, 32.36006], [-110.83849, 32.36077], [-110.839, 32.36028], [-110.83849, 32.35628], [-110.83696, 32.35268], [-110.83849, 32.35111], [-110.83977, 32.35084], [-110.842, 32.35193], [-110.84334, 32.35132], [-110.8426, 32.35485], [-110.84396, 32.35675], [-110.84552, 32.35727], [-110.84584, 32.35825], [-110.84935, 32.35759], [-110.85048, 32.36001], [-110.85027, 32.3611], [-110.85414, 32.3634], [-110.85542, 32.36654], [-110.85861, 32.36818], [-110.85925, 32.36584], [-110.86146, 32.36951], [-110.86179, 32.37195], [-110.86331, 32.37195], [-110.86436, 32.37425], [-110.86724, 32.37469], [-110.86786, 32.37413], [-110.86576, 32.36842], [-110.86653, 32.36734], [-110.86621, 32.36327], [-110.8679, 32.3611], [-110.86868, 32.35757], [-110.86788, 32.35656], [-110.86676, 32.35648], [-110.86634, 32.35295], [-110.8682, 32.3534], [-110.87299, 32.35242], [-110.87294, 32.35024], [-110.87394, 32.34932], [-110.87511, 32.35078], [-110.87366, 32.35322], [-110.87495, 32.35377], [-110.87498, 32.35702], [-110.87554, 32.35731], [-110.87618, 32.35666], [-110.87714, 32.35714], [-110.87746, 32.35488], [-110.87969, 32.35501], [-110.88065, 32.35442], [-110.88385, 32.35551], [-110.88375, 32.35729], [-110.88576, 32.35741], [-110.88683, 32.35838], [-110.8855, 32.35974], [-110.88552, 32.36272], [-110.88431, 32.36435], [-110.8848, 32.36458], [-110.88672, 32.36443], [-110.88896, 32.36527], [-110.8912, 32.3649], [-110.89502, 32.36233], [-110.89598, 32.36327], [-110.89918, 32.36195], [-110.89959, 32.36001], [-110.90045, 32.35942], [-110.90252, 32.35974], [-110.90272, 32.36055], [-110.90397, 32.36032], [-110.9078, 32.36139], [-110.90972, 32.35994], [-110.90908, 32.36196], [-110.90652, 32.36176], [-110.90493, 32.3623], [-110.90333, 32.36154], [-110.902, 32.36245], [-110.90191, 32.36408], [-110.90047, 32.36544], [-110.90176, 32.36788], [-110.90092, 32.37195], [-110.89758, 32.37024], [-110.89694, 32.36893], [-110.89471, 32.36997], [-110.89375, 32.36835], [-110.89234, 32.36924], [-110.8908, 32.37222], [-110.89247, 32.3724], [-110.89199, 32.37521], [-110.89399, 32.37603], [-110.89372, 32.3782], [-110.89282, 32.37874], [-110.89325, 32.38037], [-110.89105, 32.38227], [-110.89566, 32.38197], [-110.89758, 32.38105], [-110.89918, 32.38165], [-110.8995, 32.38243], [-110.90493, 32.3824], [-110.90791, 32.37847], [-110.91067, 32.37763], [-110.91433, 32.3782], [-110.91308, 32.37901], [-110.91376, 32.3801], [-110.91323, 32.38136], [-110.91067, 32.38139], [-110.90876, 32.38364], [-110.90588, 32.38325], [-110.90588, 32.38396], [-110.90429, 32.38451], [-110.90109, 32.38324], [-110.89886, 32.38361], [-110.8963, 32.38238], [-110.89279, 32.38305], [-110.89247, 32.38522], [-110.89023, 32.38516], [-110.88991, 32.38462], [-110.88662, 32.38661], [-110.88644, 32.38743], [-110.88735, 32.38824], [-110.88665, 32.38933], [-110.88736, 32.3902], [-110.88403, 32.39068], [-110.88288, 32.39123], [-110.88289, 32.39212], [-110.88129, 32.39245], [-110.88115, 32.3915], [-110.88351, 32.38906], [-110.88129, 32.38703], [-110.88082, 32.38851], [-110.87682, 32.39061], [-110.87171, 32.38529], [-110.87016, 32.3896], [-110.86851, 32.38817], [-110.86855, 32.3896], [-110.86788, 32.39003], [-110.86528, 32.38906], [-110.8653, 32.38797], [-110.86277, 32.38622], [-110.86181, 32.38607], [-110.86149, 32.38676], [-110.86021, 32.38627], [-110.86178, 32.38851], [-110.86021, 32.39014], [-110.86386, 32.39204], [-110.86457, 32.39421], [-110.86146, 32.39611], [-110.86181, 32.39871], [-110.85542, 32.39722], [-110.85446, 32.39825], [-110.85271, 32.3972], [-110.85191, 32.39547], [-110.85083, 32.39638], [-110.85068, 32.39856], [-110.84827, 32.39856], [-110.84983, 32.401], [-110.84839, 32.4024], [-110.84296, 32.40477], [-110.83945, 32.40217], [-110.83872, 32.40317], [-110.83913, 32.40592], [-110.83726, 32.40561], [-110.83306, 32.40299], [-110.83288, 32.40589], [-110.83146, 32.40615], [-110.82999, 32.40751], [-110.83436, 32.40779], [-110.83383, 32.40914], [-110.8353, 32.41095], [-110.83626, 32.40921], [-110.83753, 32.41066], [-110.83982, 32.41131], [-110.84073, 32.41377], [-110.84169, 32.41184], [-110.84328, 32.41264], [-110.84424, 32.41231], [-110.84584, 32.41353], [-110.84807, 32.41342], [-110.84871, 32.41168], [-110.84972, 32.41159], [-110.85039, 32.41403], [-110.85226, 32.41539], [-110.85101, 32.41647], [-110.8517, 32.4181], [-110.8513, 32.41973], [-110.8551, 32.425], [-110.8581, 32.42597], [-110.85858, 32.42787], [-110.85734, 32.42879], [-110.85282, 32.4276], [-110.85127, 32.42651], [-110.84903, 32.42689], [-110.84871, 32.42547], [-110.84747, 32.42516], [-110.84734, 32.42407], [-110.84392, 32.42167], [-110.8436, 32.42298], [-110.84216, 32.42326], [-110.84291, 32.42516], [-110.84232, 32.42573], [-110.83945, 32.42565], [-110.83689, 32.42465], [-110.83658, 32.42591], [-110.83467, 32.42652], [-110.83481, 32.42733], [-110.83651, 32.42787], [-110.83586, 32.43059], [-110.83306, 32.43085], [-110.83195, 32.43167], [-110.83153, 32.4333], [-110.83325, 32.43385], [-110.83368, 32.43656], [-110.83719, 32.4409], [-110.83446, 32.44226], [-110.83274, 32.44223], [-110.83271, 32.44308], [-110.83142, 32.44335], [-110.83164, 32.44498], [-110.83031, 32.44688], [-110.82563, 32.45068], [-110.82604, 32.45236], [-110.82731, 32.45213], [-110.82795, 32.45366], [-110.83051, 32.45546], [-110.8321, 32.45539], [-110.8342, 32.45692], [-110.82572, 32.45842], [-110.82427, 32.46181], [-110.82635, 32.46355], [-110.82827, 32.46727], [-110.83152, 32.46995], [-110.83438, 32.47429], [-110.83306, 32.47516], [-110.82795, 32.47632], [-110.82438, 32.47646], [-110.82424, 32.47864], [-110.82587, 32.48081], [-110.82479, 32.48244], [-110.82253, 32.48352], [-110.82165, 32.48624], [-110.82444, 32.48884], [-110.82509, 32.49112], [-110.82252, 32.4898], [-110.82092, 32.48993], [-110.81709, 32.48736], [-110.81645, 32.49076], [-110.81518, 32.49076], [-110.81413, 32.49194], [-110.81456, 32.49302], [-110.81279, 32.49384], [-110.8121, 32.49574], [-110.81159, 32.49845], [-110.81277, 32.50307], [-110.81101, 32.5047], [-110.81067, 32.51067], [-110.80815, 32.51264], [-110.80751, 32.51211], [-110.80721, 32.51393], [-110.80527, 32.51503], [-110.8024, 32.51526], [-110.79848, 32.51257], [-110.79745, 32.50985], [-110.79764, 32.50741], [-110.79897, 32.50578], [-110.79821, 32.50442], [-110.79398, 32.50171], [-110.79254, 32.49954], [-110.79369, 32.49628], [-110.79263, 32.49438], [-110.79484, 32.48868], [-110.79515, 32.48597], [-110.79793, 32.48465], [-110.79873, 32.48325], [-110.80048, 32.48219], [-110.80019, 32.48162], [-110.80112, 32.482], [-110.80245, 32.48054], [-110.8013, 32.47972], [-110.80161, 32.47701], [-110.80065, 32.47646], [-110.79903, 32.47212], [-110.79857, 32.4679], [-110.79652, 32.46886], [-110.79633, 32.47017], [-110.79537, 32.46913], [-110.79507, 32.47076], [-110.79318, 32.47212], [-110.79316, 32.47348], [-110.79401, 32.47375], [-110.79186, 32.47597], [-110.79149, 32.47484], [-110.78994, 32.47395], [-110.78803, 32.47502], [-110.78771, 32.47465], [-110.78707, 32.47529], [-110.78675, 32.47449], [-110.78515, 32.47539], [-110.78451, 32.474], [-110.78159, 32.47809], [-110.77972, 32.47896], [-110.77781, 32.48162], [-110.77429, 32.482], [-110.77333, 32.48129], [-110.77354, 32.48271], [-110.77302, 32.48285], [-110.77078, 32.48139], [-110.76822, 32.48107], [-110.76695, 32.48162], [-110.76854, 32.48161], [-110.77125, 32.48325], [-110.77078, 32.48401], [-110.76731, 32.48461], [-110.77046, 32.48654], [-110.7714, 32.48651], [-110.77218, 32.48977], [-110.77104, 32.49004], [-110.77142, 32.49291], [-110.7695, 32.49299], [-110.76791, 32.4912], [-110.76668, 32.49194], [-110.76742, 32.49465], [-110.77043, 32.49574], [-110.77014, 32.49961], [-110.76759, 32.49857], [-110.76631, 32.49651], [-110.76535, 32.4969], [-110.76439, 32.49567], [-110.76404, 32.49682], [-110.76216, 32.4966], [-110.76371, 32.49872], [-110.76258, 32.49954], [-110.7646, 32.50035], [-110.76465, 32.50171], [-110.76279, 32.50072], [-110.76278, 32.50361], [-110.76036, 32.50415], [-110.76263, 32.50551], [-110.76175, 32.50632], [-110.76312, 32.50741], [-110.76279, 32.50931], [-110.7643, 32.51121], [-110.76326, 32.51365], [-110.76223, 32.5142], [-110.76218, 32.51555], [-110.7634, 32.51691], [-110.76294, 32.518], [-110.76106, 32.51935], [-110.76056, 32.52177], [-110.75953, 32.52234], [-110.76127, 32.52533], [-110.75932, 32.52777], [-110.76227, 32.52913], [-110.76278, 32.53076], [-110.76433, 32.53184], [-110.76285, 32.53293], [-110.76446, 32.53456], [-110.76263, 32.53727], [-110.7637, 32.53809], [-110.76352, 32.5389], [-110.76159, 32.53999], [-110.76205, 32.5408], [-110.76343, 32.54076], [-110.76599, 32.54254], [-110.76731, 32.54243], [-110.76546, 32.5446], [-110.767, 32.5465], [-110.76854, 32.54601], [-110.76939, 32.5465], [-110.76923, 32.54976], [-110.76695, 32.54942], [-110.76719, 32.55057], [-110.76572, 32.55057], [-110.76463, 32.54976], [-110.76436, 32.5484], [-110.76343, 32.54808], [-110.76082, 32.54921], [-110.76056, 32.55161], [-110.7596, 32.55138], [-110.75864, 32.55206], [-110.75737, 32.55151], [-110.75704, 32.55329], [-110.75787, 32.55383], [-110.75668, 32.55437], [-110.75726, 32.55546], [-110.75626, 32.55627], [-110.75677, 32.55709], [-110.75555, 32.55763], [-110.75577, 32.55991]]}}, {"type": "Feature", "properties": {"elev": 1700.0, "index": false}, "geometry": {"type": "LineString", "coordinates": [[-110.74171, 32.53905], [-110.7414, 32.53836], [-110.74203, 32.53801], [-110.74171, 32.53905]]}}, {"type": "Feature", "properties": {"elev": 1700.0, "index": false}, "geometry": {"type": "LineString", "coordinates": [[-110.81358, 32.53062], [-110.81038, 32.52947], [-110.80938, 32.52831], [-110.80934, 32.52696], [-110.81079, 32.52506], [-110.80979, 32.52397], [-110.81134, 32.52218], [-110.81294, 32.52271], [-110.81413, 32.52478], [-110.81358, 32.53062]]}}, {"type": "Feature", "properties": {"elev": 1700.0, "index": false}, "geometry": {"type": "LineString", "coordinates": [[-110.72702, 32.52997], [-110.72648, 32.52994], [-110.72702, 32.52997]]}}, {"type": "Feature", "properties": {"elev": 1700.0, "index": false}, "geometry": {"type": "LineString", "coordinates": [[-110.79378, 32.51581], [-110.79238, 32.5123], [-110.79473, 32.51088], [-110.79538, 32.51148], [-110.79539, 32.51474], [-110.79378, 32.51581]]}}, {"type": "Feature", "properties": {"elev": 1700.0, "index": false}, "geometry": {"type": "LineString", "coordinates": [[-110.66155, 32.45668], [-110.66027, 32.45684], [-110.65715, 32.45529], [-110.66282, 32.45316], [-110.66442, 32.45166], [-110.6657, 32.45159], [-110.66788, 32.45285], [-110.66698, 32.45357], [-110.66506, 32.45327], [-110.66442, 32.45484], [-110.66187, 32.45488], [-110.66155, 32.45668]]}}, {"type": "Feature", "properties": {"elev": 1700.0, "index": false}, "geometry": {"type": "LineString", "coordinates": [[-110.64622, 32.43688], [-110.64425, 32.43602], [-110.64558, 32.4356], [-110.64681, 32.43656], [-110.64622, 32.43688]]}}, {"type": "Feature", "properties": {"elev": 1700.0, "index": false}, "geometry": {"type": "LineString", "coordinates": [[-110.68806, 32.43323], [-110.68676, 32.43222], [-110.68806, 32.43323]]}}, {"type": "Feature", "properties": {"elev": 1700.0, "index": false}, "geometry": {"type": "LineString", "coordinates": [[-110.68103, 32.42661], [-110.68022, 32.42652], [-110.68103, 32.42661]]}}, {"type": "Feature", "properties": {"elev": 1700.0, "index": false}, "geometry": {"type": "LineString", "coordinates": [[-110.84041, 32.41115], [-110.84004, 32.4105], [-110.84073, 32.41002], [-110.84041, 32.41115]]}}, {"type": "Feature", "properties": {"elev": 1700.0, "index": false}, "geometry": {"type": "LineString", "coordinates": [[-110.86788, 32.40381], [-110.8629, 32.4029], [-110.86394, 32.39937], [-110.86963, 32.40154], [-110.86788, 32.40381]]}}, {"type": "Feature", "properties": {"elev": 1700.0, "index": false}, "geometry": {"type": "LineString", "coordinates": [[-110.88225, 32.4008], [-110.88159, 32.40046], [-110.88218, 32.3991], [-110.87963, 32.39611], [-110.88129, 32.39327], [-110.88177, 32.3972], [-110.88289, 32.39779], [-110.88365, 32.39964], [-110.88225, 32.4008]]}}, {"type": "Feature", "properties": {"elev": 1700.0, "index": false}, "geometry": {"type": "LineString", "coordinates": [[-110.76886, 32.38285], [-110.76886, 32.38285]]}}, {"type": "Feature", "properties": {"elev": 1700.0, "index": false}, "geometry": {"type": "LineString", "coordinates": [[-110.92409, 32.3782], [-110.92185, 32.37722], [-110.92385, 32.37711], [-110.92518, 32.37793], [-110.92409, 32.3782]]}}, {"type": "Feature", "properties": {"elev": 1700.0, "index": false}, "geometry": {"type": "LineString", "coordinates": [[-110.90141, 32.3725], [-110.90141, 32.3725]]}}, {"type": "Feature", "properties": {"elev": 1700.0, "index": false}, "geometry": {"type": "LineString", "coordinates": [[-110.79953, 32.36097], [-110.79601, 32.35965], [-110.79537, 32.35725], [-110.79937, 32.36001], [-110.79953, 32.36097]]}}, {"type": "Feature", "properties": {"elev": 1700.0, "index": false}, "geometry": {"type": "LineString", "coordinates": [[-110.88896, 32.35894], [-110.88684, 32.35811], [-110.88864, 32.35802], [-110.89087, 32.35661], [-110.89087, 32.35811], [-110.88896, 32.35894]]}}, {"type": "Feature", "properties": {"elev": 1700.0, "index": false}, "geometry": {"type": "LineString", "coordinates": [[-110.74395, 32.33979], [-110.74174, 32.33938], [-110.74523, 32.33644], [-110.74842, 32.33698], [-110.75034, 32.33531], [-110.7513, 32.33525], [-110.75051, 32.33775], [-110.74778, 32.33889], [-110.74523, 32.33868], [-110.74395, 32.33979]]}}, {"type": "Feature", "properties": {"elev": 1700.0, "index": false}, "geometry": {"type": "LineString", "coordinates": [[-110.7398, 32.3397], [-110.73948, 32.33928], [-110.74104, 32.33938], [-110.7398, 32.3397]]}}, {"type": "Feature", "properties": {"elev": 1800.0, "index": false}, "geometry": {"type": "LineString", "coordinates": [[-110.6475, 32.19768], [-110.64444, 32.19931], [-110.64302, 32.20179], [-110.64133, 32.20148], [-110.64089, 32.20338], [-110.63855, 32.20534], [-110.63759, 32.20521], [-110.63745, 32.20609], [-110.63472, 32.2047], [-110.63414, 32.20609], [-110.6328, 32.20584], [-110.63216, 32.20721], [-110.63025, 32.20791], [-110.62929, 32.20702], [-110.62673, 32.20739], [-110.62577, 32.20819], [-110.6245, 32.20778], [-110.6229, 32.20994], [-110.6213, 32.20988], [-110.62098, 32.21041], [-110.61967, 32.21044], [-110.61875, 32.20834], [-110.61747, 32.20953], [-110.61587, 32.2099], [-110.61396, 32.20728], [-110.61268, 32.20874], [-110.61172, 32.2093], [-110.61076, 32.20896], [-110.61046, 32.21017], [-110.60885, 32.2106], [-110.60862, 32.21017], [-110.60977, 32.20962], [-110.60876, 32.20935], [-110.60853, 32.20831], [-110.60693, 32.20701], [-110.60469, 32.20787], [-110.60182, 32.20773], [-110.60118, 32.20859], [-110.5999, 32.20699], [-110.59902, 32.20935], [-110.59996, 32.21125], [-110.59896, 32.21288], [-110.59767, 32.21317], [-110.59703, 32.2149], [-110.59489, 32.21424], [-110.59128, 32.2174], [-110.58869, 32.21831], [-110.58777, 32.21983]]}}, {"type": "Feature", "properties": {"elev": 1800.0, "index": false}, "geometry": {"type": "LineString", "coordinates": [[-110.59846, 32.19768], [-110.59894, 32.19982], [-110.60022, 32.19884], [-110.60182, 32.19909], [-110.60406, 32.19828], [-110.60501, 32.19877], [-110.60802, 32.19768]]}}, {"type": "Feature", "properties": {"elev": 1800.0, "index": false}, "geometry": {"type": "LineString", "coordinates": [[-110.75417, 32.55554], [-110.75025, 32.55437], [-110.74906, 32.55273], [-110.74433, 32.55139], [-110.74299, 32.54934], [-110.74134, 32.54867], [-110.74071, 32.54677], [-110.7414, 32.54667], [-110.74235, 32.54786], [-110.74491, 32.54773], [-110.74651, 32.54869], [-110.74906, 32.54811], [-110.75353, 32.54953], [-110.75484, 32.54921], [-110.75517, 32.54786], [-110.75212, 32.5446], [-110.75615, 32.54487], [-110.75479, 32.5427], [-110.75345, 32.54216], [-110.75362, 32.53863], [-110.75034, 32.54019], [-110.74906, 32.53727], [-110.74746, 32.53617], [-110.74728, 32.53456], [-110.74984, 32.53428], [-110.7502, 32.53347], [-110.74906, 32.53258], [-110.75066, 32.53077], [-110.74729, 32.53048], [-110.74697, 32.52913], [-110.74764, 32.52804], [-110.74555, 32.52662], [-110.74171, 32.52931], [-110.74075, 32.52886], [-110.74055, 32.52668], [-110.7398, 32.52673], [-110.73788, 32.529], [-110.73689, 32.52696], [-110.73723, 32.52478], [-110.74076, 32.52428], [-110.74159, 32.52315], [-110.73788, 32.52279], [-110.73799, 32.52098], [-110.73565, 32.52081], [-110.73437, 32.51774], [-110.73245, 32.52154], [-110.73022, 32.52027], [-110.72926, 32.51861], [-110.7267, 32.51926], [-110.72651, 32.518], [-110.725, 32.51745], [-110.72477, 32.51664], [-110.72683, 32.51637], [-110.72636, 32.51447], [-110.7284, 32.51203], [-110.72574, 32.51238], [-110.72292, 32.51148], [-110.72319, 32.51034], [-110.72447, 32.50982], [-110.72855, 32.50958], [-110.72868, 32.50822], [-110.72734, 32.50799], [-110.72702, 32.50696], [-110.72557, 32.50687], [-110.72538, 32.50524], [-110.72647, 32.50415], [-110.72627, 32.50252], [-110.72936, 32.5009], [-110.72613, 32.49818], [-110.72957, 32.499], [-110.73054, 32.50022], [-110.73213, 32.4971], [-110.73565, 32.49682], [-110.73308, 32.49519], [-110.73491, 32.49384], [-110.73224, 32.49004], [-110.73217, 32.48868], [-110.73338, 32.48841], [-110.73304, 32.48732], [-110.73378, 32.48705], [-110.73319, 32.48488], [-110.73461, 32.48352], [-110.73022, 32.48423], [-110.72798, 32.48578], [-110.72447, 32.48688], [-110.72314, 32.48651], [-110.72319, 32.48401], [-110.72574, 32.48417], [-110.7267, 32.48143], [-110.73181, 32.48054], [-110.73203, 32.47945], [-110.73347, 32.47891], [-110.73197, 32.47755], [-110.73354, 32.47619], [-110.73176, 32.47565], [-110.73149, 32.47498], [-110.72911, 32.47484], [-110.73101, 32.47294], [-110.72946, 32.47239], [-110.73132, 32.47104], [-110.73181, 32.46966], [-110.7337, 32.46886], [-110.73348, 32.46696], [-110.73229, 32.46642], [-110.73232, 32.46506], [-110.73149, 32.46443], [-110.72734, 32.46534], [-110.72606, 32.46465], [-110.72095, 32.46593], [-110.72083, 32.46533], [-110.72483, 32.46343], [-110.72434, 32.45991], [-110.7267, 32.45881], [-110.72926, 32.4599], [-110.73046, 32.46181], [-110.73277, 32.46295], [-110.73405, 32.46324], [-110.73545, 32.46262], [-110.73092, 32.45773], [-110.73248, 32.45448], [-110.72958, 32.45437], [-110.7259, 32.45149], [-110.72955, 32.44878], [-110.72987, 32.44715], [-110.73245, 32.44498], [-110.73341, 32.44422], [-110.73504, 32.44416], [-110.73447, 32.44199], [-110.7356, 32.44036], [-110.7299, 32.4424], [-110.72926, 32.44116], [-110.72798, 32.44264], [-110.72661, 32.44253], [-110.72574, 32.44399], [-110.72319, 32.44409], [-110.72222, 32.44172], [-110.7229, 32.43982], [-110.72122, 32.439], [-110.72225, 32.43765], [-110.72143, 32.4371], [-110.72159, 32.43533], [-110.72127, 32.43575], [-110.71968, 32.43538], [-110.72041, 32.43656], [-110.7184, 32.43662], [-110.71776, 32.43894], [-110.71585, 32.439], [-110.71673, 32.44063], [-110.71612, 32.4409], [-110.71623, 32.44226], [-110.7173, 32.44308], [-110.70882, 32.44565], [-110.70921, 32.44389], [-110.71029, 32.44335], [-110.71009, 32.44125], [-110.70786, 32.44227], [-110.7069, 32.44209], [-110.70679, 32.44362], [-110.7053, 32.44375], [-110.70435, 32.44081], [-110.70239, 32.4409], [-110.70371, 32.44039], [-110.70446, 32.439], [-110.70307, 32.43873], [-110.70243, 32.43729], [-110.69828, 32.43687], [-110.69731, 32.43765], [-110.69757, 32.43819], [-110.69664, 32.43846], [-110.69762, 32.43575], [-110.70051, 32.43605], [-110.70148, 32.43493], [-110.69954, 32.43222], [-110.70051, 32.4318], [-110.7002, 32.43086], [-110.70137, 32.42869], [-110.6986, 32.42923], [-110.6962, 32.42869], [-110.69636, 32.42699], [-110.69508, 32.42773], [-110.69061, 32.42629], [-110.68965, 32.42705], [-110.68901, 32.42622], [-110.68616, 32.42597], [-110.68707, 32.42489], [-110.68678, 32.42423], [-110.68775, 32.4238], [-110.68741, 32.42244], [-110.6887, 32.42163], [-110.68518, 32.42191], [-110.6839, 32.42283], [-110.68174, 32.4219], [-110.68369, 32.41973], [-110.68135, 32.41793], [-110.68123, 32.41674], [-110.67969, 32.41647], [-110.68167, 32.41417], [-110.68409, 32.41403], [-110.68347, 32.41267], [-110.68439, 32.41131], [-110.68167, 32.41145], [-110.68199, 32.40936], [-110.67943, 32.41182], [-110.67815, 32.41153], [-110.6756, 32.41271], [-110.67624, 32.40968], [-110.674, 32.40957], [-110.67145, 32.41105], [-110.6695, 32.40941], [-110.67262, 32.40507], [-110.66921, 32.40634], [-110.66793, 32.4079], [-110.66666, 32.40794], [-110.66538, 32.40709], [-110.66545, 32.4086], [-110.66441, 32.40887], [-110.66513, 32.40996], [-110.66491, 32.4124], [-110.66618, 32.41484], [-110.66602, 32.41552], [-110.66474, 32.41476], [-110.6622, 32.41159], [-110.66315, 32.40996], [-110.66174, 32.40833], [-110.66203, 32.40643], [-110.66021, 32.40616], [-110.66219, 32.40479], [-110.66314, 32.40288], [-110.66515, 32.40181], [-110.66282, 32.40089], [-110.66187, 32.3996], [-110.65999, 32.40181], [-110.65959, 32.40154], [-110.6602, 32.3972], [-110.66334, 32.39557], [-110.66195, 32.39503], [-110.66263, 32.39367], [-110.66123, 32.3936], [-110.65676, 32.39548], [-110.65516, 32.39504], [-110.65452, 32.39601], [-110.6526, 32.3957], [-110.65165, 32.39707], [-110.64941, 32.39652], [-110.64781, 32.39368], [-110.64534, 32.39204], [-110.64726, 32.39096], [-110.64375, 32.38661], [-110.64413, 32.38471], [-110.64297, 32.382], [-110.64526, 32.38204], [-110.64622, 32.38079], [-110.64749, 32.38126], [-110.64845, 32.38024], [-110.65052, 32.38037], [-110.65165, 32.37896], [-110.65302, 32.37901], [-110.65227, 32.3782], [-110.65356, 32.37684], [-110.65548, 32.37767], [-110.65646, 32.37711], [-110.65528, 32.37575], [-110.65619, 32.37385], [-110.65425, 32.37195], [-110.65574, 32.37087], [-110.65584, 32.3687], [-110.65356, 32.36772], [-110.64911, 32.36761], [-110.64952, 32.36707], [-110.64877, 32.36542], [-110.65165, 32.36413], [-110.65165, 32.36261], [-110.65292, 32.36235], [-110.65356, 32.36141], [-110.65771, 32.3615], [-110.66027, 32.35968], [-110.66123, 32.35968], [-110.66155, 32.36092], [-110.6641, 32.35818], [-110.66723, 32.35865], [-110.66261, 32.36164], [-110.66163, 32.36435], [-110.66921, 32.36205], [-110.66914, 32.36462], [-110.67049, 32.36343], [-110.67081, 32.365], [-110.67336, 32.36471], [-110.67345, 32.36354], [-110.6747, 32.36272], [-110.67403, 32.36218], [-110.67468, 32.3611], [-110.67336, 32.36049], [-110.6738, 32.35947], [-110.67784, 32.35704], [-110.67943, 32.35783], [-110.68103, 32.35635], [-110.68327, 32.35558], [-110.68207, 32.35838], [-110.68375, 32.35919], [-110.68358, 32.36114], [-110.68733, 32.35974], [-110.68709, 32.36218], [-110.68568, 32.36381], [-110.68457, 32.36408], [-110.68678, 32.3646], [-110.68742, 32.36386], [-110.6886, 32.36381], [-110.68826, 32.36327], [-110.68954, 32.36218], [-110.68901, 32.36104], [-110.6914, 32.36001], [-110.6911, 32.35919], [-110.6945, 32.35512], [-110.69253, 32.35484], [-110.69125, 32.35346], [-110.68911, 32.35349], [-110.69796, 32.3506], [-110.69828, 32.34911], [-110.69924, 32.35023], [-110.70117, 32.34969], [-110.70151, 32.35024], [-110.69874, 32.35268], [-110.70163, 32.35377], [-110.70151, 32.35485], [-110.69917, 32.35702], [-110.6999, 32.35757], [-110.69984, 32.35974], [-110.70366, 32.35865], [-110.70241, 32.35702], [-110.70498, 32.35599], [-110.70444, 32.35757], [-110.70777, 32.35919], [-110.70722, 32.35972], [-110.70658, 32.35908], [-110.7053, 32.35934], [-110.70275, 32.36134], [-110.70147, 32.36093], [-110.70115, 32.36293], [-110.69828, 32.36277], [-110.69641, 32.36408], [-110.69796, 32.36336], [-110.70307, 32.36355], [-110.70259, 32.363], [-110.70339, 32.36241], [-110.70403, 32.36354], [-110.7053, 32.36207], [-110.70658, 32.36275], [-110.7106, 32.36191], [-110.70051, 32.3702], [-110.69732, 32.37148], [-110.69117, 32.37195], [-110.68806, 32.37674], [-110.68933, 32.37574], [-110.69125, 32.37562], [-110.69256, 32.37385], [-110.6954, 32.3742], [-110.69636, 32.37266], [-110.69728, 32.37358], [-110.69828, 32.37325], [-110.69955, 32.37169], [-110.70371, 32.37], [-110.70403, 32.37069], [-110.71323, 32.36544], [-110.71584, 32.36494], [-110.72063, 32.36565], [-110.72438, 32.36435], [-110.72554, 32.3668], [-110.72351, 32.36878], [-110.72732, 32.3668], [-110.72958, 32.36319], [-110.73245, 32.36259], [-110.73213, 32.36433], [-110.73001, 32.36625], [-110.73108, 32.36707], [-110.73022, 32.36969], [-110.73149, 32.36966], [-110.73373, 32.36702], [-110.73692, 32.36536], [-110.73675, 32.36354], [-110.73852, 32.36286], [-110.73843, 32.36462], [-110.73926, 32.36544], [-110.73887, 32.3668], [-110.73756, 32.36692], [-110.73597, 32.3691], [-110.73108, 32.3725], [-110.7288, 32.37494], [-110.73532, 32.37168], [-110.73724, 32.37205], [-110.74395, 32.37001], [-110.74523, 32.3704], [-110.74683, 32.36989], [-110.74501, 32.3744], [-110.743, 32.37684], [-110.74459, 32.3774], [-110.75002, 32.37409], [-110.7506, 32.37413], [-110.75011, 32.37494], [-110.75066, 32.37501], [-110.75297, 32.37385], [-110.74892, 32.3801], [-110.74874, 32.38433], [-110.74906, 32.3847], [-110.75066, 32.38254], [-110.75148, 32.38037], [-110.75513, 32.3792], [-110.75609, 32.38184], [-110.75743, 32.38227], [-110.75684, 32.38498], [-110.758, 32.38467], [-110.75895, 32.3858], [-110.75829, 32.38661], [-110.75967, 32.38878], [-110.75928, 32.39079], [-110.76369, 32.38634], [-110.76471, 32.38603], [-110.76535, 32.38677], [-110.76727, 32.38554], [-110.76857, 32.38553], [-110.77238, 32.38936], [-110.77461, 32.38672], [-110.77772, 32.38553], [-110.78004, 32.38287], [-110.78197, 32.38281], [-110.78199, 32.38715], [-110.78097, 32.3877], [-110.78113, 32.38987], [-110.77969, 32.3915], [-110.78004, 32.39267], [-110.7826, 32.39351], [-110.78421, 32.39503], [-110.78324, 32.3955], [-110.78228, 32.39766], [-110.78387, 32.39638], [-110.78579, 32.39744], [-110.78712, 32.39394], [-110.78618, 32.39204], [-110.78867, 32.39254], [-110.79024, 32.39557], [-110.79026, 32.39764], [-110.79359, 32.39883], [-110.79436, 32.40127], [-110.79729, 32.40142], [-110.79857, 32.40301], [-110.79984, 32.4031], [-110.80144, 32.40431], [-110.80157, 32.40317], [-110.80008, 32.40181], [-110.80119, 32.40181], [-110.80225, 32.3991], [-110.80099, 32.39801], [-110.80244, 32.39584], [-110.80102, 32.39476], [-110.80051, 32.39096], [-110.80112, 32.38969], [-110.80559, 32.39347], [-110.80783, 32.39134], [-110.80847, 32.39525], [-110.81134, 32.39582], [-110.81262, 32.39332], [-110.81518, 32.39167], [-110.82254, 32.39856], [-110.82316, 32.39901], [-110.82412, 32.39859], [-110.8254, 32.39999], [-110.82699, 32.39964], [-110.82589, 32.39503], [-110.83019, 32.39835], [-110.8312, 32.39747], [-110.83163, 32.39394], [-110.83324, 32.39177], [-110.83274, 32.39031], [-110.83146, 32.39125], [-110.83019, 32.39123], [-110.82915, 32.38824], [-110.82955, 32.38709], [-110.82859, 32.38643], [-110.8254, 32.3861], [-110.82403, 32.38471], [-110.8254, 32.38449], [-110.82564, 32.38363], [-110.82412, 32.38245], [-110.8217, 32.38227], [-110.82188, 32.38162], [-110.8236, 32.38118], [-110.8235, 32.37983], [-110.82467, 32.37901], [-110.82391, 32.3782], [-110.82459, 32.37684], [-110.82061, 32.37585], [-110.81869, 32.3779], [-110.81773, 32.37676], [-110.8155, 32.37645], [-110.8134, 32.36815], [-110.81102, 32.36774], [-110.80911, 32.36834], [-110.80524, 32.36625], [-110.80701, 32.36571], [-110.80816, 32.36218], [-110.8107, 32.35955], [-110.81326, 32.3612], [-110.81454, 32.36004], [-110.81487, 32.3611], [-110.81376, 32.36354], [-110.81645, 32.36363], [-110.81659, 32.3649], [-110.81882, 32.3668], [-110.81837, 32.36778], [-110.82029, 32.36941], [-110.82188, 32.36813], [-110.82412, 32.36863], [-110.82508, 32.3674], [-110.8257, 32.36815], [-110.8248, 32.37195], [-110.82604, 32.37241], [-110.82763, 32.37123], [-110.83038, 32.37195], [-110.8304, 32.37521], [-110.83242, 32.37559], [-110.8337, 32.37725], [-110.83476, 32.37521], [-110.83427, 32.37385], [-110.83562, 32.37308], [-110.83689, 32.37506], [-110.83817, 32.37396], [-110.84066, 32.37358], [-110.84137, 32.37247], [-110.84296, 32.37231], [-110.84471, 32.37358], [-110.8446, 32.3725], [-110.84311, 32.37141], [-110.84239, 32.36978], [-110.84169, 32.36993], [-110.84041, 32.36889], [-110.84009, 32.36977], [-110.83831, 32.36788], [-110.83838, 32.36598], [-110.83956, 32.36517], [-110.83977, 32.36236], [-110.84131, 32.36272], [-110.84, 32.35865], [-110.84056, 32.35729], [-110.83874, 32.35377], [-110.84073, 32.35302], [-110.84296, 32.35823], [-110.84424, 32.35849], [-110.8452, 32.35973], [-110.84648, 32.35918], [-110.84847, 32.36001], [-110.84799, 32.36218], [-110.84931, 32.36245], [-110.84999, 32.36471], [-110.85286, 32.36433], [-110.85413, 32.36734], [-110.85989, 32.36971], [-110.86013, 32.37277], [-110.8622, 32.37358], [-110.86304, 32.37603], [-110.86628, 32.37536], [-110.86564, 32.37871], [-110.86692, 32.37972], [-110.8682, 32.37928], [-110.87011, 32.38008], [-110.87077, 32.3782], [-110.86979, 32.37754], [-110.86978, 32.37575], [-110.86891, 32.37521], [-110.86939, 32.37385], [-110.86685, 32.36951], [-110.86737, 32.3687], [-110.86692, 32.36754], [-110.87071, 32.36517], [-110.86947, 32.36405], [-110.86771, 32.36381], [-110.87023, 32.35757], [-110.8694, 32.35539], [-110.87107, 32.35525], [-110.87337, 32.35648], [-110.87288, 32.35784], [-110.87347, 32.35919], [-110.87458, 32.35871], [-110.87554, 32.35952], [-110.8765, 32.35851], [-110.87746, 32.35994], [-110.87905, 32.35689], [-110.88097, 32.35657], [-110.88205, 32.35675], [-110.88193, 32.35901], [-110.88472, 32.35865], [-110.88364, 32.36082], [-110.88357, 32.363], [-110.88157, 32.36517], [-110.88417, 32.36636], [-110.88672, 32.36586], [-110.888, 32.36659], [-110.89247, 32.36644], [-110.8931, 32.36435], [-110.89442, 32.36354], [-110.89662, 32.36415], [-110.90205, 32.36135], [-110.89922, 32.36625], [-110.90052, 32.36815], [-110.89982, 32.37042], [-110.89795, 32.36951], [-110.8979, 32.368], [-110.89534, 32.36862], [-110.89439, 32.3669], [-110.89107, 32.3687], [-110.89109, 32.37005], [-110.89023, 32.37049], [-110.88903, 32.37331], [-110.89083, 32.37385], [-110.89034, 32.37575], [-110.8924, 32.3763], [-110.89108, 32.3782], [-110.89167, 32.37955], [-110.88828, 32.38254], [-110.88941, 32.38335], [-110.88904, 32.38417], [-110.88704, 32.38584], [-110.88522, 32.38607], [-110.8848, 32.38741], [-110.88289, 32.38688], [-110.88254, 32.38525], [-110.88321, 32.38416], [-110.88097, 32.38434], [-110.88001, 32.38325], [-110.87935, 32.38743], [-110.87746, 32.389], [-110.87476, 32.38688], [-110.87564, 32.3858], [-110.87394, 32.38478], [-110.87363, 32.38368], [-110.87107, 32.38261], [-110.86966, 32.38417], [-110.86992, 32.38688], [-110.86788, 32.38566], [-110.8666, 32.38735], [-110.86213, 32.38363], [-110.86085, 32.38447], [-110.85766, 32.38276], [-110.85755, 32.38444], [-110.85577, 32.38498], [-110.85958, 32.38851], [-110.85838, 32.38987], [-110.86258, 32.39286], [-110.86181, 32.39469], [-110.85989, 32.39439], [-110.85893, 32.39592], [-110.85574, 32.39489], [-110.85414, 32.39566], [-110.85311, 32.39394], [-110.85063, 32.39203], [-110.84935, 32.3969], [-110.84807, 32.39727], [-110.84545, 32.39638], [-110.84613, 32.39828], [-110.84594, 32.40154], [-110.8436, 32.40308], [-110.84152, 32.40263], [-110.83785, 32.39974], [-110.8379, 32.40236], [-110.83721, 32.40352], [-110.83434, 32.40172], [-110.8337, 32.40061], [-110.83115, 32.39964], [-110.83116, 32.4029], [-110.82964, 32.40344], [-110.83045, 32.40453], [-110.82987, 32.40633], [-110.82763, 32.40794], [-110.82635, 32.40806], [-110.82667, 32.41098], [-110.8321, 32.40909], [-110.83242, 32.41044], [-110.83373, 32.41159], [-110.83286, 32.4124], [-110.83292, 32.4143], [-110.83402, 32.41478], [-110.83466, 32.41334], [-110.83785, 32.41206], [-110.83926, 32.41484], [-110.84137, 32.41581], [-110.8422, 32.41539], [-110.842, 32.41397], [-110.84328, 32.41345], [-110.84424, 32.41454], [-110.84862, 32.41457], [-110.84927, 32.41539], [-110.8474, 32.41837], [-110.84917, 32.42027], [-110.84894, 32.4219], [-110.84962, 32.42272], [-110.85122, 32.42299], [-110.85187, 32.42434], [-110.85469, 32.42652], [-110.84839, 32.42439], [-110.84807, 32.42301], [-110.84648, 32.42307], [-110.84584, 32.42117], [-110.8436, 32.42], [-110.84258, 32.42027], [-110.84256, 32.42163], [-110.84041, 32.42182], [-110.83945, 32.42414], [-110.83849, 32.42436], [-110.83785, 32.42345], [-110.83594, 32.42279], [-110.83506, 32.42326], [-110.83544, 32.42434], [-110.83469, 32.4257], [-110.83338, 32.42498], [-110.83159, 32.42679], [-110.83411, 32.4295], [-110.83019, 32.4311], [-110.83016, 32.43276], [-110.8291, 32.43357], [-110.8317, 32.43493], [-110.83458, 32.44063], [-110.8321, 32.441], [-110.83119, 32.44226], [-110.83001, 32.44253], [-110.8295, 32.44308], [-110.83012, 32.4447], [-110.8293, 32.44579], [-110.82572, 32.44908], [-110.82337, 32.44986], [-110.82447, 32.45203], [-110.82348, 32.45312], [-110.82572, 32.45391], [-110.82831, 32.45638], [-110.8238, 32.45743], [-110.82282, 32.45828], [-110.82179, 32.46153], [-110.8222, 32.46294], [-110.82508, 32.46407], [-110.82586, 32.46669], [-110.82876, 32.46941], [-110.83104, 32.47348], [-110.82795, 32.47522], [-110.82604, 32.47475], [-110.82316, 32.47545], [-110.82211, 32.47674], [-110.82285, 32.47809], [-110.82253, 32.47918], [-110.8245, 32.48081], [-110.82091, 32.48298], [-110.8201, 32.48651], [-110.82124, 32.48804], [-110.81645, 32.48553], [-110.81506, 32.48922], [-110.81392, 32.48977], [-110.8139, 32.49061], [-110.81238, 32.49058], [-110.8125, 32.49221], [-110.81102, 32.49237], [-110.80995, 32.49628], [-110.8108, 32.50198], [-110.80975, 32.50253], [-110.80905, 32.5047], [-110.80944, 32.5104], [-110.80783, 32.51099], [-110.804, 32.50919], [-110.80497, 32.51175], [-110.80368, 32.51299], [-110.80149, 32.51284], [-110.79948, 32.50985], [-110.79957, 32.50877], [-110.80068, 32.50795], [-110.80085, 32.50551], [-110.79825, 32.50181], [-110.79665, 32.50124], [-110.79603, 32.49927], [-110.79475, 32.49818], [-110.79505, 32.49728], [-110.79651, 32.49737], [-110.79633, 32.49615], [-110.79465, 32.49492], [-110.79725, 32.49465], [-110.79782, 32.49194], [-110.79857, 32.49197], [-110.79944, 32.49085], [-110.79807, 32.48814], [-110.79811, 32.48651], [-110.80316, 32.48488], [-110.80304, 32.48372], [-110.8053, 32.48162], [-110.80663, 32.47891], [-110.80464, 32.47766], [-110.80389, 32.47565], [-110.80282, 32.47538], [-110.80244, 32.47321], [-110.80119, 32.47185], [-110.80257, 32.46642], [-110.80426, 32.46425], [-110.8029, 32.46099], [-110.80176, 32.4626], [-110.7985, 32.46316], [-110.79509, 32.46615], [-110.79378, 32.46618], [-110.78867, 32.47055], [-110.78739, 32.47069], [-110.78611, 32.46888], [-110.78483, 32.471], [-110.78257, 32.47131], [-110.78232, 32.47348], [-110.78013, 32.47484], [-110.77653, 32.48026], [-110.77429, 32.48021], [-110.77014, 32.47711], [-110.76954, 32.47809], [-110.77078, 32.48015], [-110.76918, 32.47932], [-110.76759, 32.47937], [-110.76788, 32.47864], [-110.76567, 32.4775], [-110.76471, 32.47866], [-110.76184, 32.47633], [-110.76088, 32.47348], [-110.75952, 32.47592], [-110.7603, 32.47674], [-110.75878, 32.47809], [-110.76056, 32.47824], [-110.76023, 32.48135], [-110.7612, 32.48244], [-110.76365, 32.48298], [-110.76089, 32.48407], [-110.76361, 32.48515], [-110.76535, 32.48841], [-110.76791, 32.48745], [-110.77022, 32.48841], [-110.76854, 32.48955], [-110.76695, 32.48901], [-110.76512, 32.49112], [-110.76344, 32.49112], [-110.76567, 32.49413], [-110.76407, 32.4937], [-110.76184, 32.49431], [-110.75859, 32.49194], [-110.75905, 32.49438], [-110.75845, 32.49519], [-110.75935, 32.49628], [-110.75851, 32.49737], [-110.75957, 32.49764], [-110.76092, 32.50198], [-110.75553, 32.50361], [-110.76091, 32.50741], [-110.76121, 32.50931], [-110.76254, 32.51067], [-110.76192, 32.51257], [-110.75936, 32.51474], [-110.76077, 32.51745], [-110.75928, 32.51934], [-110.75677, 32.52017], [-110.75836, 32.52098], [-110.75674, 32.5218], [-110.75789, 32.52641], [-110.75725, 32.52723], [-110.75748, 32.52886], [-110.75945, 32.52967], [-110.76204, 32.53428], [-110.7618, 32.53591], [-110.76065, 32.53727], [-110.76098, 32.53836], [-110.75918, 32.53917], [-110.76029, 32.54161], [-110.76237, 32.54297], [-110.76355, 32.54569], [-110.76088, 32.54694], [-110.75928, 32.5484], [-110.75864, 32.55009], [-110.75641, 32.54899], [-110.75481, 32.54988], [-110.75419, 32.55111], [-110.75484, 32.55519], [-110.75417, 32.55554]]}}, {"type": "Feature", "properties": {"elev": 1800.0, "index": false}, "geometry": {"type": "LineString", "coordinates": [[-110.81166, 32.52834], [-110.811, 32.52777], [-110.81198, 32.52623], [-110.81166, 32.52834]]}}, {"type": "Feature", "properties": {"elev": 1800.0, "index": false}, "geometry": {"type": "LineString", "coordinates": [[-110.71904, 32.50341], [-110.71824, 32.5028], [-110.72, 32.50212], [-110.72043, 32.50252], [-110.71904, 32.50341]]}}, {"type": "Feature", "properties": {"elev": 1800.0, "index": false}, "geometry": {"type": "LineString", "coordinates": [[-110.68071, 32.45205], [-110.67751, 32.45095], [-110.67975, 32.44959], [-110.68071, 32.45205]]}}, {"type": "Feature", "properties": {"elev": 1800.0, "index": false}, "geometry": {"type": "LineString", "coordinates": [[-110.70594, 32.45102], [-110.70719, 32.4504], [-110.70594, 32.45102]]}}, {"type": "Feature", "properties": {"elev": 1800.0, "index": false}, "geometry": {"type": "LineString", "coordinates": [[-110.69444, 32.44789], [-110.6938, 32.44742], [-110.69366, 32.44389], [-110.69247, 32.44308], [-110.69508, 32.44166], [-110.69498, 32.44036], [-110.69604, 32.43875], [-110.6966, 32.44009], [-110.69515, 32.4428], [-110.69572, 32.4447], [-110.69444, 32.44789]]}}, {"type": "Feature", "properties": {"elev": 1800.0, "index": false}, "geometry": {"type": "LineString", "coordinates": [[-110.68838, 32.44474], [-110.68838, 32.44474]]}}, {"type": "Feature", "properties": {"elev": 1800.0, "index": false}, "geometry": {"type": "LineString", "coordinates": [[-110.69508, 32.43063], [-110.69387, 32.43059], [-110.69508, 32.4299], [-110.69508, 32.43063]]}}, {"type": "Feature", "properties": {"elev": 1800.0, "index": false}, "geometry": {"type": "LineString", "coordinates": [[-110.6954, 32.42988], [-110.6954, 32.4294], [-110.6954, 32.42988]]}}, {"type": "Feature", "properties": {"elev": 1800.0, "index": false}, "geometry": {"type": "LineString", "coordinates": [[-110.6526, 32.4282], [-110.64692, 32.42624], [-110.65037, 32.42649], [-110.65228, 32.42459], [-110.65484, 32.42351], [-110.65249, 32.42543], [-110.6519, 32.42679], [-110.6526, 32.4282]]}}, {"type": "Feature", "properties": {"elev": 1800.0, "index": false}, "geometry": {"type": "LineString", "coordinates": [[-110.8567, 32.42745], [-110.85587, 32.42706], [-110.8567, 32.42696], [-110.8567, 32.42745]]}}, {"type": "Feature", "properties": {"elev": 1800.0, "index": false}, "geometry": {"type": "LineString", "coordinates": [[-110.6657, 32.42083], [-110.66442, 32.42081], [-110.66219, 32.41938], [-110.65676, 32.41973], [-110.65739, 32.41887], [-110.65995, 32.41897], [-110.66474, 32.41749], [-110.66471, 32.41919], [-110.66591, 32.42027], [-110.6657, 32.42083]]}}, {"type": "Feature", "properties": {"elev": 1800.0, "index": false}, "geometry": {"type": "LineString", "coordinates": [[-110.88672, 32.39019], [-110.88471, 32.3896], [-110.88512, 32.38867], [-110.88608, 32.38886], [-110.88557, 32.38933], [-110.88672, 32.39019]]}}, {"type": "Feature", "properties": {"elev": 1800.0, "index": false}, "geometry": {"type": "LineString", "coordinates": [[-110.88417, 32.39024], [-110.88448, 32.38969], [-110.88417, 32.39024]]}}, {"type": "Feature", "properties": {"elev": 1800.0, "index": false}, "geometry": {"type": "LineString", "coordinates": [[-110.89119, 32.38453], [-110.88998, 32.38363], [-110.89151, 32.38318], [-110.89221, 32.3839], [-110.89119, 32.38453]]}}, {"type": "Feature", "properties": {"elev": 1800.0, "index": false}, "geometry": {"type": "LineString", "coordinates": [[-110.90525, 32.38363], [-110.90396, 32.38335], [-110.90525, 32.38363]]}}, {"type": "Feature", "properties": {"elev": 1800.0, "index": false}, "geometry": {"type": "LineString", "coordinates": [[-110.90876, 32.38297], [-110.90634, 32.38254], [-110.90812, 32.3794], [-110.91311, 32.38037], [-110.91291, 32.38096], [-110.9094, 32.38123], [-110.90876, 32.38297]]}}, {"type": "Feature", "properties": {"elev": 1800.0, "index": false}, "geometry": {"type": "LineString", "coordinates": [[-110.89822, 32.38237], [-110.89822, 32.38237]]}}, {"type": "Feature", "properties": {"elev": 1800.0, "index": false}, "geometry": {"type": "LineString", "coordinates": [[-110.70403, 32.37003], [-110.70403, 32.36938], [-110.70403, 32.37003]]}}, {"type": "Feature", "properties": {"elev": 1800.0, "index": false}, "geometry": {"type": "LineString", "coordinates": [[-110.82699, 32.366], [-110.82763, 32.36235], [-110.82842, 32.36327], [-110.82699, 32.366]]}}, {"type": "Feature", "properties": {"elev": 1800.0, "index": false}, "geometry": {"type": "LineString", "coordinates": [[-110.82731, 32.3623], [-110.827, 32.36164], [-110.82731, 32.3623]]}}, {"type": "Feature", "properties": {"elev": 1800.0, "index": false}, "geometry": {"type": "LineString", "coordinates": [[-110.7069, 32.36172], [-110.7069, 32.36172]]}}, {"type": "Feature", "properties": {"elev": 1800.0, "index": false}, "geometry": {"type": "LineString", "coordinates": [[-110.7184, 32.36083], [-110.71712, 32.35984], [-110.71405, 32.36028], [-110.7156, 32.35811], [-110.71543, 32.35729], [-110.71808, 32.35559], [-110.71863, 32.35675], [-110.71796, 32.35784], [-110.71957, 32.35947], [-110.7184, 32.36083]]}}, {"type": "Feature", "properties": {"elev": 1800.0, "index": false}, "geometry": {"type": "LineString", "coordinates": [[-110.71233, 32.36061], [-110.71169, 32.3608], [-110.71086, 32.35974], [-110.71268, 32.36028], [-110.71233, 32.36061]]}}, {"type": "Feature", "properties": {"elev": 1800.0, "index": false}, "geometry": {"type": "LineString", "coordinates": [[-110.81486, 32.35878], [-110.81486, 32.35836], [-110.81486, 32.35878]]}}, {"type": "Feature", "properties": {"elev": 1800.0, "index": false}, "geometry": {"type": "LineString", "coordinates": [[-110.71393, 32.35519], [-110.71425, 32.35454], [-110.71393, 32.35519]]}}, {"type": "Feature", "properties": {"elev": 1800.0, "index": false}, "geometry": {"type": "LineString", "coordinates": [[-110.68614, 32.35238], [-110.68422, 32.3511], [-110.68614, 32.35021], [-110.6883, 32.35051], [-110.68614, 32.35238]]}}, {"type": "Feature", "properties": {"elev": 1900.0, "index": false}, "geometry": {"type": "LineString", "coordinates": [[-110.64414, 32.19768], [-110.64238, 32.19894], [-110.64111, 32.19856], [-110.64019, 32.19958], [-110.63919, 32.19949], [-110.63855, 32.20206], [-110.63727, 32.20186], [-110.63536, 32.2031], [-110.63344, 32.20239], [-110.63298, 32.20419], [-110.63025, 32.2035], [-110.62801, 32.20419], [-110.62641, 32.2055], [-110.62545, 32.20515], [-110.62386, 32.20588], [-110.62194, 32.20741], [-110.6215, 32.20609], [-110.61906, 32.20419], [-110.61651, 32.2049], [-110.61651, 32.20428], [-110.61523, 32.20445], [-110.61428, 32.20249], [-110.61204, 32.20161], [-110.6114, 32.2025], [-110.60533, 32.2046], [-110.60501, 32.20378], [-110.60214, 32.20397], [-110.60103, 32.20338], [-110.60257, 32.20284], [-110.60191, 32.20229], [-110.60238, 32.20148], [-110.60597, 32.20129], [-110.61012, 32.19873], [-110.61332, 32.19884], [-110.617, 32.19768]]}}, {"type": "Feature", "properties": {"elev": 1900.0, "index": false}, "geometry": {"type": "LineString", "coordinates": [[-110.58989, 32.19768], [-110.59288, 32.19864], [-110.59607, 32.1979], [-110.59597, 32.19958], [-110.59712, 32.20039], [-110.59674, 32.20175], [-110.59829, 32.20392], [-110.5976, 32.20528], [-110.59535, 32.20582], [-110.59559, 32.20664], [-110.59418, 32.20718], [-110.59325, 32.21071], [-110.59229, 32.21098], [-110.59128, 32.21346], [-110.58936, 32.21345], [-110.58904, 32.21637], [-110.58777, 32.21666]]}}, {"type": "Feature", "properties": {"elev": 1900.0, "index": false}, "geometry": {"type": "LineString", "coordinates": [[-110.75289, 32.55394], [-110.74683, 32.55016], [-110.7481, 32.54941], [-110.75219, 32.55084], [-110.75289, 32.55394]]}}, {"type": "Feature", "properties": {"elev": 1900.0, "index": false}, "geometry": {"type": "LineString", "coordinates": [[-110.7596, 32.54532], [-110.75701, 32.54107], [-110.75737, 32.54026], [-110.75992, 32.5446], [-110.7596, 32.54532]]}}, {"type": "Feature", "properties": {"elev": 1900.0, "index": false}, "geometry": {"type": "LineString", "coordinates": [[-110.75737, 32.53891], [-110.75633, 32.537], [-110.75526, 32.53646], [-110.75513, 32.53523], [-110.75311, 32.53537], [-110.7525, 32.53347], [-110.75361, 32.53293], [-110.75348, 32.53048], [-110.75289, 32.52924], [-110.75053, 32.52886], [-110.75002, 32.5263], [-110.74874, 32.52627], [-110.74791, 32.52506], [-110.74619, 32.52445], [-110.74267, 32.52637], [-110.74232, 32.52533], [-110.74363, 32.52322], [-110.74619, 32.52354], [-110.74733, 32.52288], [-110.74587, 32.52178], [-110.73951, 32.52153], [-110.7398, 32.52081], [-110.74306, 32.51935], [-110.74108, 32.51856], [-110.74044, 32.51919], [-110.73948, 32.51861], [-110.73756, 32.51939], [-110.73666, 32.51881], [-110.7356, 32.51528], [-110.73628, 32.5128], [-110.73381, 32.51501], [-110.73351, 32.51637], [-110.73181, 32.51816], [-110.7293, 32.51718], [-110.72867, 32.51583], [-110.73013, 32.5123], [-110.73137, 32.51175], [-110.73061, 32.51094], [-110.73135, 32.50985], [-110.73078, 32.50768], [-110.72855, 32.50551], [-110.72947, 32.50415], [-110.72903, 32.50307], [-110.73054, 32.50286], [-110.73405, 32.50418], [-110.73449, 32.50307], [-110.73271, 32.49927], [-110.7333, 32.49845], [-110.73884, 32.49942], [-110.74031, 32.49818], [-110.73854, 32.49628], [-110.73852, 32.49526], [-110.73741, 32.49492], [-110.73732, 32.49221], [-110.73476, 32.49031], [-110.73537, 32.48895], [-110.73814, 32.48868], [-110.73686, 32.48787], [-110.73639, 32.48651], [-110.73668, 32.48461], [-110.73813, 32.48407], [-110.73743, 32.48216], [-110.73855, 32.48162], [-110.73692, 32.48092], [-110.73369, 32.48189], [-110.73427, 32.48026], [-110.73608, 32.47945], [-110.73435, 32.47755], [-110.73613, 32.47619], [-110.73269, 32.47375], [-110.73467, 32.47239], [-110.73253, 32.47158], [-110.73309, 32.47049], [-110.73607, 32.46886], [-110.7341, 32.46533], [-110.73565, 32.4655], [-110.73692, 32.46385], [-110.73948, 32.46463], [-110.74166, 32.46398], [-110.73962, 32.46289], [-110.73918, 32.46153], [-110.73786, 32.46072], [-110.7392, 32.45909], [-110.73628, 32.459], [-110.73597, 32.45813], [-110.73388, 32.45746], [-110.73405, 32.45587], [-110.73668, 32.45529], [-110.73522, 32.45312], [-110.73373, 32.45204], [-110.73245, 32.45268], [-110.73117, 32.45205], [-110.7299, 32.45288], [-110.72842, 32.45149], [-110.73149, 32.44908], [-110.7315, 32.44769], [-110.73341, 32.44717], [-110.73382, 32.44606], [-110.73628, 32.44507], [-110.73789, 32.44525], [-110.73788, 32.44426], [-110.73648, 32.44308], [-110.73748, 32.44199], [-110.7375, 32.44063], [-110.73915, 32.43927], [-110.73722, 32.43873], [-110.7366, 32.43754], [-110.73501, 32.43851], [-110.73437, 32.43746], [-110.73181, 32.4403], [-110.73022, 32.43901], [-110.72926, 32.43912], [-110.72606, 32.44079], [-110.72479, 32.44254], [-110.72424, 32.44117], [-110.72529, 32.44036], [-110.72385, 32.43765], [-110.72403, 32.43466], [-110.72319, 32.43264], [-110.72127, 32.43345], [-110.72127, 32.43132], [-110.71936, 32.43329], [-110.71859, 32.4333], [-110.71788, 32.43493], [-110.7168, 32.43517], [-110.71648, 32.43651], [-110.71457, 32.43711], [-110.714, 32.43955], [-110.71457, 32.44188], [-110.71218, 32.44226], [-110.71294, 32.44145], [-110.71201, 32.43713], [-110.71073, 32.43774], [-110.70946, 32.43975], [-110.70658, 32.44015], [-110.70627, 32.43927], [-110.70818, 32.43677], [-110.70339, 32.43533], [-110.70167, 32.43276], [-110.70243, 32.43002], [-110.70426, 32.42869], [-110.70314, 32.42706], [-110.70416, 32.42652], [-110.70371, 32.42586], [-110.70051, 32.42708], [-110.69903, 32.42679], [-110.69892, 32.42337], [-110.69732, 32.42437], [-110.69476, 32.42477], [-110.68991, 32.42407], [-110.6905, 32.4219], [-110.69177, 32.42136], [-110.69185, 32.42], [-110.68997, 32.41998], [-110.68965, 32.41943], [-110.6887, 32.4203], [-110.686, 32.42], [-110.68712, 32.41756], [-110.68486, 32.41767], [-110.68437, 32.41647], [-110.68486, 32.41582], [-110.68875, 32.41512], [-110.68942, 32.4143], [-110.6887, 32.41313], [-110.68734, 32.41267], [-110.68733, 32.41186], [-110.68863, 32.41131], [-110.68796, 32.40941], [-110.68709, 32.40914], [-110.68737, 32.40751], [-110.68486, 32.40795], [-110.6839, 32.40956], [-110.68444, 32.4048], [-110.68358, 32.40483], [-110.68295, 32.4039], [-110.68138, 32.40724], [-110.68023, 32.40751], [-110.67983, 32.40969], [-110.67802, 32.40996], [-110.67822, 32.4086], [-110.67497, 32.40751], [-110.67664, 32.40616], [-110.67577, 32.40507], [-110.67623, 32.40371], [-110.67463, 32.40344], [-110.67506, 32.40209], [-110.674, 32.39911], [-110.67241, 32.39998], [-110.67241, 32.40101], [-110.66921, 32.40252], [-110.66844, 32.40236], [-110.66883, 32.40018], [-110.6673, 32.40037], [-110.66385, 32.39883], [-110.66397, 32.3972], [-110.66563, 32.39584], [-110.66442, 32.39464], [-110.6633, 32.39448], [-110.66531, 32.39231], [-110.66378, 32.39102], [-110.66219, 32.39245], [-110.65995, 32.39178], [-110.65906, 32.39313], [-110.65644, 32.3942], [-110.65452, 32.39384], [-110.65356, 32.39465], [-110.65024, 32.39476], [-110.64872, 32.39286], [-110.64948, 32.39123], [-110.64913, 32.39014], [-110.64741, 32.38933], [-110.64564, 32.38634], [-110.64534, 32.38444], [-110.64717, 32.38406], [-110.64941, 32.38204], [-110.65522, 32.38173], [-110.65612, 32.38], [-110.66062, 32.37901], [-110.65818, 32.37657], [-110.65885, 32.37575], [-110.65847, 32.37494], [-110.65737, 32.37467], [-110.65666, 32.37195], [-110.65729, 32.36815], [-110.6558, 32.36702], [-110.65256, 32.36625], [-110.65292, 32.36509], [-110.65324, 32.36595], [-110.65396, 32.3649], [-110.65554, 32.36435], [-110.65516, 32.36341], [-110.65646, 32.36327], [-110.65692, 32.36625], [-110.65835, 32.36585], [-110.65877, 32.36842], [-110.66123, 32.36987], [-110.66219, 32.36897], [-110.66119, 32.36734], [-110.66442, 32.36462], [-110.66538, 32.36528], [-110.66668, 32.36517], [-110.66649, 32.36625], [-110.66814, 32.36707], [-110.66857, 32.36929], [-110.67017, 32.36846], [-110.67177, 32.36961], [-110.67288, 32.36652], [-110.6747, 32.36625], [-110.6767, 32.3649], [-110.67594, 32.36408], [-110.67658, 32.36354], [-110.67656, 32.36175], [-110.67752, 32.36381], [-110.68025, 32.36462], [-110.67813, 32.36707], [-110.67784, 32.36957], [-110.67911, 32.36916], [-110.68007, 32.36718], [-110.68295, 32.36598], [-110.68573, 32.36598], [-110.6871, 32.36816], [-110.68833, 32.36544], [-110.68965, 32.36503], [-110.69085, 32.36734], [-110.68958, 32.36924], [-110.69009, 32.36978], [-110.6887, 32.3707], [-110.68761, 32.37032], [-110.6871, 32.37269], [-110.68477, 32.37222], [-110.68523, 32.37304], [-110.68454, 32.37413], [-110.68569, 32.37494], [-110.68452, 32.37521], [-110.6839, 32.37658], [-110.68199, 32.37517], [-110.68171, 32.37738], [-110.67975, 32.37713], [-110.67847, 32.378], [-110.67752, 32.37727], [-110.67587, 32.37847], [-110.67784, 32.38058], [-110.68071, 32.37974], [-110.68646, 32.38194], [-110.68755, 32.38064], [-110.69093, 32.379], [-110.69349, 32.37587], [-110.69987, 32.37506], [-110.70098, 32.37413], [-110.70083, 32.37271], [-110.70243, 32.37194], [-110.70307, 32.37307], [-110.7053, 32.37263], [-110.70533, 32.37168], [-110.70658, 32.37062], [-110.71361, 32.36675], [-110.71552, 32.3663], [-110.71968, 32.36703], [-110.72385, 32.36652], [-110.72032, 32.36867], [-110.71968, 32.37017], [-110.71498, 32.37168], [-110.71747, 32.37222], [-110.71482, 32.37575], [-110.72032, 32.37203], [-110.72164, 32.37222], [-110.72159, 32.37338], [-110.72223, 32.37313], [-110.72383, 32.37105], [-110.7267, 32.37008], [-110.72734, 32.36918], [-110.72815, 32.36924], [-110.72732, 32.37005], [-110.72805, 32.3706], [-110.72798, 32.37203], [-110.73068, 32.37141], [-110.72661, 32.37548], [-110.7263, 32.37874], [-110.72688, 32.37874], [-110.72723, 32.3801], [-110.7267, 32.38229], [-110.72819, 32.38037], [-110.72866, 32.37711], [-110.73205, 32.3744], [-110.73597, 32.37263], [-110.73724, 32.37305], [-110.74442, 32.37087], [-110.74491, 32.37201], [-110.74103, 32.37738], [-110.74191, 32.37847], [-110.74171, 32.37995], [-110.74331, 32.37904], [-110.74427, 32.37936], [-110.74619, 32.37767], [-110.74793, 32.37765], [-110.74673, 32.3839], [-110.74767, 32.38525], [-110.74622, 32.38634], [-110.74798, 32.38743], [-110.74746, 32.3886], [-110.74874, 32.38879], [-110.74938, 32.38806], [-110.75078, 32.38417], [-110.75289, 32.38198], [-110.75523, 32.38335], [-110.75501, 32.3858], [-110.75612, 32.38688], [-110.75555, 32.3877], [-110.75816, 32.38933], [-110.7572, 32.39068], [-110.75864, 32.39273], [-110.76343, 32.39015], [-110.76439, 32.38902], [-110.76553, 32.38987], [-110.76567, 32.39124], [-110.76791, 32.38936], [-110.76854, 32.39183], [-110.77078, 32.39044], [-110.77174, 32.39167], [-110.7727, 32.39097], [-110.77531, 32.39123], [-110.77525, 32.38944], [-110.77717, 32.38871], [-110.77908, 32.38625], [-110.78004, 32.38636], [-110.78036, 32.38571], [-110.78093, 32.38661], [-110.77921, 32.38824], [-110.77918, 32.38987], [-110.7779, 32.3915], [-110.77876, 32.39369], [-110.78162, 32.39448], [-110.78075, 32.39557], [-110.78045, 32.3991], [-110.77749, 32.40101], [-110.77589, 32.40093], [-110.7727, 32.40326], [-110.77557, 32.40262], [-110.77653, 32.40171], [-110.77781, 32.40245], [-110.781, 32.40141], [-110.78287, 32.40263], [-110.78419, 32.4027], [-110.78451, 32.4037], [-110.78536, 32.40181], [-110.7829, 32.39856], [-110.78451, 32.39857], [-110.78624, 32.39991], [-110.78867, 32.39779], [-110.7909, 32.40032], [-110.79282, 32.40023], [-110.79329, 32.40209], [-110.79601, 32.4028], [-110.79697, 32.40367], [-110.79857, 32.40372], [-110.80112, 32.40687], [-110.80363, 32.40399], [-110.80217, 32.401], [-110.80383, 32.39883], [-110.80239, 32.39801], [-110.80389, 32.39611], [-110.8024, 32.39266], [-110.80304, 32.39396], [-110.80623, 32.39536], [-110.80719, 32.39495], [-110.80879, 32.39682], [-110.81007, 32.39615], [-110.8123, 32.39708], [-110.81313, 32.39421], [-110.81518, 32.393], [-110.81789, 32.3953], [-110.81783, 32.39666], [-110.82109, 32.39856], [-110.8222, 32.40046], [-110.82348, 32.39982], [-110.8238, 32.40095], [-110.82604, 32.40165], [-110.82859, 32.40106], [-110.82935, 32.40154], [-110.82822, 32.4029], [-110.82875, 32.40426], [-110.82788, 32.40616], [-110.82699, 32.40653], [-110.82604, 32.40588], [-110.82491, 32.40697], [-110.82548, 32.40996], [-110.82378, 32.4105], [-110.82512, 32.41186], [-110.82508, 32.41425], [-110.82763, 32.4121], [-110.83115, 32.41051], [-110.83182, 32.41349], [-110.83092, 32.41593], [-110.83274, 32.41596], [-110.83306, 32.41706], [-110.83496, 32.41647], [-110.8357, 32.41457], [-110.83689, 32.41403], [-110.83817, 32.41607], [-110.83977, 32.41609], [-110.84041, 32.41691], [-110.84264, 32.41711], [-110.84361, 32.41566], [-110.84459, 32.41566], [-110.84423, 32.4181], [-110.84488, 32.41951], [-110.84296, 32.41875], [-110.84073, 32.41935], [-110.84015, 32.42027], [-110.83658, 32.42187], [-110.83414, 32.42163], [-110.8337, 32.42382], [-110.83178, 32.42324], [-110.83146, 32.42505], [-110.83051, 32.42466], [-110.82883, 32.42597], [-110.83013, 32.42869], [-110.83187, 32.42896], [-110.83019, 32.4292], [-110.82878, 32.43059], [-110.82877, 32.43222], [-110.82625, 32.4333], [-110.82709, 32.43466], [-110.82827, 32.43458], [-110.83023, 32.43575], [-110.83259, 32.43982], [-110.82891, 32.44181], [-110.82816, 32.44253], [-110.82861, 32.44389], [-110.82796, 32.44525], [-110.82695, 32.44525], [-110.82495, 32.44796], [-110.82316, 32.44815], [-110.82141, 32.44986], [-110.82194, 32.45095], [-110.8209, 32.45258], [-110.82316, 32.45525], [-110.82504, 32.45611], [-110.82252, 32.45639], [-110.81961, 32.46126], [-110.82101, 32.46425], [-110.82252, 32.46435], [-110.82392, 32.46533], [-110.82416, 32.46723], [-110.82578, 32.46886], [-110.8259, 32.47049], [-110.82811, 32.47348], [-110.82124, 32.47468], [-110.82038, 32.47674], [-110.82169, 32.48081], [-110.81954, 32.48244], [-110.81955, 32.48461], [-110.81773, 32.48501], [-110.81548, 32.48352], [-110.81357, 32.48787], [-110.81075, 32.48949], [-110.80856, 32.49574], [-110.80901, 32.50035], [-110.80752, 32.50334], [-110.80719, 32.50611], [-110.80538, 32.5028], [-110.80304, 32.50369], [-110.80062, 32.50171], [-110.79984, 32.50008], [-110.79755, 32.499], [-110.79841, 32.49818], [-110.79836, 32.49601], [-110.80167, 32.49438], [-110.80226, 32.49004], [-110.80112, 32.48808], [-110.80309, 32.48624], [-110.80502, 32.48597], [-110.80521, 32.48434], [-110.80922, 32.47864], [-110.80702, 32.47646], [-110.80363, 32.46913], [-110.80496, 32.46579], [-110.80623, 32.46516], [-110.80621, 32.46072], [-110.80775, 32.45448], [-110.80464, 32.45605], [-110.80368, 32.45734], [-110.80272, 32.45728], [-110.80144, 32.45927], [-110.79921, 32.459], [-110.79908, 32.46126], [-110.79646, 32.46181], [-110.79633, 32.46267], [-110.79378, 32.46462], [-110.79175, 32.46506], [-110.79154, 32.46633], [-110.79058, 32.46618], [-110.78803, 32.46791], [-110.78675, 32.46733], [-110.78483, 32.46783], [-110.78376, 32.46642], [-110.78238, 32.46751], [-110.78248, 32.46968], [-110.781, 32.47025], [-110.77986, 32.47294], [-110.77749, 32.47473], [-110.77557, 32.47923], [-110.77461, 32.47902], [-110.77261, 32.47646], [-110.77396, 32.47375], [-110.77365, 32.47141], [-110.77014, 32.47439], [-110.77081, 32.47076], [-110.77, 32.47076], [-110.77037, 32.46968], [-110.76982, 32.46964], [-110.76741, 32.47348], [-110.7661, 32.47348], [-110.7663, 32.47538], [-110.76471, 32.47583], [-110.76401, 32.47456], [-110.76435, 32.47294], [-110.76311, 32.47291], [-110.76237, 32.47212], [-110.76287, 32.47131], [-110.76172, 32.47076], [-110.76194, 32.46941], [-110.76081, 32.46913], [-110.7612, 32.46708], [-110.76003, 32.46805], [-110.75923, 32.47321], [-110.75862, 32.47456], [-110.75707, 32.47484], [-110.75723, 32.47728], [-110.75417, 32.47884], [-110.75365, 32.47945], [-110.75428, 32.47999], [-110.75348, 32.48054], [-110.75439, 32.48108], [-110.75409, 32.48216], [-110.75545, 32.48222], [-110.75609, 32.48114], [-110.75832, 32.48019], [-110.75772, 32.48216], [-110.75939, 32.48298], [-110.75878, 32.48488], [-110.75977, 32.48651], [-110.75962, 32.48787], [-110.76184, 32.48705], [-110.76375, 32.48814], [-110.76415, 32.48949], [-110.76129, 32.48977], [-110.7612, 32.49126], [-110.75737, 32.48901], [-110.75545, 32.49029], [-110.75661, 32.49139], [-110.75545, 32.49221], [-110.75688, 32.49302], [-110.75719, 32.49411], [-110.75684, 32.49547], [-110.75559, 32.49601], [-110.75655, 32.49682], [-110.75552, 32.499], [-110.75696, 32.49927], [-110.75828, 32.50144], [-110.75609, 32.50194], [-110.75385, 32.5016], [-110.75341, 32.50307], [-110.75204, 32.50361], [-110.75609, 32.50656], [-110.75811, 32.50714], [-110.75952, 32.50877], [-110.75973, 32.51067], [-110.76064, 32.51121], [-110.76, 32.51284], [-110.75697, 32.51474], [-110.75843, 32.51583], [-110.75828, 32.518], [-110.75673, 32.51876], [-110.755, 32.51827], [-110.75579, 32.52886], [-110.75849, 32.5313], [-110.75814, 32.53266], [-110.75943, 32.53347], [-110.75986, 32.53483], [-110.75884, 32.53781], [-110.75737, 32.53891]]}}, {"type": "Feature", "properties": {"elev": 1900.0, "index": false}, "geometry": {"type": "LineString", "coordinates": [[-110.76791, 32.47679], [-110.76759, 32.47631], [-110.76791, 32.47679]]}}, {"type": "Feature", "properties": {"elev": 1900.0, "index": false}, "geometry": {"type": "LineString", "coordinates": [[-110.72894, 32.46344], [-110.72798, 32.46343], [-110.72798, 32.46194], [-110.72894, 32.46344]]}}, {"type": "Feature", "properties": {"elev": 1900.0, "index": false}, "geometry": {"type": "LineString", "coordinates": [[-110.6657, 32.40508], [-110.66374, 32.40507], [-110.66506, 32.40375], [-110.6666, 32.40426], [-110.6657, 32.40508]]}}, {"type": "Feature", "properties": {"elev": 1900.0, "index": false}, "geometry": {"type": "LineString", "coordinates": [[-110.84264, 32.40156], [-110.83753, 32.3977], [-110.83621, 32.401], [-110.83217, 32.39856], [-110.83326, 32.39693], [-110.83306, 32.394], [-110.83512, 32.39204], [-110.83497, 32.39096], [-110.83338, 32.38851], [-110.83135, 32.38933], [-110.8314, 32.38661], [-110.82845, 32.38444], [-110.82915, 32.38145], [-110.82604, 32.38188], [-110.82508, 32.38101], [-110.82631, 32.3801], [-110.82608, 32.3782], [-110.82745, 32.3763], [-110.82572, 32.37511], [-110.8238, 32.37544], [-110.82252, 32.37395], [-110.82092, 32.37455], [-110.81965, 32.37382], [-110.81873, 32.37521], [-110.81741, 32.37554], [-110.81534, 32.37141], [-110.81545, 32.36951], [-110.81437, 32.36842], [-110.81441, 32.36734], [-110.81326, 32.36735], [-110.81262, 32.36666], [-110.8123, 32.36717], [-110.81198, 32.36663], [-110.80975, 32.36703], [-110.80804, 32.36652], [-110.81102, 32.36156], [-110.8123, 32.36196], [-110.81235, 32.36435], [-110.81486, 32.36541], [-110.81474, 32.36625], [-110.81645, 32.36717], [-110.81805, 32.3692], [-110.81901, 32.3692], [-110.81901, 32.37017], [-110.82061, 32.37099], [-110.82156, 32.36976], [-110.82235, 32.36978], [-110.82322, 32.37087], [-110.82285, 32.37222], [-110.82604, 32.37409], [-110.82859, 32.37259], [-110.82923, 32.37647], [-110.83051, 32.37712], [-110.8321, 32.37661], [-110.83272, 32.3782], [-110.83434, 32.37943], [-110.83498, 32.37781], [-110.83753, 32.37805], [-110.83862, 32.3763], [-110.84073, 32.37539], [-110.842, 32.37564], [-110.84264, 32.37485], [-110.8468, 32.37808], [-110.84754, 32.37684], [-110.84881, 32.37684], [-110.84747, 32.3744], [-110.84757, 32.37277], [-110.84464, 32.37114], [-110.84616, 32.36949], [-110.84488, 32.36864], [-110.84456, 32.36941], [-110.84262, 32.36897], [-110.84091, 32.36707], [-110.84105, 32.36435], [-110.84253, 32.36381], [-110.84264, 32.35977], [-110.8436, 32.35984], [-110.84456, 32.36099], [-110.84648, 32.36076], [-110.84678, 32.363], [-110.84794, 32.36354], [-110.84875, 32.36571], [-110.85031, 32.36655], [-110.85254, 32.36595], [-110.85318, 32.36809], [-110.85766, 32.37082], [-110.85861, 32.37072], [-110.85925, 32.37376], [-110.86086, 32.37467], [-110.86277, 32.3785], [-110.86412, 32.37765], [-110.8636, 32.37901], [-110.86579, 32.38118], [-110.86692, 32.38166], [-110.86851, 32.38069], [-110.87003, 32.38145], [-110.8666, 32.38516], [-110.86181, 32.38217], [-110.85989, 32.38291], [-110.85797, 32.37978], [-110.85574, 32.3809], [-110.85651, 32.38227], [-110.85606, 32.38272], [-110.85478, 32.38315], [-110.85254, 32.38263], [-110.85271, 32.3839], [-110.85687, 32.38906], [-110.85634, 32.39014], [-110.85969, 32.39286], [-110.85766, 32.3941], [-110.85478, 32.39379], [-110.85254, 32.39247], [-110.8517, 32.39041], [-110.85031, 32.38918], [-110.84883, 32.39476], [-110.84775, 32.39542], [-110.84456, 32.39377], [-110.84373, 32.39666], [-110.84386, 32.40073], [-110.84264, 32.40156]]}}, {"type": "Feature", "properties": {"elev": 1900.0, "index": false}, "geometry": {"type": "LineString", "coordinates": [[-110.76918, 32.38993], [-110.76861, 32.38987], [-110.76886, 32.38935], [-110.76918, 32.38993]]}}, {"type": "Feature", "properties": {"elev": 1900.0, "index": false}, "geometry": {"type": "LineString", "coordinates": [[-110.87778, 32.3872], [-110.87723, 32.38688], [-110.87778, 32.38646], [-110.87778, 32.3872]]}}, {"type": "Feature", "properties": {"elev": 1900.0, "index": false}, "geometry": {"type": "LineString", "coordinates": [[-110.88512, 32.38556], [-110.88425, 32.38525], [-110.8848, 32.38292], [-110.88289, 32.38218], [-110.88193, 32.38285], [-110.88033, 32.38078], [-110.87935, 32.38118], [-110.87937, 32.38225], [-110.87843, 32.38254], [-110.87778, 32.38453], [-110.87618, 32.38386], [-110.8765, 32.3821], [-110.87299, 32.38249], [-110.87176, 32.38173], [-110.87234, 32.37955], [-110.87359, 32.37901], [-110.87235, 32.37684], [-110.87097, 32.37657], [-110.87246, 32.3744], [-110.87043, 32.37378], [-110.86971, 32.3725], [-110.87024, 32.37141], [-110.86915, 32.37128], [-110.8687, 32.37032], [-110.86892, 32.36815], [-110.87254, 32.36571], [-110.87221, 32.36354], [-110.87005, 32.36272], [-110.87139, 32.35958], [-110.87299, 32.36092], [-110.87778, 32.36157], [-110.88001, 32.35926], [-110.88225, 32.36069], [-110.88254, 32.36191], [-110.88037, 32.36435], [-110.88033, 32.36614], [-110.88385, 32.36757], [-110.88576, 32.36706], [-110.89016, 32.36788], [-110.88684, 32.37385], [-110.88928, 32.37478], [-110.8887, 32.37603], [-110.89097, 32.37711], [-110.88969, 32.3782], [-110.89011, 32.37928], [-110.88826, 32.3801], [-110.88819, 32.38118], [-110.88635, 32.38281], [-110.88672, 32.38356], [-110.88818, 32.3839], [-110.88512, 32.38556]]}}, {"type": "Feature", "properties": {"elev": 1900.0, "index": false}, "geometry": {"type": "LineString", "coordinates": [[-110.87746, 32.38573], [-110.87746, 32.38502], [-110.87746, 32.38573]]}}, {"type": "Feature", "properties": {"elev": 1900.0, "index": false}, "geometry": {"type": "LineString", "coordinates": [[-110.90844, 32.38255], [-110.90716, 32.38223], [-110.90812, 32.382], [-110.90844, 32.38255]]}}, {"type": "Feature", "properties": {"elev": 1900.0, "index": false}, "geometry": {"type": "LineString", "coordinates": [[-110.69444, 32.37033], [-110.69349, 32.36973], [-110.69154, 32.36978], [-110.69399, 32.36761], [-110.69412, 32.36668], [-110.69732, 32.36692], [-110.69955, 32.36513], [-110.70379, 32.36517], [-110.70315, 32.36652], [-110.69987, 32.36897], [-110.69892, 32.36885], [-110.69764, 32.36975], [-110.697, 32.36898], [-110.69613, 32.37005], [-110.69444, 32.37033]]}}, {"type": "Feature", "properties": {"elev": 1900.0, "index": false}, "geometry": {"type": "LineString", "coordinates": [[-110.89854, 32.36789], [-110.89854, 32.36789]]}}, {"type": "Feature", "properties": {"elev": 1900.0, "index": false}, "geometry": {"type": "LineString", "coordinates": [[-110.89726, 32.36742], [-110.89566, 32.36751], [-110.89594, 32.36625], [-110.89425, 32.36598], [-110.89448, 32.36462], [-110.89598, 32.36517], [-110.8995, 32.36339], [-110.89905, 32.36517], [-110.89726, 32.36742]]}}, {"type": "Feature", "properties": {"elev": 1900.0, "index": false}, "geometry": {"type": "LineString", "coordinates": [[-110.69157, 32.36328], [-110.69148, 32.36191], [-110.69381, 32.35931], [-110.69444, 32.36064], [-110.69506, 32.36001], [-110.6978, 32.35974], [-110.69783, 32.36028], [-110.69476, 32.36101], [-110.69317, 32.36294], [-110.69157, 32.36328]]}}, {"type": "Feature", "properties": {"elev": 1900.0, "index": false}, "geometry": {"type": "LineString", "coordinates": [[-110.68103, 32.36303], [-110.68039, 32.36287], [-110.68071, 32.36233], [-110.68103, 32.36303]]}}, {"type": "Feature", "properties": {"elev": 1900.0, "index": false}, "geometry": {"type": "LineString", "coordinates": [[-110.67688, 32.35975], [-110.67688, 32.35975]]}}, {"type": "Feature", "properties": {"elev": 1900.0, "index": false}, "geometry": {"type": "LineString", "coordinates": [[-110.69444, 32.3587], [-110.69492, 32.35838], [-110.69444, 32.3587]]}}, {"type": "Feature", "properties": {"elev": 1900.0, "index": false}, "geometry": {"type": "LineString", "coordinates": [[-110.69796, 32.35576], [-110.69694, 32.35512], [-110.69791, 32.35512], [-110.69796, 32.35576]]}}, {"type": "Feature", "properties": {"elev": 2000.0, "index": true}, "geometry": {"type": "LineString", "coordinates": [[-110.58777, 32.19909], [-110.58909, 32.20039], [-110.58874, 32.20175], [-110.58936, 32.20302], [-110.59032, 32.204], [-110.59128, 32.2033], [-110.59316, 32.20501], [-110.59116, 32.20636], [-110.59165, 32.20718], [-110.58777, 32.2081]]}}, {"type": "Feature", "properties": {"elev": 2000.0, "index": true}, "geometry": {"type": "LineString", "coordinates": [[-110.63786, 32.19768], [-110.63568, 32.19997], [-110.63472, 32.2001], [-110.63408, 32.19944], [-110.63216, 32.1998], [-110.63152, 32.20127], [-110.62993, 32.20052], [-110.62609, 32.20373], [-110.62482, 32.20371], [-110.62226, 32.20055], [-110.62027, 32.19985], [-110.62258, 32.19907], [-110.62403, 32.19768]]}}, {"type": "Feature", "properties": {"elev": 2000.0, "index": true}, "geometry": {"type": "LineString", "coordinates": [[-110.75225, 32.52554], [-110.75085, 32.52424], [-110.75202, 32.52234], [-110.75194, 32.52048], [-110.75034, 32.52105], [-110.74911, 32.51908], [-110.74778, 32.52019], [-110.74581, 32.51935], [-110.74395, 32.51566], [-110.74299, 32.51728], [-110.7414, 32.51608], [-110.7382, 32.51754], [-110.73784, 32.51718], [-110.73847, 32.51365], [-110.74066, 32.51257], [-110.74028, 32.51121], [-110.74106, 32.5104], [-110.7382, 32.50963], [-110.73405, 32.51321], [-110.73245, 32.51382], [-110.73228, 32.51338], [-110.73305, 32.5123], [-110.73266, 32.51067], [-110.73323, 32.50931], [-110.73282, 32.50687], [-110.73163, 32.50524], [-110.73469, 32.50691], [-110.73628, 32.5069], [-110.73618, 32.50415], [-110.73732, 32.50388], [-110.73483, 32.50008], [-110.74012, 32.50145], [-110.74044, 32.4998], [-110.74368, 32.499], [-110.7423, 32.49791], [-110.74299, 32.49652], [-110.7414, 32.49639], [-110.7414, 32.49535], [-110.74044, 32.49515], [-110.74012, 32.49406], [-110.73884, 32.49391], [-110.73875, 32.49167], [-110.73718, 32.49058], [-110.74217, 32.48895], [-110.74012, 32.48714], [-110.73852, 32.48731], [-110.73824, 32.48651], [-110.74006, 32.48624], [-110.74006, 32.48244], [-110.74204, 32.48244], [-110.74331, 32.48074], [-110.74493, 32.47999], [-110.74395, 32.47913], [-110.74203, 32.47961], [-110.7414, 32.47799], [-110.73756, 32.47874], [-110.73714, 32.47782], [-110.73887, 32.47565], [-110.73807, 32.47511], [-110.7382, 32.47414], [-110.73542, 32.47402], [-110.73753, 32.47185], [-110.73516, 32.47104], [-110.73769, 32.46968], [-110.73639, 32.46669], [-110.73756, 32.46539], [-110.7398, 32.46686], [-110.74076, 32.46559], [-110.74203, 32.46617], [-110.74363, 32.46568], [-110.74459, 32.46655], [-110.74442, 32.46479], [-110.74588, 32.46425], [-110.74481, 32.46343], [-110.74427, 32.46144], [-110.74299, 32.46234], [-110.74171, 32.46153], [-110.74151, 32.46018], [-110.74268, 32.45828], [-110.74235, 32.45751], [-110.73948, 32.45735], [-110.74069, 32.45583], [-110.74044, 32.45527], [-110.73857, 32.4542], [-110.73724, 32.45217], [-110.73361, 32.45013], [-110.73559, 32.4466], [-110.73884, 32.44722], [-110.73965, 32.44443], [-110.74203, 32.44342], [-110.73981, 32.44226], [-110.74249, 32.43982], [-110.74165, 32.43873], [-110.74241, 32.43765], [-110.7382, 32.43749], [-110.73405, 32.43423], [-110.73213, 32.43659], [-110.72958, 32.43665], [-110.72814, 32.43819], [-110.7267, 32.43855], [-110.72579, 32.43765], [-110.72623, 32.43602], [-110.72553, 32.43276], [-110.72447, 32.43149], [-110.72492, 32.43032], [-110.72319, 32.43103], [-110.72223, 32.42847], [-110.72063, 32.42719], [-110.71998, 32.4276], [-110.71936, 32.43167], [-110.71744, 32.43154], [-110.71661, 32.43357], [-110.71361, 32.4361], [-110.71233, 32.43289], [-110.70978, 32.43297], [-110.70466, 32.43104], [-110.70634, 32.42597], [-110.70403, 32.42358], [-110.70257, 32.42489], [-110.70068, 32.42516], [-110.70019, 32.42299], [-110.70079, 32.42], [-110.69764, 32.42238], [-110.69508, 32.42279], [-110.69402, 32.42109], [-110.69444, 32.42002], [-110.69253, 32.41816], [-110.68916, 32.41756], [-110.68901, 32.41696], [-110.69157, 32.416], [-110.69359, 32.4143], [-110.69035, 32.41131], [-110.68957, 32.40969], [-110.69, 32.40751], [-110.68654, 32.40643], [-110.68731, 32.40371], [-110.68646, 32.40212], [-110.68454, 32.40299], [-110.68321, 32.40181], [-110.68295, 32.4004], [-110.68189, 32.40018], [-110.68077, 32.40127], [-110.6813, 32.40371], [-110.68071, 32.40487], [-110.67821, 32.4067], [-110.67842, 32.40317], [-110.67792, 32.40209], [-110.67719, 32.40209], [-110.6783, 32.3972], [-110.6756, 32.39734], [-110.67464, 32.39628], [-110.67081, 32.39814], [-110.66698, 32.39732], [-110.667, 32.39557], [-110.6658, 32.39394], [-110.66729, 32.39231], [-110.66693, 32.39123], [-110.66378, 32.38922], [-110.66187, 32.39116], [-110.65931, 32.39007], [-110.65612, 32.39166], [-110.65548, 32.39291], [-110.65356, 32.39299], [-110.65292, 32.3936], [-110.65119, 32.39313], [-110.65134, 32.39014], [-110.64774, 32.3858], [-110.64941, 32.38489], [-110.65292, 32.38664], [-110.65601, 32.38498], [-110.65612, 32.38363], [-110.65782, 32.38308], [-110.65828, 32.38173], [-110.66384, 32.38118], [-110.66221, 32.37765], [-110.65881, 32.37358], [-110.65815, 32.37141], [-110.65835, 32.37096], [-110.66027, 32.37121], [-110.66219, 32.3739], [-110.6619, 32.37168], [-110.66372, 32.37114], [-110.66506, 32.36807], [-110.66634, 32.36802], [-110.66699, 32.37005], [-110.66825, 32.37119], [-110.67017, 32.37045], [-110.67177, 32.37158], [-110.67409, 32.36978], [-110.67464, 32.36801], [-110.67652, 32.36788], [-110.67598, 32.37114], [-110.67234, 32.3725], [-110.67336, 32.37266], [-110.67368, 32.37365], [-110.67496, 32.37228], [-110.67659, 32.37331], [-110.6772, 32.37461], [-110.67793, 32.37331], [-110.68001, 32.37222], [-110.67876, 32.37114], [-110.68135, 32.37062], [-110.68186, 32.36815], [-110.68327, 32.36715], [-110.68455, 32.36788], [-110.6839, 32.3691], [-110.68612, 32.37005], [-110.68605, 32.37087], [-110.68358, 32.3708], [-110.68231, 32.37194], [-110.68263, 32.37385], [-110.68071, 32.37343], [-110.68007, 32.37584], [-110.67752, 32.37538], [-110.67408, 32.37684], [-110.67308, 32.3782], [-110.67378, 32.37874], [-110.67144, 32.3801], [-110.67474, 32.38091], [-110.67452, 32.38227], [-110.67364, 32.38281], [-110.67579, 32.38308], [-110.67656, 32.38557], [-110.67721, 32.3839], [-110.67815, 32.38338], [-110.68055, 32.38363], [-110.67974, 32.38254], [-110.68039, 32.38189], [-110.68294, 32.38335], [-110.68518, 32.38327], [-110.68614, 32.3842], [-110.68678, 32.38356], [-110.68801, 32.38363], [-110.68946, 32.38254], [-110.68901, 32.38182], [-110.69093, 32.38177], [-110.69125, 32.38074], [-110.69287, 32.3801], [-110.69299, 32.37874], [-110.69444, 32.37711], [-110.70051, 32.37626], [-110.70307, 32.37453], [-110.70754, 32.37396], [-110.70811, 32.37168], [-110.70914, 32.3716], [-110.70914, 32.371], [-110.71169, 32.36998], [-110.71265, 32.3686], [-110.71457, 32.36763], [-110.71615, 32.36761], [-110.7168, 32.3682], [-110.71845, 32.36788], [-110.71489, 32.37036], [-110.71137, 32.37145], [-110.71077, 32.37195], [-110.71112, 32.37277], [-110.70817, 32.37521], [-110.71201, 32.37474], [-110.71425, 32.37311], [-110.71361, 32.37476], [-110.70914, 32.37852], [-110.70786, 32.37868], [-110.70722, 32.37745], [-110.70303, 32.38091], [-110.70435, 32.3812], [-110.7069, 32.38049], [-110.70818, 32.3809], [-110.70829, 32.38227], [-110.7118, 32.37928], [-110.71936, 32.37508], [-110.72063, 32.37761], [-110.72415, 32.37653], [-110.72477, 32.37684], [-110.72472, 32.3801], [-110.72558, 32.38118], [-110.72543, 32.38173], [-110.72435, 32.38091], [-110.7236, 32.38254], [-110.72255, 32.38266], [-110.72127, 32.38428], [-110.71968, 32.38492], [-110.72032, 32.38516], [-110.72319, 32.38434], [-110.72592, 32.38444], [-110.72863, 32.38227], [-110.7298, 32.3801], [-110.72991, 32.37793], [-110.73087, 32.37684], [-110.73437, 32.37584], [-110.73692, 32.37392], [-110.74108, 32.37252], [-110.74215, 32.37331], [-110.74187, 32.3744], [-110.73687, 32.37983], [-110.73848, 32.38091], [-110.73817, 32.38308], [-110.73948, 32.383], [-110.74044, 32.38397], [-110.74076, 32.38271], [-110.74612, 32.38118], [-110.74531, 32.3839], [-110.74587, 32.38487], [-110.74213, 32.3877], [-110.74267, 32.38852], [-110.74285, 32.3877], [-110.74491, 32.38677], [-110.74622, 32.3877], [-110.74587, 32.39409], [-110.74746, 32.39033], [-110.75002, 32.38973], [-110.75205, 32.3858], [-110.75257, 32.38692], [-110.75353, 32.38547], [-110.7539, 32.38824], [-110.75631, 32.38987], [-110.75468, 32.3915], [-110.75663, 32.39177], [-110.758, 32.39499], [-110.76279, 32.39131], [-110.76415, 32.39204], [-110.76324, 32.39448], [-110.76454, 32.39503], [-110.76471, 32.396], [-110.76663, 32.39628], [-110.76982, 32.39548], [-110.7711, 32.39609], [-110.77333, 32.39467], [-110.77503, 32.39448], [-110.77493, 32.39324], [-110.77882, 32.39503], [-110.77796, 32.39747], [-110.77876, 32.39833], [-110.77717, 32.39942], [-110.77525, 32.39932], [-110.77461, 32.40046], [-110.77365, 32.40028], [-110.77302, 32.40099], [-110.77206, 32.40049], [-110.77014, 32.40335], [-110.76854, 32.40311], [-110.76695, 32.4041], [-110.76407, 32.40838], [-110.76503, 32.40841], [-110.76599, 32.40711], [-110.76759, 32.40763], [-110.76854, 32.40628], [-110.76918, 32.40742], [-110.7711, 32.40831], [-110.77142, 32.40766], [-110.77302, 32.40795], [-110.77333, 32.40685], [-110.77523, 32.40724], [-110.77589, 32.4061], [-110.77749, 32.40665], [-110.77813, 32.40616], [-110.7794, 32.40713], [-110.78004, 32.40613], [-110.78132, 32.40635], [-110.78066, 32.40561], [-110.78196, 32.40405], [-110.78283, 32.40426], [-110.78341, 32.40589], [-110.78515, 32.40677], [-110.78579, 32.40847], [-110.78595, 32.4048], [-110.78795, 32.4029], [-110.78835, 32.3995], [-110.78962, 32.40174], [-110.79186, 32.40212], [-110.7925, 32.40302], [-110.7941, 32.40283], [-110.7953, 32.40371], [-110.79621, 32.40534], [-110.79571, 32.40643], [-110.79744, 32.40697], [-110.7978, 32.40806], [-110.79889, 32.40849], [-110.8008, 32.40762], [-110.80208, 32.40852], [-110.80271, 32.4067], [-110.80631, 32.40453], [-110.80333, 32.401], [-110.80576, 32.39856], [-110.80556, 32.39693], [-110.80943, 32.39834], [-110.81007, 32.39733], [-110.81326, 32.39807], [-110.81382, 32.39503], [-110.81518, 32.39463], [-110.81658, 32.39557], [-110.81677, 32.39747], [-110.81933, 32.39861], [-110.8203, 32.401], [-110.82188, 32.40209], [-110.82316, 32.40178], [-110.82572, 32.40301], [-110.82712, 32.40263], [-110.82699, 32.40504], [-110.82345, 32.40507], [-110.82369, 32.40941], [-110.8223, 32.40996], [-110.82365, 32.41349], [-110.82284, 32.41695], [-110.82572, 32.41584], [-110.82719, 32.41403], [-110.82955, 32.41327], [-110.83013, 32.41403], [-110.82938, 32.41647], [-110.83051, 32.41723], [-110.83146, 32.41707], [-110.83146, 32.41812], [-110.83466, 32.41832], [-110.83753, 32.4172], [-110.83848, 32.41756], [-110.8378, 32.41837], [-110.83931, 32.4181], [-110.83689, 32.42], [-110.83338, 32.42041], [-110.83242, 32.4218], [-110.83019, 32.42213], [-110.8288, 32.42326], [-110.82878, 32.42462], [-110.82756, 32.42489], [-110.82638, 32.42624], [-110.82854, 32.42923], [-110.82751, 32.43005], [-110.82731, 32.43144], [-110.82379, 32.43276], [-110.82498, 32.43385], [-110.82513, 32.43547], [-110.82856, 32.43602], [-110.83038, 32.439], [-110.82741, 32.44145], [-110.82685, 32.44416], [-110.82558, 32.44443], [-110.82522, 32.44579], [-110.82124, 32.44772], [-110.82018, 32.44905], [-110.82002, 32.45122], [-110.8191, 32.45258], [-110.82145, 32.45556], [-110.81965, 32.45705], [-110.81776, 32.46045], [-110.81967, 32.46452], [-110.82424, 32.46941], [-110.82387, 32.47104], [-110.82524, 32.47266], [-110.82029, 32.47352], [-110.81888, 32.47701], [-110.81964, 32.48081], [-110.81805, 32.48342], [-110.81622, 32.48325], [-110.81486, 32.48227], [-110.81253, 32.48624], [-110.80895, 32.48922], [-110.80687, 32.49827], [-110.80464, 32.49697], [-110.80326, 32.49791], [-110.80272, 32.50034], [-110.80176, 32.50026], [-110.80021, 32.49872], [-110.80001, 32.49737], [-110.80048, 32.49629], [-110.80329, 32.49492], [-110.8043, 32.49085], [-110.80384, 32.48814], [-110.80655, 32.48659], [-110.80733, 32.48461], [-110.80941, 32.48325], [-110.80988, 32.48081], [-110.81166, 32.47985], [-110.81196, 32.47891], [-110.80591, 32.47108], [-110.80522, 32.46832], [-110.80591, 32.46731], [-110.80751, 32.4679], [-110.80825, 32.46588], [-110.80799, 32.45991], [-110.80908, 32.45638], [-110.81029, 32.45502], [-110.80971, 32.4523], [-110.81134, 32.44857], [-110.80719, 32.45113], [-110.80591, 32.45077], [-110.80559, 32.45366], [-110.80304, 32.45468], [-110.8008, 32.45794], [-110.7997, 32.45773], [-110.79921, 32.45678], [-110.79823, 32.45692], [-110.79746, 32.45991], [-110.79473, 32.46088], [-110.79411, 32.46262], [-110.78995, 32.46506], [-110.78835, 32.46528], [-110.78611, 32.46342], [-110.78547, 32.46442], [-110.78451, 32.46378], [-110.78185, 32.46533], [-110.77525, 32.47689], [-110.77454, 32.47565], [-110.77577, 32.47348], [-110.77583, 32.46941], [-110.77525, 32.46908], [-110.77261, 32.47049], [-110.77276, 32.46723], [-110.77164, 32.46533], [-110.7727, 32.46375], [-110.7711, 32.46411], [-110.76898, 32.46778], [-110.76721, 32.46886], [-110.76599, 32.47178], [-110.76471, 32.47079], [-110.76495, 32.46995], [-110.76404, 32.46968], [-110.76439, 32.46878], [-110.76306, 32.46778], [-110.764, 32.46642], [-110.76311, 32.46584], [-110.76324, 32.46316], [-110.76246, 32.46289], [-110.76088, 32.45973], [-110.75991, 32.46289], [-110.76054, 32.46343], [-110.7602, 32.46425], [-110.75896, 32.46635], [-110.75657, 32.46751], [-110.75771, 32.46832], [-110.75768, 32.47315], [-110.75513, 32.47268], [-110.75502, 32.47538], [-110.75583, 32.47619], [-110.75385, 32.47751], [-110.75313, 32.47728], [-110.75232, 32.47864], [-110.75098, 32.47918], [-110.7515, 32.47999], [-110.7507, 32.48108], [-110.75223, 32.48216], [-110.75202, 32.48325], [-110.75417, 32.48447], [-110.75641, 32.48333], [-110.75722, 32.48407], [-110.75651, 32.48488], [-110.75781, 32.48732], [-110.75304, 32.48895], [-110.7529, 32.48977], [-110.75461, 32.49112], [-110.75364, 32.49275], [-110.75521, 32.49384], [-110.75307, 32.49519], [-110.75486, 32.49737], [-110.75375, 32.49872], [-110.75454, 32.50035], [-110.75257, 32.50067], [-110.75225, 32.50174], [-110.74957, 32.50361], [-110.7513, 32.50602], [-110.75481, 32.50676], [-110.75705, 32.50833], [-110.75759, 32.50985], [-110.75669, 32.51121], [-110.75808, 32.5123], [-110.75533, 32.51447], [-110.75605, 32.51718], [-110.75337, 32.51718], [-110.75368, 32.5237], [-110.75225, 32.52554]]}}, {"type": "Feature", "properties": {"elev": 2000.0, "index": true}, "geometry": {"type": "LineString", "coordinates": [[-110.84137, 32.3983], [-110.83721, 32.39596], [-110.8353, 32.39841], [-110.83421, 32.39801], [-110.83484, 32.39693], [-110.8348, 32.3934], [-110.83698, 32.39231], [-110.83605, 32.39096], [-110.83599, 32.38851], [-110.8353, 32.3893], [-110.83401, 32.38661], [-110.8315, 32.38417], [-110.83069, 32.38281], [-110.83088, 32.38064], [-110.82955, 32.37948], [-110.82789, 32.37928], [-110.82827, 32.3778], [-110.82987, 32.3785], [-110.83115, 32.37816], [-110.83306, 32.38054], [-110.83498, 32.38082], [-110.83643, 32.37928], [-110.83881, 32.37952], [-110.83977, 32.3777], [-110.84296, 32.3766], [-110.84552, 32.37842], [-110.84648, 32.38009], [-110.84871, 32.37842], [-110.85031, 32.37928], [-110.85162, 32.37901], [-110.851, 32.3763], [-110.84947, 32.37494], [-110.84946, 32.37304], [-110.84729, 32.37114], [-110.84775, 32.36876], [-110.8452, 32.36618], [-110.84328, 32.36739], [-110.84251, 32.36652], [-110.84383, 32.36462], [-110.84392, 32.36291], [-110.8452, 32.36274], [-110.84661, 32.36435], [-110.84714, 32.36652], [-110.84844, 32.36761], [-110.85159, 32.36834], [-110.85702, 32.3716], [-110.86035, 32.37711], [-110.86102, 32.37983], [-110.86309, 32.38013], [-110.86449, 32.382], [-110.86149, 32.38076], [-110.86021, 32.38144], [-110.86, 32.37983], [-110.85734, 32.37829], [-110.85694, 32.37955], [-110.85574, 32.37914], [-110.85422, 32.38064], [-110.8535, 32.38043], [-110.85318, 32.38136], [-110.85159, 32.38076], [-110.85067, 32.38498], [-110.85286, 32.38677], [-110.8535, 32.38619], [-110.85436, 32.38743], [-110.85409, 32.38824], [-110.8552, 32.38906], [-110.85478, 32.39041], [-110.85645, 32.39258], [-110.85358, 32.3915], [-110.85137, 32.38797], [-110.84935, 32.38731], [-110.84882, 32.38987], [-110.84773, 32.39096], [-110.84847, 32.39177], [-110.84794, 32.39313], [-110.84392, 32.39171], [-110.84339, 32.39204], [-110.84137, 32.3983]]}}, {"type": "Feature", "properties": {"elev": 2000.0, "index": true}, "geometry": {"type": "LineString", "coordinates": [[-110.75225, 32.38548], [-110.75225, 32.38479], [-110.75225, 32.38548]]}}, {"type": "Feature", "properties": {"elev": 2000.0, "index": true}, "geometry": {"type": "LineString", "coordinates": [[-110.88448, 32.38173], [-110.88385, 32.38104], [-110.88257, 32.38116], [-110.88097, 32.37885], [-110.88033, 32.37954], [-110.87937, 32.37926], [-110.87778, 32.38066], [-110.8765, 32.37988], [-110.87586, 32.3804], [-110.87503, 32.3801], [-110.87597, 32.37847], [-110.87417, 32.37738], [-110.87373, 32.37603], [-110.87538, 32.37413], [-110.87495, 32.3725], [-110.87394, 32.37195], [-110.87299, 32.37268], [-110.87134, 32.37222], [-110.87087, 32.3687], [-110.87363, 32.36615], [-110.87406, 32.36327], [-110.8781, 32.3631], [-110.87905, 32.36132], [-110.88049, 32.36218], [-110.88063, 32.363], [-110.87937, 32.36459], [-110.8781, 32.36409], [-110.87701, 32.3649], [-110.87674, 32.36652], [-110.87783, 32.3687], [-110.88065, 32.36965], [-110.88129, 32.36781], [-110.88257, 32.36864], [-110.88807, 32.36897], [-110.88818, 32.36978], [-110.88616, 32.37141], [-110.88572, 32.3744], [-110.88873, 32.37738], [-110.88864, 32.37847], [-110.88541, 32.37684], [-110.8855, 32.38037], [-110.88618, 32.38118], [-110.88448, 32.38173]]}}, {"type": "Feature", "properties": {"elev": 2000.0, "index": true}, "geometry": {"type": "LineString", "coordinates": [[-110.72479, 32.37342], [-110.72479, 32.37248], [-110.72479, 32.37342]]}}, {"type": "Feature", "properties": {"elev": 2000.0, "index": true}, "geometry": {"type": "LineString", "coordinates": [[-110.67209, 32.37356], [-110.67209, 32.373], [-110.67209, 32.37356]]}}, {"type": "Feature", "properties": {"elev": 2000.0, "index": true}, "geometry": {"type": "LineString", "coordinates": [[-110.82156, 32.37279], [-110.82112, 32.3725], [-110.82156, 32.37279]]}}, {"type": "Feature", "properties": {"elev": 2000.0, "index": true}, "geometry": {"type": "LineString", "coordinates": [[-110.81869, 32.37269], [-110.81741, 32.37012], [-110.81922, 32.37195], [-110.81869, 32.37269]]}}, {"type": "Feature", "properties": {"elev": 2000.0, "index": true}, "geometry": {"type": "LineString", "coordinates": [[-110.89758, 32.36601], [-110.89707, 32.36544], [-110.89758, 32.36508], [-110.89758, 32.36601]]}}, {"type": "Feature", "properties": {"elev": 2000.0, "index": true}, "geometry": {"type": "LineString", "coordinates": [[-110.81198, 32.36571], [-110.80984, 32.36571], [-110.8107, 32.3646], [-110.81198, 32.36571]]}}, {"type": "Feature", "properties": {"elev": 2100.0, "index": false}, "geometry": {"type": "LineString", "coordinates": [[-110.74778, 32.5181], [-110.74683, 32.51801], [-110.74637, 32.51718], [-110.74623, 32.51447], [-110.74409, 32.51284], [-110.745, 32.51148], [-110.74235, 32.50877], [-110.74184, 32.50714], [-110.73948, 32.50687], [-110.73869, 32.50551], [-110.73936, 32.5047], [-110.73916, 32.50324], [-110.7414, 32.50321], [-110.74219, 32.50198], [-110.74195, 32.5009], [-110.74577, 32.49954], [-110.74455, 32.49764], [-110.74427, 32.49518], [-110.74171, 32.49402], [-110.74039, 32.49248], [-110.74044, 32.49106], [-110.74395, 32.49117], [-110.74463, 32.49058], [-110.74392, 32.48814], [-110.74192, 32.48678], [-110.74212, 32.48461], [-110.74427, 32.48465], [-110.74533, 32.48352], [-110.74519, 32.48189], [-110.74778, 32.48183], [-110.74874, 32.48121], [-110.75069, 32.48488], [-110.75194, 32.48595], [-110.75494, 32.48678], [-110.7518, 32.48705], [-110.75112, 32.48814], [-110.75071, 32.48949], [-110.75233, 32.49167], [-110.75184, 32.49302], [-110.75237, 32.49411], [-110.751, 32.49574], [-110.75268, 32.4971], [-110.7513, 32.49845], [-110.75212, 32.49954], [-110.75007, 32.50225], [-110.74829, 32.5028], [-110.7479, 32.50415], [-110.75019, 32.50741], [-110.75194, 32.50816], [-110.75355, 32.50768], [-110.75576, 32.50931], [-110.75392, 32.51121], [-110.7548, 32.51311], [-110.75353, 32.51523], [-110.75257, 32.5154], [-110.75098, 32.51783], [-110.74906, 32.51704], [-110.74778, 32.5181]]}}, {"type": "Feature", "properties": {"elev": 2100.0, "index": false}, "geometry": {"type": "LineString", "coordinates": [[-110.74044, 32.51504], [-110.7414, 32.51424], [-110.74044, 32.51504]]}}, {"type": "Feature", "properties": {"elev": 2100.0, "index": false}, "geometry": {"type": "LineString", "coordinates": [[-110.73533, 32.50991], [-110.73493, 32.5085], [-110.73692, 32.50847], [-110.73533, 32.50991]]}}, {"type": "Feature", "properties": {"elev": 2100.0, "index": false}, "geometry": {"type": "LineString", "coordinates": [[-110.73884, 32.50317], [-110.73884, 32.50317]]}}, {"type": "Feature", "properties": {"elev": 2100.0, "index": false}, "geometry": {"type": "LineString", "coordinates": [[-110.80687, 32.4904], [-110.80591, 32.48958], [-110.80587, 32.48814], [-110.80815, 32.48683], [-110.80848, 32.48787], [-110.80687, 32.4904]]}}, {"type": "Feature", "properties": {"elev": 2100.0, "index": false}, "geometry": {"type": "LineString", "coordinates": [[-110.81007, 32.48629], [-110.80965, 32.48597], [-110.81135, 32.48216], [-110.81283, 32.48162], [-110.81348, 32.48026], [-110.81227, 32.47538], [-110.80958, 32.46995], [-110.81028, 32.46615], [-110.80955, 32.46126], [-110.81014, 32.45746], [-110.81207, 32.45502], [-110.81163, 32.4523], [-110.81363, 32.44715], [-110.81294, 32.44263], [-110.8123, 32.44242], [-110.81021, 32.44606], [-110.80764, 32.44796], [-110.80687, 32.44948], [-110.80464, 32.4485], [-110.80398, 32.45312], [-110.80208, 32.45352], [-110.80048, 32.455], [-110.79953, 32.45323], [-110.79742, 32.45583], [-110.79601, 32.45589], [-110.79582, 32.45936], [-110.7941, 32.45985], [-110.79218, 32.46153], [-110.7909, 32.46097], [-110.7893, 32.46347], [-110.78786, 32.46262], [-110.78707, 32.46005], [-110.78164, 32.46384], [-110.77817, 32.46886], [-110.77717, 32.47163], [-110.77653, 32.46677], [-110.77406, 32.46859], [-110.77488, 32.46751], [-110.77443, 32.46533], [-110.77557, 32.46478], [-110.77708, 32.46235], [-110.77653, 32.46128], [-110.77461, 32.46196], [-110.77481, 32.46018], [-110.77376, 32.46018], [-110.77333, 32.45928], [-110.77238, 32.45954], [-110.77206, 32.45864], [-110.77014, 32.46243], [-110.76883, 32.46181], [-110.76897, 32.46425], [-110.76725, 32.46479], [-110.76599, 32.46781], [-110.76537, 32.46723], [-110.76524, 32.46208], [-110.76407, 32.46185], [-110.76325, 32.45963], [-110.76214, 32.45936], [-110.76216, 32.45621], [-110.76056, 32.45654], [-110.75928, 32.45554], [-110.75871, 32.46153], [-110.75712, 32.46208], [-110.75829, 32.46343], [-110.75737, 32.46427], [-110.75609, 32.46408], [-110.75593, 32.46588], [-110.75316, 32.46723], [-110.7546, 32.46832], [-110.75551, 32.47049], [-110.7537, 32.47076], [-110.75329, 32.47239], [-110.75162, 32.47184], [-110.75029, 32.47294], [-110.75316, 32.47538], [-110.75062, 32.47619], [-110.75038, 32.47782], [-110.74901, 32.47945], [-110.74906, 32.48088], [-110.74644, 32.47918], [-110.74754, 32.47755], [-110.74714, 32.47693], [-110.74617, 32.47701], [-110.74609, 32.47538], [-110.74491, 32.47463], [-110.74363, 32.47692], [-110.74171, 32.47541], [-110.74044, 32.47674], [-110.74015, 32.47375], [-110.73873, 32.47294], [-110.73979, 32.47185], [-110.73865, 32.47104], [-110.73927, 32.46968], [-110.73841, 32.46751], [-110.74108, 32.4683], [-110.74203, 32.46729], [-110.74331, 32.46716], [-110.74523, 32.4689], [-110.74729, 32.46696], [-110.74678, 32.46533], [-110.74818, 32.46452], [-110.74674, 32.46316], [-110.74655, 32.46045], [-110.74555, 32.45918], [-110.74459, 32.45906], [-110.74397, 32.45611], [-110.74323, 32.45556], [-110.74337, 32.45393], [-110.74108, 32.45285], [-110.73893, 32.45068], [-110.74171, 32.45133], [-110.74253, 32.45095], [-110.74105, 32.44986], [-110.74066, 32.44823], [-110.74188, 32.44606], [-110.74299, 32.44627], [-110.74412, 32.44552], [-110.74395, 32.44434], [-110.74524, 32.44335], [-110.74517, 32.44253], [-110.74331, 32.44145], [-110.74495, 32.43927], [-110.74491, 32.43629], [-110.74208, 32.43602], [-110.7414, 32.43498], [-110.73894, 32.43547], [-110.73884, 32.43381], [-110.73756, 32.43406], [-110.73533, 32.43279], [-110.73341, 32.43044], [-110.73149, 32.43399], [-110.72877, 32.43547], [-110.7274, 32.43412], [-110.7279, 32.43167], [-110.72606, 32.42787], [-110.72415, 32.42889], [-110.72319, 32.42722], [-110.72235, 32.42706], [-110.72191, 32.42544], [-110.72032, 32.42603], [-110.71968, 32.42459], [-110.71904, 32.4255], [-110.71872, 32.42403], [-110.71732, 32.42543], [-110.71673, 32.42814], [-110.71872, 32.42898], [-110.7184, 32.43039], [-110.71648, 32.43037], [-110.71552, 32.43134], [-110.71489, 32.43005], [-110.71201, 32.43113], [-110.7069, 32.43041], [-110.70672, 32.42787], [-110.70876, 32.42516], [-110.70593, 32.42489], [-110.7053, 32.42211], [-110.70225, 32.42299], [-110.70191, 32.42136], [-110.70288, 32.41837], [-110.70211, 32.41702], [-110.69668, 32.4208], [-110.69644, 32.41946], [-110.69369, 32.41702], [-110.69527, 32.41647], [-110.69511, 32.41512], [-110.69617, 32.4143], [-110.69572, 32.41323], [-110.69374, 32.41294], [-110.69258, 32.41077], [-110.69123, 32.4105], [-110.69092, 32.40914], [-110.69256, 32.40616], [-110.69221, 32.40542], [-110.68997, 32.40605], [-110.68851, 32.40561], [-110.68901, 32.40317], [-110.68831, 32.40154], [-110.68678, 32.4005], [-110.68454, 32.40133], [-110.68438, 32.3991], [-110.68263, 32.39749], [-110.68002, 32.39937], [-110.68011, 32.39557], [-110.67943, 32.39509], [-110.6772, 32.39587], [-110.67496, 32.39416], [-110.67241, 32.39362], [-110.67017, 32.3948], [-110.66825, 32.39498], [-110.6675, 32.39421], [-110.66896, 32.39258], [-110.66813, 32.39041], [-110.66378, 32.38771], [-110.66155, 32.38924], [-110.65899, 32.38868], [-110.65354, 32.39041], [-110.65303, 32.38933], [-110.65484, 32.38755], [-110.65739, 32.38634], [-110.65771, 32.3855], [-110.66027, 32.38586], [-110.66031, 32.38335], [-110.66314, 32.38277], [-110.66399, 32.38308], [-110.66602, 32.38816], [-110.66761, 32.38864], [-110.66905, 32.38824], [-110.66881, 32.38308], [-110.66761, 32.38275], [-110.66433, 32.37874], [-110.6657, 32.37684], [-110.66498, 32.37331], [-110.66698, 32.37419], [-110.66744, 32.37575], [-110.66874, 32.37575], [-110.66809, 32.37765], [-110.67079, 32.3782], [-110.66942, 32.38037], [-110.66966, 32.38227], [-110.66884, 32.38227], [-110.67017, 32.38436], [-110.6724, 32.38525], [-110.67113, 32.38586], [-110.67051, 32.38743], [-110.67073, 32.38906], [-110.67189, 32.39014], [-110.67065, 32.39177], [-110.67145, 32.39293], [-110.67241, 32.39195], [-110.67432, 32.3915], [-110.67403, 32.39041], [-110.67464, 32.3901], [-110.67592, 32.39218], [-110.67743, 32.39177], [-110.68072, 32.38906], [-110.68142, 32.3858], [-110.68422, 32.38456], [-110.68486, 32.38634], [-110.68742, 32.3852], [-110.6887, 32.38555], [-110.69093, 32.38337], [-110.69221, 32.38327], [-110.69508, 32.38142], [-110.69732, 32.37862], [-110.69924, 32.37883], [-110.70019, 32.37781], [-110.70211, 32.37744], [-110.7031, 32.37575], [-110.70446, 32.37575], [-110.70389, 32.37847], [-110.70211, 32.38051], [-110.70083, 32.38126], [-110.69994, 32.38091], [-110.69796, 32.3835], [-110.6965, 32.3839], [-110.69828, 32.3845], [-110.69924, 32.38376], [-110.70275, 32.38345], [-110.70243, 32.38569], [-110.69985, 32.38661], [-110.70019, 32.38694], [-110.70466, 32.38621], [-110.70658, 32.3846], [-110.70754, 32.38651], [-110.70882, 32.38644], [-110.70946, 32.38516], [-110.71137, 32.38506], [-110.7125, 32.38417], [-110.71262, 32.38145], [-110.71552, 32.37874], [-110.71712, 32.37839], [-110.7168, 32.38048], [-110.72032, 32.37869], [-110.72287, 32.37908], [-110.72333, 32.37983], [-110.72257, 32.38145], [-110.72, 32.38366], [-110.71712, 32.38531], [-110.71616, 32.38444], [-110.71436, 32.38553], [-110.71361, 32.38744], [-110.71239, 32.3877], [-110.71329, 32.38846], [-110.71552, 32.38654], [-110.71709, 32.38851], [-110.7159, 32.39014], [-110.71335, 32.3915], [-110.71212, 32.39421], [-110.71114, 32.39476], [-110.71233, 32.39554], [-110.71457, 32.39195], [-110.71616, 32.39146], [-110.71866, 32.38933], [-110.71943, 32.3877], [-110.71808, 32.38703], [-110.72153, 32.38688], [-110.72287, 32.38779], [-110.72287, 32.38986], [-110.72549, 32.38607], [-110.72775, 32.38498], [-110.72977, 32.38281], [-110.73181, 32.3788], [-110.73692, 32.37619], [-110.73714, 32.37684], [-110.73565, 32.37813], [-110.73535, 32.37955], [-110.73246, 32.38064], [-110.73309, 32.38179], [-110.73373, 32.38084], [-110.73501, 32.38082], [-110.73504, 32.38145], [-110.73628, 32.38161], [-110.73628, 32.38235], [-110.72938, 32.3877], [-110.73149, 32.38793], [-110.73327, 32.38688], [-110.73203, 32.38933], [-110.73277, 32.39021], [-110.73341, 32.38945], [-110.73437, 32.38976], [-110.73522, 32.38688], [-110.73692, 32.38548], [-110.73916, 32.38563], [-110.74049, 32.38824], [-110.73947, 32.38987], [-110.74055, 32.39041], [-110.73775, 32.39421], [-110.73821, 32.39611], [-110.73533, 32.39828], [-110.73899, 32.3972], [-110.74119, 32.3953], [-110.74108, 32.39327], [-110.74267, 32.39197], [-110.74374, 32.39204], [-110.74312, 32.39666], [-110.74104, 32.39964], [-110.74251, 32.39964], [-110.74247, 32.40263], [-110.74319, 32.40236], [-110.74459, 32.3985], [-110.74579, 32.39774], [-110.74555, 32.39688], [-110.74862, 32.39503], [-110.74849, 32.39394], [-110.75034, 32.39165], [-110.75225, 32.39115], [-110.75321, 32.38951], [-110.75435, 32.39014], [-110.7519, 32.39394], [-110.75194, 32.39529], [-110.75305, 32.3934], [-110.75449, 32.39312], [-110.75701, 32.39476], [-110.75768, 32.39696], [-110.76152, 32.39409], [-110.76216, 32.39744], [-110.766, 32.3991], [-110.76918, 32.39802], [-110.7711, 32.39856], [-110.77302, 32.39806], [-110.77705, 32.39557], [-110.77657, 32.39801], [-110.7711, 32.39924], [-110.77014, 32.40116], [-110.76656, 32.40209], [-110.76334, 32.40507], [-110.76283, 32.4067], [-110.76216, 32.40611], [-110.76136, 32.40643], [-110.76062, 32.4086], [-110.7596, 32.40796], [-110.75937, 32.41131], [-110.75616, 32.41294], [-110.75662, 32.41349], [-110.75545, 32.41532], [-110.75864, 32.41319], [-110.76223, 32.41403], [-110.76289, 32.41131], [-110.76407, 32.41064], [-110.76535, 32.41063], [-110.76535, 32.41191], [-110.76727, 32.41304], [-110.77014, 32.41164], [-110.77206, 32.41185], [-110.77333, 32.41056], [-110.77781, 32.40886], [-110.7794, 32.40961], [-110.78164, 32.40849], [-110.78292, 32.40858], [-110.78356, 32.40781], [-110.78314, 32.40969], [-110.7843, 32.4124], [-110.78515, 32.41177], [-110.78771, 32.41266], [-110.78837, 32.4143], [-110.78771, 32.41532], [-110.78915, 32.41457], [-110.79096, 32.41213], [-110.78958, 32.41077], [-110.79058, 32.40861], [-110.79123, 32.40887], [-110.7909, 32.41024], [-110.79222, 32.40996], [-110.79156, 32.41131], [-110.79218, 32.4118], [-110.79346, 32.41131], [-110.79473, 32.41265], [-110.79697, 32.40926], [-110.79786, 32.40996], [-110.79793, 32.41228], [-110.79921, 32.41147], [-110.79984, 32.4122], [-110.80048, 32.41171], [-110.8008, 32.41295], [-110.80144, 32.41235], [-110.80336, 32.41279], [-110.80266, 32.40996], [-110.80398, 32.40833], [-110.804, 32.40705], [-110.80813, 32.40507], [-110.80751, 32.40221], [-110.80943, 32.40061], [-110.8107, 32.40091], [-110.81134, 32.39898], [-110.81422, 32.39878], [-110.81518, 32.39709], [-110.81665, 32.39883], [-110.81869, 32.39987], [-110.8191, 32.40154], [-110.82249, 32.40399], [-110.82245, 32.4086], [-110.82074, 32.40969], [-110.82163, 32.41376], [-110.8211, 32.4143], [-110.82145, 32.41729], [-110.82077, 32.41783], [-110.82124, 32.42182], [-110.82827, 32.4151], [-110.82871, 32.41593], [-110.82804, 32.41702], [-110.83191, 32.42], [-110.82763, 32.42221], [-110.82763, 32.42383], [-110.82611, 32.42434], [-110.82621, 32.42489], [-110.82429, 32.42624], [-110.82617, 32.42814], [-110.82604, 32.43086], [-110.82176, 32.43249], [-110.82274, 32.4333], [-110.82373, 32.43683], [-110.82731, 32.43733], [-110.82789, 32.43846], [-110.82574, 32.44145], [-110.82566, 32.44335], [-110.82409, 32.44389], [-110.8234, 32.44552], [-110.82061, 32.44669], [-110.81837, 32.44932], [-110.81761, 32.45258], [-110.81933, 32.45556], [-110.81808, 32.45638], [-110.81619, 32.46045], [-110.81903, 32.46615], [-110.82162, 32.46886], [-110.82173, 32.47158], [-110.81952, 32.47239], [-110.81795, 32.47538], [-110.81773, 32.48097], [-110.81677, 32.48177], [-110.81454, 32.48073], [-110.81007, 32.48629]]}}, {"type": "Feature", "properties": {"elev": 2100.0, "index": false}, "geometry": {"type": "LineString", "coordinates": [[-110.78419, 32.41295], [-110.78419, 32.41295]]}}, {"type": "Feature", "properties": {"elev": 2100.0, "index": false}, "geometry": {"type": "LineString", "coordinates": [[-110.78994, 32.40837], [-110.78775, 32.40751], [-110.78747, 32.4067], [-110.78782, 32.40507], [-110.78899, 32.40395], [-110.79218, 32.40437], [-110.79339, 32.40589], [-110.78994, 32.40837]]}}, {"type": "Feature", "properties": {"elev": 2100.0, "index": false}, "geometry": {"type": "LineString", "coordinates": [[-110.78356, 32.40755], [-110.78356, 32.40755]]}}, {"type": "Feature", "properties": {"elev": 2100.0, "index": false}, "geometry": {"type": "LineString", "coordinates": [[-110.84073, 32.39638], [-110.83732, 32.39394], [-110.83856, 32.39231], [-110.83787, 32.39123], [-110.8384, 32.38661], [-110.83735, 32.38634], [-110.83658, 32.38378], [-110.8353, 32.38319], [-110.83434, 32.38394], [-110.83306, 32.38354], [-110.8329, 32.38173], [-110.83402, 32.38171], [-110.8353, 32.38296], [-110.83691, 32.38064], [-110.83817, 32.3803], [-110.83881, 32.38091], [-110.84105, 32.37891], [-110.84392, 32.37851], [-110.84552, 32.38159], [-110.84903, 32.37985], [-110.85013, 32.38037], [-110.84899, 32.38525], [-110.84986, 32.38607], [-110.8476, 32.38634], [-110.84731, 32.3896], [-110.84584, 32.39114], [-110.84301, 32.39041], [-110.84073, 32.39638]]}}, {"type": "Feature", "properties": {"elev": 2100.0, "index": false}, "geometry": {"type": "LineString", "coordinates": [[-110.65133, 32.38802], [-110.65101, 32.38765], [-110.65133, 32.38802]]}}, {"type": "Feature", "properties": {"elev": 2100.0, "index": false}, "geometry": {"type": "LineString", "coordinates": [[-110.70435, 32.38344], [-110.70343, 32.38335], [-110.70403, 32.3828], [-110.70558, 32.38281], [-110.70435, 32.38344]]}}, {"type": "Feature", "properties": {"elev": 2100.0, "index": false}, "geometry": {"type": "LineString", "coordinates": [[-110.88385, 32.37985], [-110.88225, 32.37798], [-110.88065, 32.3776], [-110.87745, 32.37874], [-110.87656, 32.37603], [-110.8776, 32.37494], [-110.87778, 32.37203], [-110.88289, 32.37285], [-110.88333, 32.37114], [-110.88519, 32.3706], [-110.88348, 32.37385], [-110.88387, 32.37548], [-110.88279, 32.37575], [-110.8826, 32.37793], [-110.88402, 32.37901], [-110.88385, 32.37985]]}}, {"type": "Feature", "properties": {"elev": 2100.0, "index": false}, "geometry": {"type": "LineString", "coordinates": [[-110.85478, 32.37904], [-110.85359, 32.37901], [-110.85265, 32.37793], [-110.85271, 32.37575], [-110.85073, 32.3744], [-110.85111, 32.37331], [-110.84912, 32.3706], [-110.84935, 32.36947], [-110.8551, 32.37114], [-110.85792, 32.37521], [-110.85854, 32.37765], [-110.8567, 32.37685], [-110.85606, 32.37838], [-110.85478, 32.37827], [-110.85478, 32.37904]]}}, {"type": "Feature", "properties": {"elev": 2100.0, "index": false}, "geometry": {"type": "LineString", "coordinates": [[-110.71808, 32.37801], [-110.71808, 32.37727], [-110.71808, 32.37801]]}}, {"type": "Feature", "properties": {"elev": 2100.0, "index": false}, "geometry": {"type": "LineString", "coordinates": [[-110.87586, 32.37093], [-110.8731, 32.37005], [-110.8749, 32.36551], [-110.87613, 32.36924], [-110.87586, 32.37093]]}}, {"type": "Feature", "properties": {"elev": 2200.0, "index": false}, "geometry": {"type": "LineString", "coordinates": [[-110.7481, 32.51587], [-110.74872, 32.51447], [-110.7467, 32.51284], [-110.74812, 32.5104], [-110.74555, 32.50824], [-110.74378, 32.50768], [-110.74392, 32.50605], [-110.74092, 32.50524], [-110.74108, 32.50464], [-110.74363, 32.50462], [-110.74417, 32.50171], [-110.74638, 32.5009], [-110.74735, 32.49981], [-110.7462, 32.49791], [-110.74577, 32.49438], [-110.74242, 32.49275], [-110.74491, 32.49233], [-110.7461, 32.49139], [-110.74562, 32.48841], [-110.74375, 32.48651], [-110.74746, 32.48413], [-110.74743, 32.48488], [-110.74956, 32.48705], [-110.74882, 32.48895], [-110.75024, 32.49275], [-110.74935, 32.49601], [-110.75024, 32.4971], [-110.74992, 32.49981], [-110.74825, 32.50062], [-110.74682, 32.50252], [-110.74656, 32.50415], [-110.7478, 32.50687], [-110.75034, 32.50944], [-110.75357, 32.50958], [-110.75189, 32.51121], [-110.75225, 32.51285], [-110.75034, 32.51415], [-110.75002, 32.51523], [-110.7481, 32.51587]]}}, {"type": "Feature", "properties": {"elev": 2200.0, "index": false}, "geometry": {"type": "LineString", "coordinates": [[-110.81645, 32.47999], [-110.81456, 32.47945], [-110.8152, 32.47728], [-110.8137, 32.47646], [-110.81348, 32.47402], [-110.81142, 32.46913], [-110.81228, 32.46588], [-110.81128, 32.46099], [-110.81198, 32.4586], [-110.81382, 32.45719], [-110.81442, 32.45529], [-110.81395, 32.45122], [-110.81518, 32.44982], [-110.81641, 32.44959], [-110.81677, 32.44857], [-110.81729, 32.44986], [-110.81632, 32.45312], [-110.81768, 32.45529], [-110.81518, 32.45909], [-110.81501, 32.46072], [-110.81737, 32.46642], [-110.81923, 32.46805], [-110.81956, 32.46941], [-110.81681, 32.47429], [-110.81614, 32.47674], [-110.81705, 32.47809], [-110.81645, 32.47999]]}}, {"type": "Feature", "properties": {"elev": 2200.0, "index": false}, "geometry": {"type": "LineString", "coordinates": [[-110.74874, 32.47571], [-110.74805, 32.47565], [-110.7473, 32.47375], [-110.74587, 32.47251], [-110.74395, 32.47296], [-110.74299, 32.47452], [-110.7414, 32.47415], [-110.7409, 32.47266], [-110.74138, 32.47185], [-110.74034, 32.47076], [-110.74067, 32.46941], [-110.74203, 32.4693], [-110.74267, 32.46856], [-110.74459, 32.47037], [-110.74587, 32.47053], [-110.7484, 32.46859], [-110.74901, 32.46588], [-110.75015, 32.46506], [-110.75024, 32.46371], [-110.74814, 32.46181], [-110.74916, 32.45963], [-110.7481, 32.45935], [-110.74778, 32.45728], [-110.74618, 32.45746], [-110.74535, 32.45665], [-110.74458, 32.45285], [-110.74651, 32.45203], [-110.74636, 32.4504], [-110.74717, 32.44986], [-110.74448, 32.44878], [-110.74676, 32.44688], [-110.7468, 32.44498], [-110.7478, 32.44389], [-110.74752, 32.4428], [-110.74819, 32.44226], [-110.74596, 32.44063], [-110.74755, 32.43602], [-110.74612, 32.43493], [-110.74203, 32.4334], [-110.74108, 32.43359], [-110.74044, 32.43124], [-110.73724, 32.43149], [-110.73373, 32.42775], [-110.73199, 32.4295], [-110.73086, 32.43251], [-110.72958, 32.43308], [-110.72972, 32.43113], [-110.73096, 32.42977], [-110.72875, 32.42814], [-110.72926, 32.426], [-110.7283, 32.42553], [-110.72734, 32.42605], [-110.72574, 32.42422], [-110.72447, 32.42635], [-110.72383, 32.42616], [-110.72292, 32.42434], [-110.72124, 32.42407], [-110.72095, 32.42248], [-110.7197, 32.42299], [-110.71939, 32.42109], [-110.71872, 32.42072], [-110.7155, 32.42489], [-110.71489, 32.42875], [-110.71169, 32.42963], [-110.70914, 32.42935], [-110.70937, 32.42679], [-110.71027, 32.42624], [-110.71123, 32.42353], [-110.70914, 32.4232], [-110.70754, 32.42391], [-110.70662, 32.4219], [-110.70722, 32.41993], [-110.70376, 32.42136], [-110.70331, 32.41892], [-110.70465, 32.4181], [-110.70349, 32.41729], [-110.70371, 32.41482], [-110.69796, 32.41842], [-110.69646, 32.41783], [-110.69668, 32.41591], [-110.69822, 32.41457], [-110.69801, 32.41267], [-110.69604, 32.41191], [-110.69476, 32.41211], [-110.69349, 32.40962], [-110.69236, 32.40941], [-110.6943, 32.4067], [-110.6937, 32.40589], [-110.69419, 32.40426], [-110.69189, 32.40387], [-110.69029, 32.40453], [-110.68965, 32.40371], [-110.69057, 32.40317], [-110.68941, 32.40073], [-110.68774, 32.39999], [-110.68781, 32.39937], [-110.68582, 32.39977], [-110.68616, 32.39883], [-110.68327, 32.39575], [-110.68103, 32.39656], [-110.68177, 32.39503], [-110.68039, 32.39393], [-110.6777, 32.39421], [-110.68088, 32.39177], [-110.68103, 32.39059], [-110.68199, 32.39038], [-110.68327, 32.38637], [-110.68454, 32.38834], [-110.68678, 32.38687], [-110.68997, 32.38699], [-110.69093, 32.38552], [-110.69125, 32.38686], [-110.69322, 32.38715], [-110.69136, 32.39014], [-110.69285, 32.3905], [-110.69268, 32.39286], [-110.69454, 32.39476], [-110.69412, 32.39532], [-110.69253, 32.39423], [-110.69185, 32.39448], [-110.69006, 32.39774], [-110.69156, 32.39828], [-110.69221, 32.39986], [-110.69785, 32.39801], [-110.69828, 32.3963], [-110.69987, 32.39704], [-110.70505, 32.3953], [-110.70466, 32.39799], [-110.70658, 32.39741], [-110.70802, 32.3991], [-110.7059, 32.40018], [-110.70586, 32.40181], [-110.70371, 32.40324], [-110.70723, 32.40344], [-110.709, 32.40154], [-110.71137, 32.40161], [-110.71677, 32.39801], [-110.71752, 32.39638], [-110.71616, 32.39643], [-110.71609, 32.39557], [-110.71806, 32.39258], [-110.71936, 32.39269], [-110.71968, 32.39357], [-110.72127, 32.392], [-110.72157, 32.39367], [-110.72319, 32.39307], [-110.72479, 32.39339], [-110.72894, 32.39028], [-110.73022, 32.39143], [-110.73142, 32.3915], [-110.73108, 32.39286], [-110.7299, 32.39313], [-110.72964, 32.39394], [-110.73054, 32.39503], [-110.7299, 32.39623], [-110.73341, 32.39429], [-110.73455, 32.39448], [-110.735, 32.39557], [-110.73178, 32.39801], [-110.72838, 32.40209], [-110.73213, 32.40189], [-110.73309, 32.40241], [-110.73405, 32.40112], [-110.73724, 32.40115], [-110.73916, 32.40221], [-110.73916, 32.40325], [-110.74222, 32.4048], [-110.74299, 32.40606], [-110.74448, 32.4048], [-110.74523, 32.40235], [-110.74695, 32.40263], [-110.7481, 32.40144], [-110.74714, 32.40073], [-110.74863, 32.39964], [-110.74874, 32.3983], [-110.75002, 32.40016], [-110.75098, 32.39922], [-110.75513, 32.40136], [-110.75463, 32.39883], [-110.75549, 32.39774], [-110.75518, 32.39638], [-110.75442, 32.39611], [-110.75545, 32.39567], [-110.75659, 32.39883], [-110.758, 32.39842], [-110.7593, 32.40046], [-110.75821, 32.40236], [-110.76056, 32.40214], [-110.76216, 32.40049], [-110.76311, 32.40036], [-110.76408, 32.401], [-110.76439, 32.40236], [-110.76196, 32.40453], [-110.76059, 32.4048], [-110.75973, 32.40616], [-110.75768, 32.40582], [-110.75705, 32.41039], [-110.75577, 32.41119], [-110.75481, 32.41087], [-110.75397, 32.41186], [-110.754, 32.41457], [-110.75125, 32.41674], [-110.75134, 32.42272], [-110.75194, 32.4231], [-110.7527, 32.41864], [-110.75577, 32.41798], [-110.75705, 32.41631], [-110.76184, 32.4152], [-110.76375, 32.41661], [-110.76663, 32.41433], [-110.76854, 32.41442], [-110.7711, 32.41313], [-110.7727, 32.41365], [-110.77557, 32.41099], [-110.77781, 32.41066], [-110.77908, 32.41159], [-110.78004, 32.41144], [-110.77972, 32.41264], [-110.78084, 32.4124], [-110.77717, 32.41625], [-110.77972, 32.41603], [-110.78036, 32.41655], [-110.78196, 32.41603], [-110.78341, 32.41783], [-110.78387, 32.42031], [-110.78579, 32.42019], [-110.78867, 32.41826], [-110.7909, 32.41867], [-110.79154, 32.41824], [-110.79247, 32.42027], [-110.79199, 32.42109], [-110.79282, 32.4211], [-110.79473, 32.4191], [-110.79793, 32.41799], [-110.79889, 32.41825], [-110.79984, 32.41714], [-110.80176, 32.41843], [-110.80377, 32.41783], [-110.80496, 32.41653], [-110.80623, 32.41764], [-110.80873, 32.41484], [-110.8091, 32.41267], [-110.81294, 32.41207], [-110.8131, 32.41104], [-110.81454, 32.41016], [-110.81613, 32.41077], [-110.81656, 32.40833], [-110.81507, 32.40779], [-110.81371, 32.40616], [-110.8123, 32.40059], [-110.81422, 32.40069], [-110.81486, 32.39996], [-110.81709, 32.40073], [-110.82149, 32.40589], [-110.82156, 32.40767], [-110.82029, 32.40881], [-110.81816, 32.40941], [-110.81973, 32.41104], [-110.82008, 32.4162], [-110.81899, 32.41729], [-110.81939, 32.4219], [-110.81648, 32.42353], [-110.81637, 32.4257], [-110.821, 32.4238], [-110.82603, 32.41973], [-110.82635, 32.4186], [-110.82859, 32.41861], [-110.8292, 32.42], [-110.82659, 32.42136], [-110.82437, 32.42489], [-110.82223, 32.4257], [-110.82462, 32.42814], [-110.82508, 32.42979], [-110.82133, 32.43005], [-110.81981, 32.43249], [-110.82103, 32.4333], [-110.82205, 32.4371], [-110.82575, 32.43873], [-110.8222, 32.44451], [-110.81742, 32.44796], [-110.81645, 32.44507], [-110.81454, 32.44347], [-110.8145, 32.4409], [-110.81316, 32.44009], [-110.81262, 32.43874], [-110.81166, 32.43932], [-110.81007, 32.4384], [-110.80969, 32.44009], [-110.81071, 32.4409], [-110.81015, 32.44253], [-110.80783, 32.44633], [-110.80693, 32.44633], [-110.80623, 32.44765], [-110.80368, 32.44703], [-110.80308, 32.44742], [-110.8027, 32.4523], [-110.80104, 32.4523], [-110.8008, 32.45027], [-110.79887, 32.45095], [-110.79609, 32.45475], [-110.79404, 32.45502], [-110.79462, 32.45828], [-110.79282, 32.4596], [-110.7909, 32.45916], [-110.7893, 32.46037], [-110.78867, 32.45898], [-110.78675, 32.45769], [-110.78529, 32.46018], [-110.7826, 32.46168], [-110.77812, 32.46588], [-110.77813, 32.46692], [-110.77719, 32.46533], [-110.77946, 32.45991], [-110.77876, 32.4593], [-110.77685, 32.45989], [-110.77574, 32.45909], [-110.77505, 32.45746], [-110.77557, 32.45572], [-110.77238, 32.45666], [-110.77142, 32.45511], [-110.77014, 32.45514], [-110.76965, 32.45828], [-110.76886, 32.45873], [-110.76759, 32.45743], [-110.76668, 32.45828], [-110.76631, 32.46088], [-110.76439, 32.45783], [-110.76359, 32.45773], [-110.76327, 32.45448], [-110.76279, 32.45416], [-110.76248, 32.45491], [-110.76088, 32.45513], [-110.758, 32.4524], [-110.75789, 32.45746], [-110.75647, 32.45991], [-110.75545, 32.45969], [-110.7551, 32.46018], [-110.75531, 32.46262], [-110.75377, 32.46343], [-110.75417, 32.46463], [-110.75167, 32.46669], [-110.75149, 32.46778], [-110.75306, 32.46913], [-110.74857, 32.47158], [-110.74874, 32.47375], [-110.75005, 32.47456], [-110.74874, 32.47571]]}}, {"type": "Feature", "properties": {"elev": 2200.0, "index": false}, "geometry": {"type": "LineString", "coordinates": [[-110.79441, 32.41733], [-110.79441, 32.41733]]}}, {"type": "Feature", "properties": {"elev": 2200.0, "index": false}, "geometry": {"type": "LineString", "coordinates": [[-110.79314, 32.41713], [-110.79314, 32.41638], [-110.79314, 32.41713]]}}, {"type": "Feature", "properties": {"elev": 2200.0, "index": false}, "geometry": {"type": "LineString", "coordinates": [[-110.78483, 32.41709], [-110.78483, 32.41663], [-110.78483, 32.41709]]}}, {"type": "Feature", "properties": {"elev": 2200.0, "index": false}, "geometry": {"type": "LineString", "coordinates": [[-110.80623, 32.41186], [-110.80577, 32.41131], [-110.80662, 32.40996], [-110.80605, 32.40941], [-110.80672, 32.40887], [-110.80591, 32.40769], [-110.80719, 32.40815], [-110.8089, 32.40779], [-110.80908, 32.4086], [-110.8107, 32.40961], [-110.81134, 32.40878], [-110.81273, 32.40996], [-110.81262, 32.41111], [-110.81102, 32.41031], [-110.81006, 32.41023], [-110.80975, 32.4108], [-110.80911, 32.40994], [-110.80879, 32.41088], [-110.80687, 32.41114], [-110.80623, 32.41186]]}}, {"type": "Feature", "properties": {"elev": 2200.0, "index": false}, "geometry": {"type": "LineString", "coordinates": [[-110.80975, 32.40321], [-110.80975, 32.40275], [-110.80975, 32.40321]]}}, {"type": "Feature", "properties": {"elev": 2200.0, "index": false}, "geometry": {"type": "LineString", "coordinates": [[-110.70562, 32.39532], [-110.70562, 32.39532]]}}, {"type": "Feature", "properties": {"elev": 2200.0, "index": false}, "geometry": {"type": "LineString", "coordinates": [[-110.83945, 32.39386], [-110.84032, 32.38607], [-110.83872, 32.38363], [-110.83937, 32.38173], [-110.84169, 32.38014], [-110.84552, 32.38313], [-110.84648, 32.38197], [-110.84762, 32.38227], [-110.84871, 32.38134], [-110.84769, 32.38525], [-110.84677, 32.38525], [-110.84607, 32.38634], [-110.84574, 32.38906], [-110.84456, 32.3901], [-110.8436, 32.38906], [-110.84169, 32.3892], [-110.84006, 32.39204], [-110.84041, 32.39321], [-110.83945, 32.39386]]}}, {"type": "Feature", "properties": {"elev": 2200.0, "index": false}, "geometry": {"type": "LineString", "coordinates": [[-110.73501, 32.39322], [-110.73433, 32.39286], [-110.73469, 32.39236], [-110.73501, 32.39322]]}}, {"type": "Feature", "properties": {"elev": 2200.0, "index": false}, "geometry": {"type": "LineString", "coordinates": [[-110.69476, 32.39291], [-110.69514, 32.39231], [-110.69476, 32.39291]]}}, {"type": "Feature", "properties": {"elev": 2200.0, "index": false}, "geometry": {"type": "LineString", "coordinates": [[-110.66346, 32.38666], [-110.66266, 32.38634], [-110.66282, 32.38518], [-110.66346, 32.38666]]}}, {"type": "Feature", "properties": {"elev": 2200.0, "index": false}, "geometry": {"type": "LineString", "coordinates": [[-110.7184, 32.38283], [-110.71786, 32.38227], [-110.71904, 32.38103], [-110.72063, 32.38127], [-110.7184, 32.38283]]}}, {"type": "Feature", "properties": {"elev": 2200.0, "index": false}, "geometry": {"type": "LineString", "coordinates": [[-110.697, 32.38232], [-110.69796, 32.38073], [-110.69813, 32.38145], [-110.697, 32.38232]]}}, {"type": "Feature", "properties": {"elev": 2200.0, "index": false}, "geometry": {"type": "LineString", "coordinates": [[-110.87905, 32.37724], [-110.87969, 32.37553], [-110.8803, 32.37575], [-110.87905, 32.37724]]}}, {"type": "Feature", "properties": {"elev": 2200.0, "index": false}, "geometry": {"type": "LineString", "coordinates": [[-110.85478, 32.37714], [-110.85412, 32.37521], [-110.85256, 32.37413], [-110.85254, 32.37172], [-110.85446, 32.37326], [-110.85466, 32.37467], [-110.8567, 32.37498], [-110.85478, 32.37714]]}}, {"type": "Feature", "properties": {"elev": 2200.0, "index": false}, "geometry": {"type": "LineString", "coordinates": [[-110.87937, 32.37533], [-110.87937, 32.37475], [-110.87937, 32.37533]]}}, {"type": "Feature", "properties": {"elev": 2300.0, "index": false}, "geometry": {"type": "LineString", "coordinates": [[-110.75002, 32.5124], [-110.7497, 32.51187], [-110.75002, 32.5124]]}}, {"type": "Feature", "properties": {"elev": 2300.0, "index": false}, "geometry": {"type": "LineString", "coordinates": [[-110.7481, 32.49835], [-110.74638, 32.49329], [-110.74778, 32.49172], [-110.7481, 32.49835]]}}, {"type": "Feature", "properties": {"elev": 2300.0, "index": false}, "geometry": {"type": "LineString", "coordinates": [[-110.74746, 32.48842], [-110.74672, 32.48814], [-110.74651, 32.48677], [-110.74746, 32.48707], [-110.74746, 32.48842]]}}, {"type": "Feature", "properties": {"elev": 2300.0, "index": false}, "geometry": {"type": "LineString", "coordinates": [[-110.81645, 32.47337], [-110.81594, 32.47131], [-110.81709, 32.46863], [-110.81781, 32.46968], [-110.81662, 32.47131], [-110.81645, 32.47337]]}}, {"type": "Feature", "properties": {"elev": 2300.0, "index": false}, "geometry": {"type": "LineString", "coordinates": [[-110.74363, 32.47187], [-110.74299, 32.47209], [-110.74178, 32.47076], [-110.74267, 32.47034], [-110.74363, 32.47187]]}}, {"type": "Feature", "properties": {"elev": 2300.0, "index": false}, "geometry": {"type": "LineString", "coordinates": [[-110.75194, 32.46427], [-110.75082, 32.46262], [-110.7514, 32.46153], [-110.75006, 32.45665], [-110.74796, 32.45502], [-110.75028, 32.45339], [-110.75034, 32.45194], [-110.75221, 32.45122], [-110.75078, 32.44878], [-110.74826, 32.44823], [-110.74969, 32.44606], [-110.75013, 32.44253], [-110.74874, 32.44099], [-110.74826, 32.439], [-110.74913, 32.43765], [-110.74914, 32.43575], [-110.74819, 32.43385], [-110.74683, 32.43293], [-110.74523, 32.43316], [-110.74316, 32.43222], [-110.7414, 32.42934], [-110.73852, 32.42976], [-110.73437, 32.42579], [-110.73149, 32.42799], [-110.73121, 32.42516], [-110.72798, 32.42398], [-110.72734, 32.42258], [-110.72479, 32.42197], [-110.72396, 32.4238], [-110.72264, 32.42326], [-110.7222, 32.42136], [-110.72084, 32.42109], [-110.72, 32.41858], [-110.71744, 32.41889], [-110.71712, 32.41975], [-110.71646, 32.41973], [-110.71572, 32.42082], [-110.71592, 32.42217], [-110.71397, 32.42489], [-110.71439, 32.4257], [-110.71361, 32.42769], [-110.71062, 32.42814], [-110.71158, 32.42733], [-110.71329, 32.42267], [-110.71137, 32.42155], [-110.70909, 32.42163], [-110.70882, 32.41797], [-110.70594, 32.41872], [-110.70624, 32.41756], [-110.70477, 32.41647], [-110.70498, 32.41345], [-110.70177, 32.41484], [-110.7013, 32.41321], [-110.69971, 32.41294], [-110.69955, 32.41094], [-110.69732, 32.41128], [-110.69512, 32.41023], [-110.69438, 32.4086], [-110.69518, 32.40779], [-110.69451, 32.40724], [-110.69576, 32.40697], [-110.69604, 32.40426], [-110.69341, 32.4029], [-110.69511, 32.40209], [-110.69571, 32.40073], [-110.69732, 32.40133], [-110.69924, 32.4009], [-110.70083, 32.40181], [-110.69999, 32.40507], [-110.70051, 32.40551], [-110.70211, 32.40514], [-110.70466, 32.40591], [-110.70626, 32.40542], [-110.70754, 32.40637], [-110.70978, 32.40679], [-110.70991, 32.40426], [-110.71105, 32.4039], [-110.71169, 32.40458], [-110.71343, 32.40371], [-110.71539, 32.40154], [-110.71552, 32.40026], [-110.71712, 32.40025], [-110.71746, 32.39937], [-110.71872, 32.399], [-110.72095, 32.39995], [-110.72291, 32.39991], [-110.72433, 32.39856], [-110.7239, 32.39747], [-110.72574, 32.39688], [-110.72535, 32.39828], [-110.72607, 32.39856], [-110.72606, 32.39945], [-110.7289, 32.3991], [-110.7267, 32.40087], [-110.72574, 32.40073], [-110.724, 32.40453], [-110.72511, 32.40404], [-110.72606, 32.40507], [-110.72702, 32.40391], [-110.72894, 32.40379], [-110.73117, 32.40535], [-110.73181, 32.40425], [-110.73501, 32.40358], [-110.73597, 32.40459], [-110.73928, 32.40561], [-110.73916, 32.40662], [-110.74163, 32.40806], [-110.74171, 32.40901], [-110.74491, 32.40725], [-110.74619, 32.40502], [-110.74842, 32.40475], [-110.75194, 32.40288], [-110.75511, 32.4029], [-110.75491, 32.40453], [-110.75622, 32.40561], [-110.75513, 32.40779], [-110.75577, 32.40949], [-110.75385, 32.40974], [-110.75146, 32.41186], [-110.7514, 32.41267], [-110.75257, 32.41289], [-110.75265, 32.41349], [-110.7513, 32.41525], [-110.74995, 32.41512], [-110.74939, 32.4162], [-110.74988, 32.41702], [-110.7492, 32.41919], [-110.74999, 32.42217], [-110.74809, 32.42272], [-110.74681, 32.42489], [-110.75098, 32.42443], [-110.75141, 32.42516], [-110.75066, 32.42827], [-110.75225, 32.42733], [-110.75378, 32.4276], [-110.75438, 32.42869], [-110.75366, 32.43005], [-110.75705, 32.43367], [-110.75721, 32.43222], [-110.756, 32.42977], [-110.75649, 32.42842], [-110.758, 32.42761], [-110.76029, 32.4276], [-110.75928, 32.42697], [-110.75577, 32.42718], [-110.75417, 32.42621], [-110.75557, 32.42299], [-110.75363, 32.42217], [-110.75513, 32.41986], [-110.75928, 32.41814], [-110.75992, 32.41702], [-110.76216, 32.41683], [-110.76503, 32.41859], [-110.76535, 32.41694], [-110.76892, 32.41702], [-110.77051, 32.41512], [-110.77461, 32.41465], [-110.77588, 32.41349], [-110.77415, 32.41756], [-110.7794, 32.41876], [-110.78196, 32.42098], [-110.78151, 32.42272], [-110.78259, 32.42462], [-110.78228, 32.42546], [-110.77828, 32.42543], [-110.78041, 32.42733], [-110.77972, 32.42792], [-110.78196, 32.42832], [-110.78266, 32.4276], [-110.78227, 32.42652], [-110.78515, 32.42647], [-110.78515, 32.42556], [-110.78785, 32.42543], [-110.78592, 32.42624], [-110.78608, 32.42706], [-110.78994, 32.42651], [-110.79346, 32.42746], [-110.79378, 32.42685], [-110.79583, 32.42652], [-110.79601, 32.42582], [-110.79825, 32.42558], [-110.80176, 32.424], [-110.80304, 32.42213], [-110.80527, 32.42244], [-110.80527, 32.42167], [-110.80655, 32.42212], [-110.80879, 32.42158], [-110.80943, 32.42219], [-110.81013, 32.42054], [-110.81134, 32.42069], [-110.81102, 32.41892], [-110.81468, 32.41729], [-110.81437, 32.41892], [-110.81532, 32.42082], [-110.81454, 32.42169], [-110.81326, 32.42139], [-110.81289, 32.42272], [-110.81487, 32.42516], [-110.81431, 32.43005], [-110.81654, 32.4295], [-110.81901, 32.42613], [-110.82061, 32.42582], [-110.82124, 32.42742], [-110.82257, 32.42814], [-110.81965, 32.42866], [-110.81711, 32.43195], [-110.81803, 32.43385], [-110.82029, 32.43512], [-110.82092, 32.43794], [-110.82319, 32.43982], [-110.82263, 32.44226], [-110.82114, 32.4428], [-110.82075, 32.44389], [-110.81965, 32.44455], [-110.81837, 32.44309], [-110.81864, 32.43927], [-110.81613, 32.441], [-110.81446, 32.43927], [-110.8139, 32.43701], [-110.81166, 32.43775], [-110.81166, 32.43563], [-110.81038, 32.43613], [-110.80847, 32.4356], [-110.80795, 32.43683], [-110.80847, 32.43795], [-110.80696, 32.43819], [-110.8074, 32.439], [-110.80686, 32.43955], [-110.80783, 32.43993], [-110.8083, 32.44145], [-110.80735, 32.44416], [-110.80568, 32.4447], [-110.80519, 32.4466], [-110.80304, 32.44592], [-110.8024, 32.4448], [-110.80106, 32.4485], [-110.79857, 32.44979], [-110.79697, 32.44914], [-110.797, 32.45176], [-110.79282, 32.45431], [-110.79168, 32.45773], [-110.78962, 32.45807], [-110.78835, 32.45725], [-110.78827, 32.45638], [-110.78675, 32.45594], [-110.78523, 32.45719], [-110.78532, 32.45909], [-110.78451, 32.45883], [-110.78386, 32.46018], [-110.78292, 32.45995], [-110.78036, 32.46245], [-110.78151, 32.45773], [-110.78068, 32.45722], [-110.77813, 32.45813], [-110.77723, 32.45773], [-110.77749, 32.45327], [-110.77461, 32.45445], [-110.77302, 32.45299], [-110.77078, 32.45335], [-110.76918, 32.45282], [-110.76828, 32.45393], [-110.76843, 32.45502], [-110.76631, 32.45554], [-110.76535, 32.45685], [-110.76524, 32.45502], [-110.76597, 32.45393], [-110.76507, 32.45285], [-110.76543, 32.45203], [-110.76375, 32.45175], [-110.76088, 32.45333], [-110.75832, 32.44888], [-110.756, 32.4523], [-110.75628, 32.45556], [-110.75439, 32.45719], [-110.7532, 32.45963], [-110.75314, 32.46235], [-110.75194, 32.46427]]}}, {"type": "Feature", "properties": {"elev": 2300.0, "index": false}, "geometry": {"type": "LineString", "coordinates": [[-110.82476, 32.42258], [-110.82476, 32.42215], [-110.82476, 32.42258]]}}, {"type": "Feature", "properties": {"elev": 2300.0, "index": false}, "geometry": {"type": "LineString", "coordinates": [[-110.78611, 32.42266], [-110.78472, 32.42163], [-110.78739, 32.42082], [-110.78611, 32.42266]]}}, {"type": "Feature", "properties": {"elev": 2300.0, "index": false}, "geometry": {"type": "LineString", "coordinates": [[-110.81518, 32.41677], [-110.81454, 32.41695], [-110.81413, 32.41593], [-110.81518, 32.4148], [-110.81645, 32.41455], [-110.81649, 32.41647], [-110.81518, 32.41677]]}}, {"type": "Feature", "properties": {"elev": 2300.0, "index": false}, "geometry": {"type": "LineString", "coordinates": [[-110.77621, 32.41328], [-110.77621, 32.41328]]}}, {"type": "Feature", "properties": {"elev": 2300.0, "index": false}, "geometry": {"type": "LineString", "coordinates": [[-110.6871, 32.39785], [-110.68511, 32.39666], [-110.68422, 32.39483], [-110.68142, 32.39313], [-110.68263, 32.39178], [-110.68358, 32.39281], [-110.68358, 32.39113], [-110.68646, 32.38916], [-110.6887, 32.38916], [-110.68965, 32.38855], [-110.6901, 32.38878], [-110.68827, 32.39204], [-110.69056, 32.39204], [-110.69074, 32.39258], [-110.68901, 32.39394], [-110.6871, 32.39785]]}}, {"type": "Feature", "properties": {"elev": 2300.0, "index": false}, "geometry": {"type": "LineString", "coordinates": [[-110.72383, 32.39734], [-110.72247, 32.39693], [-110.72255, 32.39542], [-110.72377, 32.39557], [-110.72383, 32.39734]]}}, {"type": "Feature", "properties": {"elev": 2300.0, "index": false}, "geometry": {"type": "LineString", "coordinates": [[-110.84456, 32.38933], [-110.84456, 32.38933]]}}, {"type": "Feature", "properties": {"elev": 2300.0, "index": false}, "geometry": {"type": "LineString", "coordinates": [[-110.84424, 32.38847], [-110.8436, 32.38796], [-110.84216, 32.38824], [-110.84161, 32.38715], [-110.84206, 32.38607], [-110.84124, 32.38308], [-110.84264, 32.3821], [-110.845, 32.38471], [-110.84424, 32.38847]]}}, {"type": "Feature", "properties": {"elev": 2400.0, "index": false}, "geometry": {"type": "LineString", "coordinates": [[-110.78324, 32.45893], [-110.7826, 32.45609], [-110.78036, 32.45588], [-110.77886, 32.45448], [-110.7797, 32.45312], [-110.7794, 32.4511], [-110.77589, 32.45222], [-110.77525, 32.45149], [-110.77429, 32.45209], [-110.7727, 32.45105], [-110.77174, 32.45186], [-110.7695, 32.4511], [-110.76822, 32.4519], [-110.76726, 32.4504], [-110.76471, 32.44916], [-110.76089, 32.45176], [-110.76139, 32.44959], [-110.75985, 32.44905], [-110.75872, 32.44688], [-110.7612, 32.44574], [-110.76459, 32.4466], [-110.7612, 32.44448], [-110.76135, 32.44253], [-110.76216, 32.44076], [-110.76586, 32.44009], [-110.76216, 32.43743], [-110.76088, 32.43494], [-110.76159, 32.43439], [-110.75946, 32.4333], [-110.75882, 32.43113], [-110.76216, 32.42913], [-110.76284, 32.43032], [-110.76567, 32.4308], [-110.76663, 32.43201], [-110.76759, 32.43079], [-110.76982, 32.432], [-110.7712, 32.43059], [-110.76982, 32.42904], [-110.76822, 32.4293], [-110.76685, 32.42842], [-110.76599, 32.42572], [-110.76503, 32.42556], [-110.76343, 32.42658], [-110.76248, 32.42524], [-110.75874, 32.42489], [-110.75832, 32.42163], [-110.7596, 32.42229], [-110.76056, 32.42158], [-110.76176, 32.4219], [-110.76311, 32.41928], [-110.76631, 32.42094], [-110.76613, 32.42], [-110.76742, 32.41837], [-110.7695, 32.41853], [-110.77113, 32.41783], [-110.7717, 32.42054], [-110.77293, 32.42163], [-110.77189, 32.42272], [-110.77365, 32.42273], [-110.77511, 32.42462], [-110.77443, 32.42652], [-110.77596, 32.42787], [-110.77583, 32.43167], [-110.77813, 32.43408], [-110.77976, 32.43195], [-110.78324, 32.43117], [-110.78547, 32.42951], [-110.79186, 32.42925], [-110.7925, 32.43046], [-110.79473, 32.4308], [-110.79534, 32.42977], [-110.79747, 32.42923], [-110.79899, 32.42733], [-110.80144, 32.42618], [-110.80719, 32.42471], [-110.80879, 32.42514], [-110.81102, 32.4235], [-110.81196, 32.42462], [-110.81107, 32.4257], [-110.81234, 32.4295], [-110.811, 32.43059], [-110.81466, 32.43167], [-110.81468, 32.43303], [-110.81678, 32.43493], [-110.81709, 32.43656], [-110.81645, 32.43794], [-110.8155, 32.43839], [-110.81515, 32.43656], [-110.81342, 32.43547], [-110.81294, 32.43391], [-110.81134, 32.43442], [-110.80665, 32.43385], [-110.80687, 32.43562], [-110.80591, 32.43685], [-110.80399, 32.43683], [-110.80453, 32.43737], [-110.80374, 32.43846], [-110.80525, 32.43927], [-110.80393, 32.44117], [-110.8055, 32.44226], [-110.8055, 32.44335], [-110.804, 32.44405], [-110.8024, 32.4427], [-110.80107, 32.44335], [-110.7994, 32.44769], [-110.79825, 32.44828], [-110.79537, 32.44774], [-110.7941, 32.44838], [-110.79575, 32.45013], [-110.79521, 32.4504], [-110.79577, 32.45122], [-110.79441, 32.45262], [-110.7925, 32.45307], [-110.79003, 32.45665], [-110.78899, 32.4552], [-110.78803, 32.45531], [-110.78675, 32.45297], [-110.78507, 32.45448], [-110.78516, 32.45611], [-110.78399, 32.45665], [-110.78324, 32.45893]]}}, {"type": "Feature", "properties": {"elev": 2400.0, "index": false}, "geometry": {"type": "LineString", "coordinates": [[-110.75225, 32.45653], [-110.75085, 32.45502], [-110.75231, 32.45312], [-110.75417, 32.45237], [-110.75467, 32.45339], [-110.75225, 32.45653]]}}, {"type": "Feature", "properties": {"elev": 2400.0, "index": false}, "geometry": {"type": "LineString", "coordinates": [[-110.75449, 32.4507], [-110.75449, 32.45023], [-110.75449, 32.4507]]}}, {"type": "Feature", "properties": {"elev": 2400.0, "index": false}, "geometry": {"type": "LineString", "coordinates": [[-110.75481, 32.44998], [-110.75481, 32.44938], [-110.75481, 32.44998]]}}, {"type": "Feature", "properties": {"elev": 2400.0, "index": false}, "geometry": {"type": "LineString", "coordinates": [[-110.75449, 32.44921], [-110.752, 32.44552], [-110.75267, 32.44416], [-110.75238, 32.44253], [-110.75073, 32.44036], [-110.75112, 32.43656], [-110.75018, 32.43575], [-110.75092, 32.43466], [-110.7497, 32.43301], [-110.74587, 32.4314], [-110.74427, 32.42889], [-110.74714, 32.43063], [-110.7474, 32.42814], [-110.74874, 32.4281], [-110.74872, 32.43059], [-110.75066, 32.43051], [-110.7513, 32.43204], [-110.75266, 32.43222], [-110.75372, 32.43412], [-110.7536, 32.43547], [-110.75443, 32.43602], [-110.75434, 32.43737], [-110.7571, 32.439], [-110.7569, 32.4428], [-110.75933, 32.44552], [-110.75449, 32.44921]]}}, {"type": "Feature", "properties": {"elev": 2400.0, "index": false}, "geometry": {"type": "LineString", "coordinates": [[-110.73884, 32.42799], [-110.73597, 32.42584], [-110.73565, 32.42446], [-110.73916, 32.42666], [-110.73884, 32.42799]]}}, {"type": "Feature", "properties": {"elev": 2400.0, "index": false}, "geometry": {"type": "LineString", "coordinates": [[-110.74235, 32.42546], [-110.74041, 32.42489], [-110.74094, 32.42353], [-110.74012, 32.42253], [-110.73884, 32.4242], [-110.73539, 32.42272], [-110.73213, 32.42239], [-110.73456, 32.42353], [-110.73482, 32.42434], [-110.73309, 32.42508], [-110.72908, 32.42326], [-110.72702, 32.42089], [-110.72479, 32.42053], [-110.72351, 32.42138], [-110.72255, 32.4199], [-110.72122, 32.41973], [-110.72137, 32.41756], [-110.72063, 32.41659], [-110.7162, 32.41756], [-110.71361, 32.42136], [-110.71169, 32.42035], [-110.71041, 32.42046], [-110.71068, 32.41702], [-110.70978, 32.4165], [-110.70786, 32.41685], [-110.7067, 32.41593], [-110.70594, 32.41249], [-110.70282, 32.4124], [-110.70143, 32.41159], [-110.70115, 32.41009], [-110.69955, 32.4095], [-110.69668, 32.40975], [-110.69621, 32.40779], [-110.69796, 32.40829], [-110.70243, 32.4071], [-110.70371, 32.40974], [-110.70562, 32.4104], [-110.70666, 32.40996], [-110.70914, 32.41117], [-110.70928, 32.40887], [-110.71265, 32.40837], [-110.71329, 32.40703], [-110.71457, 32.40847], [-110.71616, 32.40736], [-110.71635, 32.40887], [-110.71738, 32.40887], [-110.71744, 32.40952], [-110.72159, 32.4098], [-110.72347, 32.40833], [-110.72415, 32.40642], [-110.72511, 32.40761], [-110.72798, 32.40546], [-110.72913, 32.40724], [-110.7299, 32.40729], [-110.73373, 32.40571], [-110.73785, 32.40833], [-110.7366, 32.40878], [-110.73662, 32.4105], [-110.73506, 32.41267], [-110.73522, 32.41349], [-110.73724, 32.41241], [-110.73745, 32.4143], [-110.73887, 32.4143], [-110.73911, 32.41702], [-110.74012, 32.41795], [-110.74108, 32.4179], [-110.74278, 32.41647], [-110.74299, 32.41519], [-110.74363, 32.41531], [-110.74449, 32.4105], [-110.74624, 32.40887], [-110.74683, 32.40638], [-110.75002, 32.40576], [-110.75008, 32.40643], [-110.7483, 32.40697], [-110.74727, 32.40941], [-110.74842, 32.40979], [-110.75002, 32.40874], [-110.75078, 32.40914], [-110.74938, 32.41366], [-110.7472, 32.41647], [-110.74809, 32.41756], [-110.74776, 32.41973], [-110.74835, 32.42109], [-110.74593, 32.42136], [-110.7459, 32.42299], [-110.74459, 32.42347], [-110.74404, 32.42489], [-110.74235, 32.42546]]}}, {"type": "Feature", "properties": {"elev": 2400.0, "index": false}, "geometry": {"type": "LineString", "coordinates": [[-110.77557, 32.42406], [-110.77589, 32.42307], [-110.77557, 32.42406]]}}, {"type": "Feature", "properties": {"elev": 2400.0, "index": false}, "geometry": {"type": "LineString", "coordinates": [[-110.77685, 32.4228], [-110.77685, 32.42239], [-110.77685, 32.4228]]}}, {"type": "Feature", "properties": {"elev": 2400.0, "index": false}, "geometry": {"type": "LineString", "coordinates": [[-110.77876, 32.42238], [-110.77764, 32.42217], [-110.77649, 32.42054], [-110.77905, 32.4219], [-110.77876, 32.42238]]}}, {"type": "Feature", "properties": {"elev": 2400.0, "index": false}, "geometry": {"type": "LineString", "coordinates": [[-110.74012, 32.41711], [-110.74044, 32.41663], [-110.74012, 32.41711]]}}, {"type": "Feature", "properties": {"elev": 2400.0, "index": false}, "geometry": {"type": "LineString", "coordinates": [[-110.75225, 32.40895], [-110.7515, 32.4086], [-110.75353, 32.40711], [-110.75321, 32.40849], [-110.75225, 32.40895]]}}, {"type": "Feature", "properties": {"elev": 2400.0, "index": false}, "geometry": {"type": "LineString", "coordinates": [[-110.71936, 32.40655], [-110.71872, 32.40656], [-110.71872, 32.40571], [-110.71936, 32.40655]]}}, {"type": "Feature", "properties": {"elev": 2400.0, "index": false}, "geometry": {"type": "LineString", "coordinates": [[-110.697, 32.40378], [-110.69636, 32.40284], [-110.69711, 32.4029], [-110.697, 32.40378]]}}, {"type": "Feature", "properties": {"elev": 2400.0, "index": false}, "geometry": {"type": "LineString", "coordinates": [[-110.68614, 32.3953], [-110.68646, 32.39469], [-110.68614, 32.3953]]}}, {"type": "Feature", "properties": {"elev": 2400.0, "index": false}, "geometry": {"type": "LineString", "coordinates": [[-110.6871, 32.39457], [-110.68678, 32.39337], [-110.68736, 32.39367], [-110.6871, 32.39457]]}}, {"type": "Feature", "properties": {"elev": 2400.0, "index": false}, "geometry": {"type": "LineString", "coordinates": [[-110.84296, 32.38678], [-110.84296, 32.38623], [-110.84296, 32.38678]]}}, {"type": "Feature", "properties": {"elev": 2500.0, "index": true}, "geometry": {"type": "LineString", "coordinates": [[-110.78356, 32.45506], [-110.78228, 32.45479], [-110.7816, 32.45366], [-110.78103, 32.44959], [-110.77876, 32.44939], [-110.77749, 32.45008], [-110.77525, 32.4496], [-110.77493, 32.45017], [-110.77174, 32.44983], [-110.7711, 32.45034], [-110.76957, 32.44959], [-110.76961, 32.44905], [-110.77302, 32.44764], [-110.77624, 32.44688], [-110.77238, 32.44508], [-110.77014, 32.446], [-110.7695, 32.4448], [-110.76791, 32.44545], [-110.76727, 32.44466], [-110.76567, 32.44479], [-110.76503, 32.44394], [-110.76336, 32.44389], [-110.76377, 32.44253], [-110.76631, 32.44302], [-110.76759, 32.44139], [-110.7711, 32.4407], [-110.77198, 32.43982], [-110.76822, 32.43873], [-110.76822, 32.43737], [-110.76631, 32.43786], [-110.76402, 32.43602], [-110.7636, 32.43385], [-110.76759, 32.43503], [-110.77333, 32.43437], [-110.77685, 32.43763], [-110.78093, 32.43493], [-110.78228, 32.43568], [-110.78356, 32.43529], [-110.78675, 32.43373], [-110.78677, 32.43303], [-110.79058, 32.43186], [-110.79164, 32.43276], [-110.79314, 32.43199], [-110.79569, 32.43262], [-110.79761, 32.4309], [-110.79889, 32.43103], [-110.80016, 32.43032], [-110.80046, 32.42896], [-110.80176, 32.42793], [-110.80559, 32.42699], [-110.80847, 32.42702], [-110.80807, 32.42842], [-110.80898, 32.43005], [-110.80783, 32.4307], [-110.80754, 32.43222], [-110.80591, 32.43191], [-110.80464, 32.43266], [-110.80517, 32.43466], [-110.80336, 32.4358], [-110.8024, 32.43566], [-110.80208, 32.43704], [-110.80085, 32.43737], [-110.80208, 32.4385], [-110.80156, 32.43927], [-110.80239, 32.44009], [-110.80144, 32.44184], [-110.79866, 32.44253], [-110.79837, 32.44335], [-110.79927, 32.44389], [-110.79883, 32.44552], [-110.79793, 32.44643], [-110.79601, 32.44663], [-110.79473, 32.44567], [-110.79314, 32.44688], [-110.79194, 32.4466], [-110.79135, 32.44823], [-110.79297, 32.44905], [-110.79374, 32.45176], [-110.79154, 32.45214], [-110.79075, 32.45393], [-110.78899, 32.45416], [-110.7879, 32.45068], [-110.78675, 32.45054], [-110.78386, 32.45339], [-110.78356, 32.45506]]}}, {"type": "Feature", "properties": {"elev": 2500.0, "index": true}, "geometry": {"type": "LineString", "coordinates": [[-110.76279, 32.44869], [-110.76184, 32.44781], [-110.76279, 32.44869]]}}, {"type": "Feature", "properties": {"elev": 2500.0, "index": true}, "geometry": {"type": "LineString", "coordinates": [[-110.80911, 32.4325], [-110.80846, 32.43249], [-110.80911, 32.4325]]}}, {"type": "Feature", "properties": {"elev": 2500.0, "index": true}, "geometry": {"type": "LineString", "coordinates": [[-110.77046, 32.42708], [-110.76982, 32.42708], [-110.76854, 32.42508], [-110.76482, 32.42353], [-110.76783, 32.42299], [-110.76982, 32.42542], [-110.77078, 32.42536], [-110.77125, 32.42624], [-110.77046, 32.42708]]}}, {"type": "Feature", "properties": {"elev": 2500.0, "index": true}, "geometry": {"type": "LineString", "coordinates": [[-110.72383, 32.41975], [-110.72268, 32.41837], [-110.72255, 32.41627], [-110.72032, 32.41495], [-110.71489, 32.41685], [-110.71233, 32.41956], [-110.71183, 32.41919], [-110.71274, 32.41837], [-110.71201, 32.41541], [-110.70818, 32.41488], [-110.70748, 32.41321], [-110.71361, 32.41378], [-110.71489, 32.41279], [-110.71616, 32.41357], [-110.71717, 32.41186], [-110.72032, 32.41147], [-110.72223, 32.41168], [-110.72383, 32.41325], [-110.72383, 32.41035], [-110.72702, 32.41058], [-110.7299, 32.41205], [-110.73128, 32.41512], [-110.73311, 32.41674], [-110.73245, 32.41746], [-110.73086, 32.41599], [-110.72798, 32.41555], [-110.72747, 32.41729], [-110.72558, 32.41837], [-110.72555, 32.41919], [-110.72383, 32.41975]]}}, {"type": "Feature", "properties": {"elev": 2500.0, "index": true}, "geometry": {"type": "LineString", "coordinates": [[-110.73501, 32.41799], [-110.73469, 32.41714], [-110.73501, 32.41799]]}}, {"type": "Feature", "properties": {"elev": 2500.0, "index": true}, "geometry": {"type": "LineString", "coordinates": [[-110.72702, 32.40903], [-110.72734, 32.40819], [-110.72773, 32.4086], [-110.72702, 32.40903]]}}, {"type": "Feature", "properties": {"elev": 2600.0, "index": false}, "geometry": {"type": "LineString", "coordinates": [[-110.78962, 32.45218], [-110.78962, 32.44948], [-110.79229, 32.45122], [-110.79186, 32.45163], [-110.79154, 32.45091], [-110.78962, 32.45218]]}}, {"type": "Feature", "properties": {"elev": 2600.0, "index": false}, "geometry": {"type": "LineString", "coordinates": [[-110.78387, 32.45157], [-110.78312, 32.45122], [-110.78272, 32.44823], [-110.78505, 32.4466], [-110.78324, 32.44616], [-110.78292, 32.44481], [-110.78132, 32.44598], [-110.78004, 32.44604], [-110.77749, 32.44552], [-110.77777, 32.44443], [-110.77621, 32.44375], [-110.77525, 32.44422], [-110.77365, 32.44265], [-110.77142, 32.44339], [-110.76918, 32.44294], [-110.77206, 32.44203], [-110.77365, 32.44063], [-110.77599, 32.44036], [-110.7727, 32.43775], [-110.77046, 32.43753], [-110.77046, 32.43665], [-110.77174, 32.43607], [-110.77365, 32.43635], [-110.77653, 32.4394], [-110.77749, 32.43929], [-110.77972, 32.43732], [-110.78068, 32.43864], [-110.78324, 32.43823], [-110.78899, 32.43402], [-110.79218, 32.43443], [-110.79346, 32.43337], [-110.79537, 32.43445], [-110.79825, 32.43177], [-110.79889, 32.43248], [-110.8008, 32.43186], [-110.80304, 32.42941], [-110.80655, 32.4292], [-110.8032, 32.43222], [-110.80266, 32.43385], [-110.80083, 32.43466], [-110.79805, 32.43737], [-110.79751, 32.43927], [-110.79881, 32.44063], [-110.79672, 32.44172], [-110.79654, 32.44362], [-110.79716, 32.44443], [-110.79665, 32.44496], [-110.79505, 32.44417], [-110.79282, 32.44505], [-110.79122, 32.44469], [-110.78946, 32.44932], [-110.78611, 32.44907], [-110.78387, 32.45157]]}}, {"type": "Feature", "properties": {"elev": 2600.0, "index": false}, "geometry": {"type": "LineString", "coordinates": [[-110.79346, 32.43286], [-110.79314, 32.43248], [-110.79346, 32.43286]]}}, {"type": "Feature", "properties": {"elev": 2600.0, "index": false}, "geometry": {"type": "LineString", "coordinates": [[-110.71489, 32.41543], [-110.71391, 32.41539], [-110.71489, 32.41543]]}}, {"type": "Feature", "properties": {"elev": 2700.0, "index": false}, "geometry": {"type": "LineString", "coordinates": [[-110.78803, 32.44775], [-110.78724, 32.44769], [-110.78857, 32.44498], [-110.78586, 32.44416], [-110.78639, 32.44253], [-110.78228, 32.44265], [-110.78036, 32.44392], [-110.78004, 32.44287], [-110.77784, 32.44226], [-110.77821, 32.4409], [-110.7794, 32.4398], [-110.78036, 32.44069], [-110.78164, 32.44071], [-110.78228, 32.43976], [-110.78483, 32.43921], [-110.78962, 32.43556], [-110.78994, 32.43668], [-110.79378, 32.43579], [-110.79569, 32.43612], [-110.79504, 32.43982], [-110.79306, 32.44172], [-110.79421, 32.4428], [-110.79026, 32.44321], [-110.78803, 32.44775]]}}, {"type": "Feature", "properties": {"elev": 2700.0, "index": false}, "geometry": {"type": "LineString", "coordinates": [[-110.79505, 32.44317], [-110.79468, 32.4428], [-110.79505, 32.44317]]}}]}